{
  "aggregate": {
    "counters": {
      "vusers.created_by_name.Login Performance Test": 60,
      "vusers.created": 60,
      "browser.page.codes.200": 2826,
      "browser.http_requests": 3646,
      "browser.page.codes.204": 861,
      "browser.page.codes.302": 135,
      "browser.page.codes.304": 253,
      "vusers.failed": 0,
      "vusers.completed": 60
    },
    "rates": {},
    "firstCounterAt": 1745339131245,
    "firstHistogramAt": 1745339132363,
    "lastCounterAt": 1745339176545,
    "lastHistogramAt": 1745339176545,
    "firstMetricAt": 1745339131245,
    "lastMetricAt": 1745339176545,
    "period": 1745339170000,
    "summaries": {
      "browser.page.FCP.https://practice.expandtesting.com/login": {
        "min": 747.4,
        "max": 15850.5,
        "count": 60,
        "mean": 5858.7,
        "p50": 4147.4,
        "median": 4147.4,
        "p75": 7709.8,
        "p90": 12459.8,
        "p95": 14332.3,
        "p99": 15218.6,
        "p999": 15218.6
      },
      "browser.page.TTFB.https://practice.expandtesting.com/login": {
        "min": 366.9,
        "max": 3496.2,
        "count": 60,
        "mean": 1100.1,
        "p50": 1043.3,
        "median": 1043.3,
        "p75": 1353.1,
        "p90": 1465.9,
        "p95": 1720.2,
        "p99": 2276.1,
        "p999": 2276.1
      },
      "browser.page.LCP.https://practice.expandtesting.com/login": {
        "min": 747.4,
        "max": 15850.5,
        "count": 60,
        "mean": 5858.7,
        "p50": 4147.4,
        "median": 4147.4,
        "p75": 7709.8,
        "p90": 12459.8,
        "p95": 14332.3,
        "p99": 15218.6,
        "p999": 15218.6
      },
      "browser.page.FID.https://practice.expandtesting.com/login": {
        "min": 0.4,
        "max": 6.1,
        "count": 60,
        "mean": 0.6,
        "p50": 0.5,
        "median": 0.5,
        "p75": 0.6,
        "p90": 0.7,
        "p95": 0.9,
        "p99": 1,
        "p999": 1
      },
      "browser.page.INP.https://practice.expandtesting.com/login": {
        "min": 8,
        "max": 32,
        "count": 60,
        "mean": 15.5,
        "p50": 16,
        "median": 16,
        "p75": 16,
        "p90": 16,
        "p95": 16,
        "p99": 16,
        "p999": 16
      },
      "browser.page.CLS.https://practice.expandtesting.com/login": {
        "min": 0.1,
        "max": 0.3,
        "count": 60,
        "mean": 0.1,
        "p50": 0.1,
        "median": 0.1,
        "p75": 0.1,
        "p90": 0.2,
        "p95": 0.2,
        "p99": 0.2,
        "p999": 0.2
      },
      "browser.page.FCP.https://practice.expandtesting.com/secure": {
        "min": 874.7,
        "max": 4006.4,
        "count": 60,
        "mean": 1931,
        "p50": 1755,
        "median": 1755,
        "p75": 2465.6,
        "p90": 3395.5,
        "p95": 3395.5,
        "p99": 3828.5,
        "p999": 3828.5
      },
      "vusers.session_length": {
        "min": 4489,
        "max": 20060.9,
        "count": 60,
        "mean": 13000.6,
        "p50": 12711.5,
        "median": 12711.5,
        "p75": 16486.1,
        "p90": 18220,
        "p95": 18963.6,
        "p99": 19737.6,
        "p999": 19737.6
      }
    },
    "histograms": {
      "browser.page.FCP.https://practice.expandtesting.com/login": {
        "min": 747.4,
        "max": 15850.5,
        "count": 60,
        "mean": 5858.7,
        "p50": 4147.4,
        "median": 4147.4,
        "p75": 7709.8,
        "p90": 12459.8,
        "p95": 14332.3,
        "p99": 15218.6,
        "p999": 15218.6
      },
      "browser.page.TTFB.https://practice.expandtesting.com/login": {
        "min": 366.9,
        "max": 3496.2,
        "count": 60,
        "mean": 1100.1,
        "p50": 1043.3,
        "median": 1043.3,
        "p75": 1353.1,
        "p90": 1465.9,
        "p95": 1720.2,
        "p99": 2276.1,
        "p999": 2276.1
      },
      "browser.page.LCP.https://practice.expandtesting.com/login": {
        "min": 747.4,
        "max": 15850.5,
        "count": 60,
        "mean": 5858.7,
        "p50": 4147.4,
        "median": 4147.4,
        "p75": 7709.8,
        "p90": 12459.8,
        "p95": 14332.3,
        "p99": 15218.6,
        "p999": 15218.6
      },
      "browser.page.FID.https://practice.expandtesting.com/login": {
        "min": 0.4,
        "max": 6.1,
        "count": 60,
        "mean": 0.6,
        "p50": 0.5,
        "median": 0.5,
        "p75": 0.6,
        "p90": 0.7,
        "p95": 0.9,
        "p99": 1,
        "p999": 1
      },
      "browser.page.INP.https://practice.expandtesting.com/login": {
        "min": 8,
        "max": 32,
        "count": 60,
        "mean": 15.5,
        "p50": 16,
        "median": 16,
        "p75": 16,
        "p90": 16,
        "p95": 16,
        "p99": 16,
        "p999": 16
      },
      "browser.page.CLS.https://practice.expandtesting.com/login": {
        "min": 0.1,
        "max": 0.3,
        "count": 60,
        "mean": 0.1,
        "p50": 0.1,
        "median": 0.1,
        "p75": 0.1,
        "p90": 0.2,
        "p95": 0.2,
        "p99": 0.2,
        "p999": 0.2
      },
      "browser.page.FCP.https://practice.expandtesting.com/secure": {
        "min": 874.7,
        "max": 4006.4,
        "count": 60,
        "mean": 1931,
        "p50": 1755,
        "median": 1755,
        "p75": 2465.6,
        "p90": 3395.5,
        "p95": 3395.5,
        "p99": 3828.5,
        "p999": 3828.5
      },
      "vusers.session_length": {
        "min": 4489,
        "max": 20060.9,
        "count": 60,
        "mean": 13000.6,
        "p50": 12711.5,
        "median": 12711.5,
        "p75": 16486.1,
        "p90": 18220,
        "p95": 18963.6,
        "p99": 19737.6,
        "p999": 19737.6
      }
    }
  },
  "intermediate": [
    {
      "counters": {
        "vusers.created_by_name.Login Performance Test": 18,
        "vusers.created": 18,
        "browser.page.codes.200": 393,
        "browser.http_requests": 472,
        "browser.page.codes.204": 85,
        "browser.page.codes.302": 10,
        "browser.page.codes.304": 23,
        "vusers.failed": 0,
        "vusers.completed": 5
      },
      "rates": {},
      "firstCounterAt": 1745339131245,
      "firstHistogramAt": 1745339132363,
      "lastCounterAt": 1745339139942,
      "lastHistogramAt": 1745339139995,
      "firstMetricAt": 1745339131245,
      "lastMetricAt": 1745339139995,
      "period": "1745339130000",
      "summaries": {
        "browser.page.FCP.https://practice.expandtesting.com/login": {
          "min": 747.4,
          "max": 3398.9,
          "count": 10,
          "mean": 1513,
          "p50": 854.2,
          "median": 854.2,
          "p75": 1525.7,
          "p90": 3328.3,
          "p95": 3328.3,
          "p99": 3328.3,
          "p999": 3328.3
        },
        "browser.page.TTFB.https://practice.expandtesting.com/login": {
          "min": 366.9,
          "max": 683.9,
          "count": 7,
          "mean": 466.9,
          "p50": 415.8,
          "median": 415.8,
          "p75": 497.8,
          "p90": 539.2,
          "p95": 539.2,
          "p99": 539.2,
          "p999": 539.2
        },
        "browser.page.LCP.https://practice.expandtesting.com/login": {
          "min": 747.4,
          "max": 1567.2,
          "count": 7,
          "mean": 980,
          "p50": 820.7,
          "median": 820.7,
          "p75": 854.2,
          "p90": 1300.1,
          "p95": 1300.1,
          "p99": 1300.1,
          "p999": 1300.1
        },
        "browser.page.FID.https://practice.expandtesting.com/login": {
          "min": 0.4,
          "max": 0.9,
          "count": 7,
          "mean": 0.5,
          "p50": 0.5,
          "median": 0.5,
          "p75": 0.5,
          "p90": 0.5,
          "p95": 0.5,
          "p99": 0.5,
          "p999": 0.5
        },
        "browser.page.INP.https://practice.expandtesting.com/login": {
          "min": 16,
          "max": 16,
          "count": 5,
          "mean": 16,
          "p50": 16,
          "median": 16,
          "p75": 16,
          "p90": 16,
          "p95": 16,
          "p99": 16,
          "p999": 16
        },
        "browser.page.CLS.https://practice.expandtesting.com/login": {
          "min": 0.1,
          "max": 0.1,
          "count": 5,
          "mean": 0.1,
          "p50": 0.1,
          "median": 0.1,
          "p75": 0.1,
          "p90": 0.1,
          "p95": 0.1,
          "p99": 0.1,
          "p999": 0.1
        },
        "browser.page.FCP.https://practice.expandtesting.com/secure": {
          "min": 1060.9,
          "max": 1783.1,
          "count": 5,
          "mean": 1354.2,
          "p50": 1326.4,
          "median": 1326.4,
          "p75": 1465.9,
          "p90": 1465.9,
          "p95": 1465.9,
          "p99": 1465.9,
          "p999": 1465.9
        },
        "vusers.session_length": {
          "min": 4489,
          "max": 4801.5,
          "count": 5,
          "mean": 4600.3,
          "p50": 4583.6,
          "median": 4583.6,
          "p75": 4583.6,
          "p90": 4583.6,
          "p95": 4583.6,
          "p99": 4583.6,
          "p999": 4583.6
        }
      },
      "histograms": {
        "browser.page.FCP.https://practice.expandtesting.com/login": {
          "min": 747.4,
          "max": 3398.9,
          "count": 10,
          "mean": 1513,
          "p50": 854.2,
          "median": 854.2,
          "p75": 1525.7,
          "p90": 3328.3,
          "p95": 3328.3,
          "p99": 3328.3,
          "p999": 3328.3
        },
        "browser.page.TTFB.https://practice.expandtesting.com/login": {
          "min": 366.9,
          "max": 683.9,
          "count": 7,
          "mean": 466.9,
          "p50": 415.8,
          "median": 415.8,
          "p75": 497.8,
          "p90": 539.2,
          "p95": 539.2,
          "p99": 539.2,
          "p999": 539.2
        },
        "browser.page.LCP.https://practice.expandtesting.com/login": {
          "min": 747.4,
          "max": 1567.2,
          "count": 7,
          "mean": 980,
          "p50": 820.7,
          "median": 820.7,
          "p75": 854.2,
          "p90": 1300.1,
          "p95": 1300.1,
          "p99": 1300.1,
          "p999": 1300.1
        },
        "browser.page.FID.https://practice.expandtesting.com/login": {
          "min": 0.4,
          "max": 0.9,
          "count": 7,
          "mean": 0.5,
          "p50": 0.5,
          "median": 0.5,
          "p75": 0.5,
          "p90": 0.5,
          "p95": 0.5,
          "p99": 0.5,
          "p999": 0.5
        },
        "browser.page.INP.https://practice.expandtesting.com/login": {
          "min": 16,
          "max": 16,
          "count": 5,
          "mean": 16,
          "p50": 16,
          "median": 16,
          "p75": 16,
          "p90": 16,
          "p95": 16,
          "p99": 16,
          "p999": 16
        },
        "browser.page.CLS.https://practice.expandtesting.com/login": {
          "min": 0.1,
          "max": 0.1,
          "count": 5,
          "mean": 0.1,
          "p50": 0.1,
          "median": 0.1,
          "p75": 0.1,
          "p90": 0.1,
          "p95": 0.1,
          "p99": 0.1,
          "p999": 0.1
        },
        "browser.page.FCP.https://practice.expandtesting.com/secure": {
          "min": 1060.9,
          "max": 1783.1,
          "count": 5,
          "mean": 1354.2,
          "p50": 1326.4,
          "median": 1326.4,
          "p75": 1465.9,
          "p90": 1465.9,
          "p95": 1465.9,
          "p99": 1465.9,
          "p999": 1465.9
        },
        "vusers.session_length": {
          "min": 4489,
          "max": 4801.5,
          "count": 5,
          "mean": 4600.3,
          "p50": 4583.6,
          "median": 4583.6,
          "p75": 4583.6,
          "p90": 4583.6,
          "p95": 4583.6,
          "p99": 4583.6,
          "p999": 4583.6
        }
      }
    },
    {
      "counters": {
        "browser.page.codes.200": 718,
        "browser.http_requests": 908,
        "browser.page.codes.302": 33,
        "browser.page.codes.204": 218,
        "vusers.created_by_name.Login Performance Test": 20,
        "vusers.created": 20,
        "browser.page.codes.304": 50,
        "vusers.failed": 0,
        "vusers.completed": 13
      },
      "rates": {},
      "firstCounterAt": 1745339140030,
      "firstHistogramAt": 1745339140397,
      "lastCounterAt": 1745339149996,
      "lastHistogramAt": 1745339149650,
      "firstMetricAt": 1745339140030,
      "lastMetricAt": 1745339149996,
      "period": "1745339140000",
      "summaries": {
        "browser.page.FCP.https://practice.expandtesting.com/login": {
          "min": 2556.3,
          "max": 4208.5,
          "count": 20,
          "mean": 3428,
          "p50": 3134.5,
          "median": 3134.5,
          "p75": 4065.2,
          "p90": 4147.4,
          "p95": 4231.1,
          "p99": 4231.1,
          "p999": 4231.1
        },
        "browser.page.TTFB.https://practice.expandtesting.com/login": {
          "min": 606.7,
          "max": 1362,
          "count": 14,
          "mean": 928.8,
          "p50": 820.7,
          "median": 820.7,
          "p75": 1085.9,
          "p90": 1326.4,
          "p95": 1326.4,
          "p99": 1326.4,
          "p999": 1326.4
        },
        "browser.page.INP.https://practice.expandtesting.com/login": {
          "min": 8,
          "max": 16,
          "count": 14,
          "mean": 15.4,
          "p50": 16,
          "median": 16,
          "p75": 16,
          "p90": 16,
          "p95": 16,
          "p99": 16,
          "p999": 16
        },
        "browser.page.CLS.https://practice.expandtesting.com/login": {
          "min": 0.1,
          "max": 0.3,
          "count": 14,
          "mean": 0.1,
          "p50": 0.1,
          "median": 0.1,
          "p75": 0.1,
          "p90": 0.2,
          "p95": 0.2,
          "p99": 0.2,
          "p999": 0.2
        },
        "browser.page.LCP.https://practice.expandtesting.com/login": {
          "min": 1522.8,
          "max": 4176.7,
          "count": 13,
          "mean": 3118.4,
          "p50": 3072.4,
          "median": 3072.4,
          "p75": 3395.5,
          "p90": 4065.2,
          "p95": 4147.4,
          "p99": 4147.4,
          "p999": 4147.4
        },
        "browser.page.FID.https://practice.expandtesting.com/login": {
          "min": 0.4,
          "max": 0.6,
          "count": 13,
          "mean": 0.5,
          "p50": 0.5,
          "median": 0.5,
          "p75": 0.6,
          "p90": 0.6,
          "p95": 0.6,
          "p99": 0.6,
          "p999": 0.6
        },
        "browser.page.FCP.https://practice.expandtesting.com/secure": {
          "min": 1456.8,
          "max": 3371.2,
          "count": 13,
          "mean": 1954,
          "p50": 1755,
          "median": 1755,
          "p75": 1863.5,
          "p90": 2231,
          "p95": 3262.4,
          "p99": 3262.4,
          "p999": 3262.4
        },
        "vusers.session_length": {
          "min": 7182.6,
          "max": 12621.9,
          "count": 13,
          "mean": 9764,
          "p50": 9801.2,
          "median": 9801.2,
          "p75": 10407.3,
          "p90": 10832,
          "p95": 11050.8,
          "p99": 11050.8,
          "p999": 11050.8
        }
      },
      "histograms": {
        "browser.page.FCP.https://practice.expandtesting.com/login": {
          "min": 2556.3,
          "max": 4208.5,
          "count": 20,
          "mean": 3428,
          "p50": 3134.5,
          "median": 3134.5,
          "p75": 4065.2,
          "p90": 4147.4,
          "p95": 4231.1,
          "p99": 4231.1,
          "p999": 4231.1
        },
        "browser.page.TTFB.https://practice.expandtesting.com/login": {
          "min": 606.7,
          "max": 1362,
          "count": 14,
          "mean": 928.8,
          "p50": 820.7,
          "median": 820.7,
          "p75": 1085.9,
          "p90": 1326.4,
          "p95": 1326.4,
          "p99": 1326.4,
          "p999": 1326.4
        },
        "browser.page.INP.https://practice.expandtesting.com/login": {
          "min": 8,
          "max": 16,
          "count": 14,
          "mean": 15.4,
          "p50": 16,
          "median": 16,
          "p75": 16,
          "p90": 16,
          "p95": 16,
          "p99": 16,
          "p999": 16
        },
        "browser.page.CLS.https://practice.expandtesting.com/login": {
          "min": 0.1,
          "max": 0.3,
          "count": 14,
          "mean": 0.1,
          "p50": 0.1,
          "median": 0.1,
          "p75": 0.1,
          "p90": 0.2,
          "p95": 0.2,
          "p99": 0.2,
          "p999": 0.2
        },
        "browser.page.LCP.https://practice.expandtesting.com/login": {
          "min": 1522.8,
          "max": 4176.7,
          "count": 13,
          "mean": 3118.4,
          "p50": 3072.4,
          "median": 3072.4,
          "p75": 3395.5,
          "p90": 4065.2,
          "p95": 4147.4,
          "p99": 4147.4,
          "p999": 4147.4
        },
        "browser.page.FID.https://practice.expandtesting.com/login": {
          "min": 0.4,
          "max": 0.6,
          "count": 13,
          "mean": 0.5,
          "p50": 0.5,
          "median": 0.5,
          "p75": 0.6,
          "p90": 0.6,
          "p95": 0.6,
          "p99": 0.6,
          "p999": 0.6
        },
        "browser.page.FCP.https://practice.expandtesting.com/secure": {
          "min": 1456.8,
          "max": 3371.2,
          "count": 13,
          "mean": 1954,
          "p50": 1755,
          "median": 1755,
          "p75": 1863.5,
          "p90": 2231,
          "p95": 3262.4,
          "p99": 3262.4,
          "p999": 3262.4
        },
        "vusers.session_length": {
          "min": 7182.6,
          "max": 12621.9,
          "count": 13,
          "mean": 9764,
          "p50": 9801.2,
          "median": 9801.2,
          "p75": 10407.3,
          "p90": 10832,
          "p95": 11050.8,
          "p99": 11050.8,
          "p999": 11050.8
        }
      }
    },
    {
      "counters": {
        "browser.page.codes.200": 716,
        "browser.http_requests": 902,
        "browser.page.codes.204": 212,
        "vusers.created_by_name.Login Performance Test": 20,
        "vusers.created": 20,
        "browser.page.codes.302": 35,
        "browser.page.codes.304": 55,
        "vusers.failed": 0,
        "vusers.completed": 14
      },
      "rates": {},
      "firstCounterAt": 1745339150000,
      "firstHistogramAt": 1745339150101,
      "lastCounterAt": 1745339159986,
      "lastHistogramAt": 1745339159874,
      "firstMetricAt": 1745339150000,
      "lastMetricAt": 1745339159986,
      "period": "1745339150000",
      "summaries": {
        "browser.page.LCP.https://practice.expandtesting.com/login": {
          "min": 3034.7,
          "max": 4986.1,
          "count": 14,
          "mean": 3849.9,
          "p50": 3905.8,
          "median": 3905.8,
          "p75": 4147.4,
          "p90": 4231.1,
          "p95": 4770.6,
          "p99": 4770.6,
          "p999": 4770.6
        },
        "browser.page.FID.https://practice.expandtesting.com/login": {
          "min": 0.4,
          "max": 0.9,
          "count": 14,
          "mean": 0.5,
          "p50": 0.5,
          "median": 0.5,
          "p75": 0.5,
          "p90": 0.6,
          "p95": 0.7,
          "p99": 0.7,
          "p999": 0.7
        },
        "browser.page.TTFB.https://practice.expandtesting.com/login": {
          "min": 791.2,
          "max": 2276.1,
          "count": 14,
          "mean": 1156.6,
          "p50": 1002.4,
          "median": 1002.4,
          "p75": 1153.1,
          "p90": 1353.1,
          "p95": 1525.7,
          "p99": 1525.7,
          "p999": 1525.7
        },
        "browser.page.FCP.https://practice.expandtesting.com/login": {
          "min": 2927.7,
          "max": 7533.6,
          "count": 13,
          "mean": 5251.3,
          "p50": 4965.3,
          "median": 4965.3,
          "p75": 6439.7,
          "p90": 6569.8,
          "p95": 6976.1,
          "p99": 6976.1,
          "p999": 6976.1
        },
        "browser.page.INP.https://practice.expandtesting.com/login": {
          "min": 8,
          "max": 16,
          "count": 14,
          "mean": 14.9,
          "p50": 16,
          "median": 16,
          "p75": 16,
          "p90": 16,
          "p95": 16,
          "p99": 16,
          "p999": 16
        },
        "browser.page.CLS.https://practice.expandtesting.com/login": {
          "min": 0.1,
          "max": 0.2,
          "count": 14,
          "mean": 0.1,
          "p50": 0.1,
          "median": 0.1,
          "p75": 0.1,
          "p90": 0.1,
          "p95": 0.2,
          "p99": 0.2,
          "p999": 0.2
        },
        "browser.page.FCP.https://practice.expandtesting.com/secure": {
          "min": 1407.7,
          "max": 4006.4,
          "count": 15,
          "mean": 2656.7,
          "p50": 2465.6,
          "median": 2465.6,
          "p75": 3328.3,
          "p90": 3395.5,
          "p95": 3828.5,
          "p99": 3828.5,
          "p999": 3828.5
        },
        "vusers.session_length": {
          "min": 8037.1,
          "max": 18984.2,
          "count": 14,
          "mean": 12170.9,
          "p50": 12213.1,
          "median": 12213.1,
          "p75": 12711.5,
          "p90": 13497.6,
          "p95": 13497.6,
          "p99": 13497.6,
          "p999": 13497.6
        }
      },
      "histograms": {
        "browser.page.LCP.https://practice.expandtesting.com/login": {
          "min": 3034.7,
          "max": 4986.1,
          "count": 14,
          "mean": 3849.9,
          "p50": 3905.8,
          "median": 3905.8,
          "p75": 4147.4,
          "p90": 4231.1,
          "p95": 4770.6,
          "p99": 4770.6,
          "p999": 4770.6
        },
        "browser.page.FID.https://practice.expandtesting.com/login": {
          "min": 0.4,
          "max": 0.9,
          "count": 14,
          "mean": 0.5,
          "p50": 0.5,
          "median": 0.5,
          "p75": 0.5,
          "p90": 0.6,
          "p95": 0.7,
          "p99": 0.7,
          "p999": 0.7
        },
        "browser.page.TTFB.https://practice.expandtesting.com/login": {
          "min": 791.2,
          "max": 2276.1,
          "count": 14,
          "mean": 1156.6,
          "p50": 1002.4,
          "median": 1002.4,
          "p75": 1153.1,
          "p90": 1353.1,
          "p95": 1525.7,
          "p99": 1525.7,
          "p999": 1525.7
        },
        "browser.page.FCP.https://practice.expandtesting.com/login": {
          "min": 2927.7,
          "max": 7533.6,
          "count": 13,
          "mean": 5251.3,
          "p50": 4965.3,
          "median": 4965.3,
          "p75": 6439.7,
          "p90": 6569.8,
          "p95": 6976.1,
          "p99": 6976.1,
          "p999": 6976.1
        },
        "browser.page.INP.https://practice.expandtesting.com/login": {
          "min": 8,
          "max": 16,
          "count": 14,
          "mean": 14.9,
          "p50": 16,
          "median": 16,
          "p75": 16,
          "p90": 16,
          "p95": 16,
          "p99": 16,
          "p999": 16
        },
        "browser.page.CLS.https://practice.expandtesting.com/login": {
          "min": 0.1,
          "max": 0.2,
          "count": 14,
          "mean": 0.1,
          "p50": 0.1,
          "median": 0.1,
          "p75": 0.1,
          "p90": 0.1,
          "p95": 0.2,
          "p99": 0.2,
          "p999": 0.2
        },
        "browser.page.FCP.https://practice.expandtesting.com/secure": {
          "min": 1407.7,
          "max": 4006.4,
          "count": 15,
          "mean": 2656.7,
          "p50": 2465.6,
          "median": 2465.6,
          "p75": 3328.3,
          "p90": 3395.5,
          "p95": 3828.5,
          "p99": 3828.5,
          "p999": 3828.5
        },
        "vusers.session_length": {
          "min": 8037.1,
          "max": 18984.2,
          "count": 14,
          "mean": 12170.9,
          "p50": 12213.1,
          "median": 12213.1,
          "p75": 12711.5,
          "p90": 13497.6,
          "p95": 13497.6,
          "p99": 13497.6,
          "p999": 13497.6
        }
      }
    },
    {
      "counters": {
        "browser.page.codes.200": 496,
        "browser.http_requests": 633,
        "browser.page.codes.204": 156,
        "vusers.created_by_name.Login Performance Test": 2,
        "vusers.created": 2,
        "browser.page.codes.302": 27,
        "browser.page.codes.304": 36,
        "vusers.failed": 0,
        "vusers.completed": 11
      },
      "rates": {},
      "firstCounterAt": 1745339160011,
      "firstHistogramAt": 1745339160011,
      "lastCounterAt": 1745339169985,
      "lastHistogramAt": 1745339169917,
      "firstMetricAt": 1745339160011,
      "lastMetricAt": 1745339169985,
      "period": "1745339160000",
      "summaries": {
        "browser.page.TTFB.https://practice.expandtesting.com/login": {
          "min": 629.7,
          "max": 1850.5,
          "count": 15,
          "mean": 1206.4,
          "p50": 1130.2,
          "median": 1130.2,
          "p75": 1380.5,
          "p90": 1436.8,
          "p95": 1465.9,
          "p99": 1465.9,
          "p999": 1465.9
        },
        "browser.page.FCP.https://practice.expandtesting.com/login": {
          "min": 6776.9,
          "max": 14456.2,
          "count": 10,
          "mean": 10620.8,
          "p50": 11050.8,
          "median": 11050.8,
          "p75": 11501.8,
          "p90": 12459.8,
          "p95": 12459.8,
          "p99": 12459.8,
          "p999": 12459.8
        },
        "browser.page.INP.https://practice.expandtesting.com/login": {
          "min": 16,
          "max": 32,
          "count": 11,
          "mean": 17.5,
          "p50": 16,
          "median": 16,
          "p75": 16,
          "p90": 16,
          "p95": 16,
          "p99": 16,
          "p999": 16
        },
        "browser.page.CLS.https://practice.expandtesting.com/login": {
          "min": 0.1,
          "max": 0.2,
          "count": 11,
          "mean": 0.1,
          "p50": 0.1,
          "median": 0.1,
          "p75": 0.1,
          "p90": 0.2,
          "p95": 0.2,
          "p99": 0.2,
          "p999": 0.2
        },
        "browser.page.LCP.https://practice.expandtesting.com/login": {
          "min": 2927.7,
          "max": 11569.5,
          "count": 13,
          "mean": 6541.6,
          "p50": 6569.8,
          "median": 6569.8,
          "p75": 7557.1,
          "p90": 7709.8,
          "p95": 8186.6,
          "p99": 8186.6,
          "p999": 8186.6
        },
        "browser.page.FID.https://practice.expandtesting.com/login": {
          "min": 0.4,
          "max": 1,
          "count": 13,
          "mean": 0.6,
          "p50": 0.6,
          "median": 0.6,
          "p75": 0.7,
          "p90": 0.7,
          "p95": 0.8,
          "p99": 0.8,
          "p999": 0.8
        },
        "browser.page.FCP.https://practice.expandtesting.com/secure": {
          "min": 1473.7,
          "max": 3530.7,
          "count": 10,
          "mean": 2559.8,
          "p50": 2515.5,
          "median": 2515.5,
          "p75": 3011.6,
          "p90": 3395.5,
          "p95": 3395.5,
          "p99": 3395.5,
          "p999": 3395.5
        },
        "vusers.session_length": {
          "min": 12765.1,
          "max": 18360.9,
          "count": 11,
          "mean": 15427.9,
          "p50": 15218.6,
          "median": 15218.6,
          "p75": 16486.1,
          "p90": 18220,
          "p95": 18220,
          "p99": 18220,
          "p999": 18220
        }
      },
      "histograms": {
        "browser.page.TTFB.https://practice.expandtesting.com/login": {
          "min": 629.7,
          "max": 1850.5,
          "count": 15,
          "mean": 1206.4,
          "p50": 1130.2,
          "median": 1130.2,
          "p75": 1380.5,
          "p90": 1436.8,
          "p95": 1465.9,
          "p99": 1465.9,
          "p999": 1465.9
        },
        "browser.page.FCP.https://practice.expandtesting.com/login": {
          "min": 6776.9,
          "max": 14456.2,
          "count": 10,
          "mean": 10620.8,
          "p50": 11050.8,
          "median": 11050.8,
          "p75": 11501.8,
          "p90": 12459.8,
          "p95": 12459.8,
          "p99": 12459.8,
          "p999": 12459.8
        },
        "browser.page.INP.https://practice.expandtesting.com/login": {
          "min": 16,
          "max": 32,
          "count": 11,
          "mean": 17.5,
          "p50": 16,
          "median": 16,
          "p75": 16,
          "p90": 16,
          "p95": 16,
          "p99": 16,
          "p999": 16
        },
        "browser.page.CLS.https://practice.expandtesting.com/login": {
          "min": 0.1,
          "max": 0.2,
          "count": 11,
          "mean": 0.1,
          "p50": 0.1,
          "median": 0.1,
          "p75": 0.1,
          "p90": 0.2,
          "p95": 0.2,
          "p99": 0.2,
          "p999": 0.2
        },
        "browser.page.LCP.https://practice.expandtesting.com/login": {
          "min": 2927.7,
          "max": 11569.5,
          "count": 13,
          "mean": 6541.6,
          "p50": 6569.8,
          "median": 6569.8,
          "p75": 7557.1,
          "p90": 7709.8,
          "p95": 8186.6,
          "p99": 8186.6,
          "p999": 8186.6
        },
        "browser.page.FID.https://practice.expandtesting.com/login": {
          "min": 0.4,
          "max": 1,
          "count": 13,
          "mean": 0.6,
          "p50": 0.6,
          "median": 0.6,
          "p75": 0.7,
          "p90": 0.7,
          "p95": 0.8,
          "p99": 0.8,
          "p999": 0.8
        },
        "browser.page.FCP.https://practice.expandtesting.com/secure": {
          "min": 1473.7,
          "max": 3530.7,
          "count": 10,
          "mean": 2559.8,
          "p50": 2515.5,
          "median": 2515.5,
          "p75": 3011.6,
          "p90": 3395.5,
          "p95": 3395.5,
          "p99": 3395.5,
          "p999": 3395.5
        },
        "vusers.session_length": {
          "min": 12765.1,
          "max": 18360.9,
          "count": 11,
          "mean": 15427.9,
          "p50": 15218.6,
          "median": 15218.6,
          "p75": 16486.1,
          "p90": 18220,
          "p95": 18220,
          "p99": 18220,
          "p999": 18220
        }
      }
    },
    {
      "counters": {
        "browser.page.codes.200": 503,
        "browser.http_requests": 731,
        "browser.page.codes.204": 190,
        "browser.page.codes.302": 30,
        "browser.page.codes.304": 89,
        "vusers.failed": 0,
        "vusers.completed": 17
      },
      "rates": {},
      "firstCounterAt": 1745339170017,
      "firstHistogramAt": 1745339170164,
      "lastCounterAt": 1745339176545,
      "lastHistogramAt": 1745339176545,
      "firstMetricAt": 1745339170017,
      "lastMetricAt": 1745339176545,
      "period": "1745339170000",
      "summaries": {
        "browser.page.LCP.https://practice.expandtesting.com/login": {
          "min": 10537.8,
          "max": 15850.5,
          "count": 13,
          "mean": 12706.6,
          "p50": 12459.8,
          "median": 12459.8,
          "p75": 14332.3,
          "p90": 14332.3,
          "p95": 15218.6,
          "p99": 15218.6,
          "p999": 15218.6
        },
        "browser.page.FID.https://practice.expandtesting.com/login": {
          "min": 0.4,
          "max": 6.1,
          "count": 13,
          "mean": 0.9,
          "p50": 0.5,
          "median": 0.5,
          "p75": 0.5,
          "p90": 0.6,
          "p95": 0.7,
          "p99": 0.7,
          "p999": 0.7
        },
        "browser.page.INP.https://practice.expandtesting.com/login": {
          "min": 8,
          "max": 16,
          "count": 16,
          "mean": 14.5,
          "p50": 16,
          "median": 16,
          "p75": 16,
          "p90": 16,
          "p95": 16,
          "p99": 16,
          "p999": 16
        },
        "browser.page.CLS.https://practice.expandtesting.com/login": {
          "min": 0.1,
          "max": 0.2,
          "count": 16,
          "mean": 0.1,
          "p50": 0.1,
          "median": 0.1,
          "p75": 0.1,
          "p90": 0.2,
          "p95": 0.2,
          "p99": 0.2,
          "p999": 0.2
        },
        "browser.page.FCP.https://practice.expandtesting.com/secure": {
          "min": 874.7,
          "max": 1247.2,
          "count": 17,
          "mean": 1072.8,
          "p50": 1085.9,
          "median": 1085.9,
          "p75": 1200.1,
          "p90": 1200.1,
          "p95": 1200.1,
          "p99": 1200.1,
          "p999": 1200.1
        },
        "browser.page.FCP.https://practice.expandtesting.com/login": {
          "min": 11158.3,
          "max": 15850.5,
          "count": 7,
          "mean": 13337.1,
          "p50": 13230.3,
          "median": 13230.3,
          "p75": 14332.3,
          "p90": 15218.6,
          "p95": 15218.6,
          "p99": 15218.6,
          "p999": 15218.6
        },
        "vusers.session_length": {
          "min": 13110.1,
          "max": 20060.9,
          "count": 17,
          "mean": 17058.9,
          "p50": 16819.2,
          "median": 16819.2,
          "p75": 18220,
          "p90": 19346.7,
          "p95": 19737.6,
          "p99": 19737.6,
          "p999": 19737.6
        },
        "browser.page.TTFB.https://practice.expandtesting.com/login": {
          "min": 962.9,
          "max": 3496.2,
          "count": 10,
          "mean": 1544.6,
          "p50": 1353.1,
          "median": 1353.1,
          "p75": 1408.4,
          "p90": 1720.2,
          "p95": 1720.2,
          "p99": 1720.2,
          "p999": 1720.2
        }
      },
      "histograms": {
        "browser.page.LCP.https://practice.expandtesting.com/login": {
          "min": 10537.8,
          "max": 15850.5,
          "count": 13,
          "mean": 12706.6,
          "p50": 12459.8,
          "median": 12459.8,
          "p75": 14332.3,
          "p90": 14332.3,
          "p95": 15218.6,
          "p99": 15218.6,
          "p999": 15218.6
        },
        "browser.page.FID.https://practice.expandtesting.com/login": {
          "min": 0.4,
          "max": 6.1,
          "count": 13,
          "mean": 0.9,
          "p50": 0.5,
          "median": 0.5,
          "p75": 0.5,
          "p90": 0.6,
          "p95": 0.7,
          "p99": 0.7,
          "p999": 0.7
        },
        "browser.page.INP.https://practice.expandtesting.com/login": {
          "min": 8,
          "max": 16,
          "count": 16,
          "mean": 14.5,
          "p50": 16,
          "median": 16,
          "p75": 16,
          "p90": 16,
          "p95": 16,
          "p99": 16,
          "p999": 16
        },
        "browser.page.CLS.https://practice.expandtesting.com/login": {
          "min": 0.1,
          "max": 0.2,
          "count": 16,
          "mean": 0.1,
          "p50": 0.1,
          "median": 0.1,
          "p75": 0.1,
          "p90": 0.2,
          "p95": 0.2,
          "p99": 0.2,
          "p999": 0.2
        },
        "browser.page.FCP.https://practice.expandtesting.com/secure": {
          "min": 874.7,
          "max": 1247.2,
          "count": 17,
          "mean": 1072.8,
          "p50": 1085.9,
          "median": 1085.9,
          "p75": 1200.1,
          "p90": 1200.1,
          "p95": 1200.1,
          "p99": 1200.1,
          "p999": 1200.1
        },
        "browser.page.FCP.https://practice.expandtesting.com/login": {
          "min": 11158.3,
          "max": 15850.5,
          "count": 7,
          "mean": 13337.1,
          "p50": 13230.3,
          "median": 13230.3,
          "p75": 14332.3,
          "p90": 15218.6,
          "p95": 15218.6,
          "p99": 15218.6,
          "p999": 15218.6
        },
        "vusers.session_length": {
          "min": 13110.1,
          "max": 20060.9,
          "count": 17,
          "mean": 17058.9,
          "p50": 16819.2,
          "median": 16819.2,
          "p75": 18220,
          "p90": 19346.7,
          "p95": 19737.6,
          "p99": 19737.6,
          "p999": 19737.6
        },
        "browser.page.TTFB.https://practice.expandtesting.com/login": {
          "min": 962.9,
          "max": 3496.2,
          "count": 10,
          "mean": 1544.6,
          "p50": 1353.1,
          "median": 1353.1,
          "p75": 1408.4,
          "p90": 1720.2,
          "p95": 1720.2,
          "p99": 1720.2,
          "p999": 1720.2
        }
      }
    }
  ]
}