{
  "aggregate": {
    "counters": {
      "vusers.created_by_name.Login Performance Test": 30,
      "vusers.created": 30,
      "browser.page.codes.200": 422,
      "browser.http_requests": 445,
      "browser.page.codes.204": 35,
      "browser.page.codes.302": 5,
      "errors.page.goto: Timeout 30000ms exceeded.": 28,
      "vusers.failed": 28,
      "browser.page.codes.304": 8,
      "vusers.completed": 2
    },
    "rates": {},
    "firstCounterAt": 1745384633105,
    "firstHistogramAt": 1745384638211,
    "lastCounterAt": 1745384692135,
    "lastHistogramAt": 1745384683107,
    "firstMetricAt": 1745384633105,
    "lastMetricAt": 1745384692135,
    "period": 1745384690000,
    "summaries": {
      "browser.page.FCP.https://practice.expandtesting.com/login": {
        "min": 4835.9,
        "max": 29515,
        "count": 12,
        "mean": 18972.7,
        "p50": 19737.6,
        "median": 19737.6,
        "p75": 26115.6,
        "p90": 26115.6,
        "p95": 27730.6,
        "p99": 27730.6,
        "p999": 27730.6
      },
      "browser.page.TTFB.https://practice.expandtesting.com/login": {
        "min": 1496,
        "max": 1848.5,
        "count": 2,
        "mean": 1672.3,
        "p50": 1495.5,
        "median": 1495.5,
        "p75": 1495.5,
        "p90": 1495.5,
        "p95": 1495.5,
        "p99": 1495.5,
        "p999": 1495.5
      },
      "browser.page.LCP.https://practice.expandtesting.com/login": {
        "min": 4835.9,
        "max": 4913.2,
        "count": 2,
        "mean": 4874.5,
        "p50": 4867,
        "median": 4867,
        "p75": 4867,
        "p90": 4867,
        "p95": 4867,
        "p99": 4867,
        "p999": 4867
      },
      "browser.page.FID.https://practice.expandtesting.com/login": {
        "min": 0.7,
        "max": 0.7,
        "count": 2,
        "mean": 0.7,
        "p50": 0.7,
        "median": 0.7,
        "p75": 0.7,
        "p90": 0.7,
        "p95": 0.7,
        "p99": 0.7,
        "p999": 0.7
      },
      "browser.page.INP.https://practice.expandtesting.com/login": {
        "min": 16,
        "max": 16,
        "count": 2,
        "mean": 16,
        "p50": 16,
        "median": 16,
        "p75": 16,
        "p90": 16,
        "p95": 16,
        "p99": 16,
        "p999": 16
      },
      "browser.page.CLS.https://practice.expandtesting.com/login": {
        "min": 0.1,
        "max": 0.1,
        "count": 2,
        "mean": 0.1,
        "p50": 0.1,
        "median": 0.1,
        "p75": 0.1,
        "p90": 0.1,
        "p95": 0.1,
        "p99": 0.1,
        "p999": 0.1
      },
      "browser.page.FCP.https://practice.expandtesting.com/secure": {
        "min": 10667.5,
        "max": 27393.2,
        "count": 2,
        "mean": 19030.4,
        "p50": 10617.5,
        "median": 10617.5,
        "p75": 10617.5,
        "p90": 10617.5,
        "p95": 10617.5,
        "p99": 10617.5,
        "p999": 10617.5
      },
      "vusers.session_length": {
        "min": 32882.3,
        "max": 50001.6,
        "count": 2,
        "mean": 41442,
        "p50": 33199.7,
        "median": 33199.7,
        "p75": 33199.7,
        "p90": 33199.7,
        "p95": 33199.7,
        "p99": 33199.7,
        "p999": 33199.7
      }
    },
    "histograms": {
      "browser.page.FCP.https://practice.expandtesting.com/login": {
        "min": 4835.9,
        "max": 29515,
        "count": 12,
        "mean": 18972.7,
        "p50": 19737.6,
        "median": 19737.6,
        "p75": 26115.6,
        "p90": 26115.6,
        "p95": 27730.6,
        "p99": 27730.6,
        "p999": 27730.6
      },
      "browser.page.TTFB.https://practice.expandtesting.com/login": {
        "min": 1496,
        "max": 1848.5,
        "count": 2,
        "mean": 1672.3,
        "p50": 1495.5,
        "median": 1495.5,
        "p75": 1495.5,
        "p90": 1495.5,
        "p95": 1495.5,
        "p99": 1495.5,
        "p999": 1495.5
      },
      "browser.page.LCP.https://practice.expandtesting.com/login": {
        "min": 4835.9,
        "max": 4913.2,
        "count": 2,
        "mean": 4874.5,
        "p50": 4867,
        "median": 4867,
        "p75": 4867,
        "p90": 4867,
        "p95": 4867,
        "p99": 4867,
        "p999": 4867
      },
      "browser.page.FID.https://practice.expandtesting.com/login": {
        "min": 0.7,
        "max": 0.7,
        "count": 2,
        "mean": 0.7,
        "p50": 0.7,
        "median": 0.7,
        "p75": 0.7,
        "p90": 0.7,
        "p95": 0.7,
        "p99": 0.7,
        "p999": 0.7
      },
      "browser.page.INP.https://practice.expandtesting.com/login": {
        "min": 16,
        "max": 16,
        "count": 2,
        "mean": 16,
        "p50": 16,
        "median": 16,
        "p75": 16,
        "p90": 16,
        "p95": 16,
        "p99": 16,
        "p999": 16
      },
      "browser.page.CLS.https://practice.expandtesting.com/login": {
        "min": 0.1,
        "max": 0.1,
        "count": 2,
        "mean": 0.1,
        "p50": 0.1,
        "median": 0.1,
        "p75": 0.1,
        "p90": 0.1,
        "p95": 0.1,
        "p99": 0.1,
        "p999": 0.1
      },
      "browser.page.FCP.https://practice.expandtesting.com/secure": {
        "min": 10667.5,
        "max": 27393.2,
        "count": 2,
        "mean": 19030.4,
        "p50": 10617.5,
        "median": 10617.5,
        "p75": 10617.5,
        "p90": 10617.5,
        "p95": 10617.5,
        "p99": 10617.5,
        "p999": 10617.5
      },
      "vusers.session_length": {
        "min": 32882.3,
        "max": 50001.6,
        "count": 2,
        "mean": 41442,
        "p50": 33199.7,
        "median": 33199.7,
        "p75": 33199.7,
        "p90": 33199.7,
        "p95": 33199.7,
        "p99": 33199.7,
        "p999": 33199.7
      }
    }
  },
  "intermediate": [
    {
      "counters": {
        "vusers.created_by_name.Login Performance Test": 7,
        "vusers.created": 7,
        "browser.page.codes.200": 27,
        "browser.http_requests": 26
      },
      "rates": {},
      "firstCounterAt": 1745384633105,
      "firstHistogramAt": 1745384638211,
      "lastCounterAt": 1745384639850,
      "lastHistogramAt": 1745384638995,
      "firstMetricAt": 1745384633105,
      "lastMetricAt": 1745384639850,
      "period": "1745384630000",
      "summaries": {
        "browser.page.FCP.https://practice.expandtesting.com/login": {
          "min": 4835.9,
          "max": 4913.2,
          "count": 2,
          "mean": 4874.5,
          "p50": 4867,
          "median": 4867,
          "p75": 4867,
          "p90": 4867,
          "p95": 4867,
          "p99": 4867,
          "p999": 4867
        }
      },
      "histograms": {
        "browser.page.FCP.https://practice.expandtesting.com/login": {
          "min": 4835.9,
          "max": 4913.2,
          "count": 2,
          "mean": 4874.5,
          "p50": 4867,
          "median": 4867,
          "p75": 4867,
          "p90": 4867,
          "p95": 4867,
          "p99": 4867,
          "p999": 4867
        }
      }
    },
    {
      "counters": {
        "vusers.created_by_name.Login Performance Test": 10,
        "vusers.created": 10,
        "browser.page.codes.200": 98,
        "browser.http_requests": 97,
        "browser.page.codes.204": 6
      },
      "rates": {},
      "firstCounterAt": 1745384640104,
      "lastCounterAt": 1745384649736,
      "firstMetricAt": 1745384640104,
      "lastMetricAt": 1745384649736,
      "period": "1745384640000",
      "summaries": {},
      "histograms": {}
    },
    {
      "counters": {
        "vusers.created_by_name.Login Performance Test": 10,
        "vusers.created": 10,
        "browser.page.codes.200": 70,
        "browser.http_requests": 76,
        "browser.page.codes.204": 17,
        "browser.page.codes.302": 2
      },
      "rates": {},
      "firstCounterAt": 1745384650104,
      "firstHistogramAt": 1745384651994,
      "lastCounterAt": 1745384659623,
      "lastHistogramAt": 1745384658643,
      "firstMetricAt": 1745384650104,
      "lastMetricAt": 1745384659623,
      "period": "1745384650000",
      "summaries": {
        "browser.page.FCP.https://practice.expandtesting.com/login": {
          "min": 10847.2,
          "max": 22499.2,
          "count": 3,
          "mean": 16065.6,
          "p50": 14917.2,
          "median": 14917.2,
          "p75": 14917.2,
          "p90": 14917.2,
          "p95": 14917.2,
          "p99": 14917.2,
          "p999": 14917.2
        },
        "browser.page.TTFB.https://practice.expandtesting.com/login": {
          "min": 1496,
          "max": 1848.5,
          "count": 2,
          "mean": 1672.3,
          "p50": 1495.5,
          "median": 1495.5,
          "p75": 1495.5,
          "p90": 1495.5,
          "p95": 1495.5,
          "p99": 1495.5,
          "p999": 1495.5
        },
        "browser.page.LCP.https://practice.expandtesting.com/login": {
          "min": 4835.9,
          "max": 4913.2,
          "count": 2,
          "mean": 4874.5,
          "p50": 4867,
          "median": 4867,
          "p75": 4867,
          "p90": 4867,
          "p95": 4867,
          "p99": 4867,
          "p999": 4867
        },
        "browser.page.FID.https://practice.expandtesting.com/login": {
          "min": 0.7,
          "max": 0.7,
          "count": 2,
          "mean": 0.7,
          "p50": 0.7,
          "median": 0.7,
          "p75": 0.7,
          "p90": 0.7,
          "p95": 0.7,
          "p99": 0.7,
          "p999": 0.7
        }
      },
      "histograms": {
        "browser.page.FCP.https://practice.expandtesting.com/login": {
          "min": 10847.2,
          "max": 22499.2,
          "count": 3,
          "mean": 16065.6,
          "p50": 14917.2,
          "median": 14917.2,
          "p75": 14917.2,
          "p90": 14917.2,
          "p95": 14917.2,
          "p99": 14917.2,
          "p999": 14917.2
        },
        "browser.page.TTFB.https://practice.expandtesting.com/login": {
          "min": 1496,
          "max": 1848.5,
          "count": 2,
          "mean": 1672.3,
          "p50": 1495.5,
          "median": 1495.5,
          "p75": 1495.5,
          "p90": 1495.5,
          "p95": 1495.5,
          "p99": 1495.5,
          "p999": 1495.5
        },
        "browser.page.LCP.https://practice.expandtesting.com/login": {
          "min": 4835.9,
          "max": 4913.2,
          "count": 2,
          "mean": 4874.5,
          "p50": 4867,
          "median": 4867,
          "p75": 4867,
          "p90": 4867,
          "p95": 4867,
          "p99": 4867,
          "p999": 4867
        },
        "browser.page.FID.https://practice.expandtesting.com/login": {
          "min": 0.7,
          "max": 0.7,
          "count": 2,
          "mean": 0.7,
          "p50": 0.7,
          "median": 0.7,
          "p75": 0.7,
          "p90": 0.7,
          "p95": 0.7,
          "p99": 0.7,
          "p999": 0.7
        }
      }
    },
    {
      "counters": {
        "browser.page.codes.200": 88,
        "browser.http_requests": 94,
        "vusers.created_by_name.Login Performance Test": 3,
        "vusers.created": 3,
        "browser.page.codes.302": 3,
        "errors.page.goto: Timeout 30000ms exceeded.": 5,
        "vusers.failed": 5,
        "browser.page.codes.204": 6,
        "browser.page.codes.304": 4,
        "vusers.completed": 1
      },
      "rates": {},
      "firstCounterAt": 1745384660018,
      "firstHistogramAt": 1745384666166,
      "lastCounterAt": 1745384669847,
      "lastHistogramAt": 1745384669493,
      "firstMetricAt": 1745384660018,
      "lastMetricAt": 1745384669847,
      "period": "1745384660000",
      "summaries": {
        "browser.page.INP.https://practice.expandtesting.com/login": {
          "min": 16,
          "max": 16,
          "count": 1,
          "mean": 16,
          "p50": 16,
          "median": 16,
          "p75": 16,
          "p90": 16,
          "p95": 16,
          "p99": 16,
          "p999": 16
        },
        "browser.page.CLS.https://practice.expandtesting.com/login": {
          "min": 0.1,
          "max": 0.1,
          "count": 1,
          "mean": 0.1,
          "p50": 0.1,
          "median": 0.1,
          "p75": 0.1,
          "p90": 0.1,
          "p95": 0.1,
          "p99": 0.1,
          "p999": 0.1
        },
        "browser.page.FCP.https://practice.expandtesting.com/secure": {
          "min": 10667.5,
          "max": 10667.5,
          "count": 1,
          "mean": 10667.5,
          "p50": 10617.5,
          "median": 10617.5,
          "p75": 10617.5,
          "p90": 10617.5,
          "p95": 10617.5,
          "p99": 10617.5,
          "p999": 10617.5
        },
        "vusers.session_length": {
          "min": 32882.3,
          "max": 32882.3,
          "count": 1,
          "mean": 32882.3,
          "p50": 33199.7,
          "median": 33199.7,
          "p75": 33199.7,
          "p90": 33199.7,
          "p95": 33199.7,
          "p99": 33199.7,
          "p999": 33199.7
        },
        "browser.page.FCP.https://practice.expandtesting.com/login": {
          "min": 26345.6,
          "max": 29515,
          "count": 2,
          "mean": 27930.3,
          "p50": 26115.6,
          "median": 26115.6,
          "p75": 26115.6,
          "p90": 26115.6,
          "p95": 26115.6,
          "p99": 26115.6,
          "p999": 26115.6
        }
      },
      "histograms": {
        "browser.page.INP.https://practice.expandtesting.com/login": {
          "min": 16,
          "max": 16,
          "count": 1,
          "mean": 16,
          "p50": 16,
          "median": 16,
          "p75": 16,
          "p90": 16,
          "p95": 16,
          "p99": 16,
          "p999": 16
        },
        "browser.page.CLS.https://practice.expandtesting.com/login": {
          "min": 0.1,
          "max": 0.1,
          "count": 1,
          "mean": 0.1,
          "p50": 0.1,
          "median": 0.1,
          "p75": 0.1,
          "p90": 0.1,
          "p95": 0.1,
          "p99": 0.1,
          "p999": 0.1
        },
        "browser.page.FCP.https://practice.expandtesting.com/secure": {
          "min": 10667.5,
          "max": 10667.5,
          "count": 1,
          "mean": 10667.5,
          "p50": 10617.5,
          "median": 10617.5,
          "p75": 10617.5,
          "p90": 10617.5,
          "p95": 10617.5,
          "p99": 10617.5,
          "p999": 10617.5
        },
        "vusers.session_length": {
          "min": 32882.3,
          "max": 32882.3,
          "count": 1,
          "mean": 32882.3,
          "p50": 33199.7,
          "median": 33199.7,
          "p75": 33199.7,
          "p90": 33199.7,
          "p95": 33199.7,
          "p99": 33199.7,
          "p999": 33199.7
        },
        "browser.page.FCP.https://practice.expandtesting.com/login": {
          "min": 26345.6,
          "max": 29515,
          "count": 2,
          "mean": 27930.3,
          "p50": 26115.6,
          "median": 26115.6,
          "p75": 26115.6,
          "p90": 26115.6,
          "p95": 26115.6,
          "p99": 26115.6,
          "p999": 26115.6
        }
      }
    },
    {
      "counters": {
        "browser.page.codes.204": 2,
        "browser.http_requests": 96,
        "errors.page.goto: Timeout 30000ms exceeded.": 10,
        "vusers.failed": 10,
        "browser.page.codes.200": 91
      },
      "rates": {},
      "firstCounterAt": 1745384670054,
      "firstHistogramAt": 1745384672700,
      "lastCounterAt": 1745384679784,
      "lastHistogramAt": 1745384672700,
      "firstMetricAt": 1745384670054,
      "lastMetricAt": 1745384679784,
      "period": "1745384670000",
      "summaries": {
        "browser.page.INP.https://practice.expandtesting.com/login": {
          "min": 16,
          "max": 16,
          "count": 1,
          "mean": 16,
          "p50": 16,
          "median": 16,
          "p75": 16,
          "p90": 16,
          "p95": 16,
          "p99": 16,
          "p999": 16
        },
        "browser.page.CLS.https://practice.expandtesting.com/login": {
          "min": 0.1,
          "max": 0.1,
          "count": 1,
          "mean": 0.1,
          "p50": 0.1,
          "median": 0.1,
          "p75": 0.1,
          "p90": 0.1,
          "p95": 0.1,
          "p99": 0.1,
          "p999": 0.1
        }
      },
      "histograms": {
        "browser.page.INP.https://practice.expandtesting.com/login": {
          "min": 16,
          "max": 16,
          "count": 1,
          "mean": 16,
          "p50": 16,
          "median": 16,
          "p75": 16,
          "p90": 16,
          "p95": 16,
          "p99": 16,
          "p999": 16
        },
        "browser.page.CLS.https://practice.expandtesting.com/login": {
          "min": 0.1,
          "max": 0.1,
          "count": 1,
          "mean": 0.1,
          "p50": 0.1,
          "median": 0.1,
          "p75": 0.1,
          "p90": 0.1,
          "p95": 0.1,
          "p99": 0.1,
          "p999": 0.1
        }
      }
    },
    {
      "counters": {
        "browser.http_requests": 55,
        "browser.page.codes.200": 47,
        "errors.page.goto: Timeout 30000ms exceeded.": 10,
        "vusers.failed": 10,
        "browser.page.codes.304": 4,
        "vusers.completed": 1,
        "browser.page.codes.204": 2
      },
      "rates": {},
      "firstCounterAt": 1745384680096,
      "firstHistogramAt": 1745384680376,
      "lastCounterAt": 1745384689242,
      "lastHistogramAt": 1745384683107,
      "firstMetricAt": 1745384680096,
      "lastMetricAt": 1745384689242,
      "period": "1745384680000",
      "summaries": {
        "browser.page.FCP.https://practice.expandtesting.com/login": {
          "min": 18913.7,
          "max": 27813.2,
          "count": 5,
          "mean": 22773.2,
          "p50": 21381.5,
          "median": 21381.5,
          "p75": 26115.6,
          "p90": 26115.6,
          "p95": 26115.6,
          "p99": 26115.6,
          "p999": 26115.6
        },
        "browser.page.FCP.https://practice.expandtesting.com/secure": {
          "min": 27393.2,
          "max": 27393.2,
          "count": 1,
          "mean": 27393.2,
          "p50": 27181.5,
          "median": 27181.5,
          "p75": 27181.5,
          "p90": 27181.5,
          "p95": 27181.5,
          "p99": 27181.5,
          "p999": 27181.5
        },
        "vusers.session_length": {
          "min": 50001.6,
          "max": 50001.6,
          "count": 1,
          "mean": 50001.6,
          "p50": 49528.8,
          "median": 49528.8,
          "p75": 49528.8,
          "p90": 49528.8,
          "p95": 49528.8,
          "p99": 49528.8,
          "p999": 49528.8
        }
      },
      "histograms": {
        "browser.page.FCP.https://practice.expandtesting.com/login": {
          "min": 18913.7,
          "max": 27813.2,
          "count": 5,
          "mean": 22773.2,
          "p50": 21381.5,
          "median": 21381.5,
          "p75": 26115.6,
          "p90": 26115.6,
          "p95": 26115.6,
          "p99": 26115.6,
          "p999": 26115.6
        },
        "browser.page.FCP.https://practice.expandtesting.com/secure": {
          "min": 27393.2,
          "max": 27393.2,
          "count": 1,
          "mean": 27393.2,
          "p50": 27181.5,
          "median": 27181.5,
          "p75": 27181.5,
          "p90": 27181.5,
          "p95": 27181.5,
          "p99": 27181.5,
          "p999": 27181.5
        },
        "vusers.session_length": {
          "min": 50001.6,
          "max": 50001.6,
          "count": 1,
          "mean": 50001.6,
          "p50": 49528.8,
          "median": 49528.8,
          "p75": 49528.8,
          "p90": 49528.8,
          "p95": 49528.8,
          "p99": 49528.8,
          "p999": 49528.8
        }
      }
    },
    {
      "counters": {
        "errors.page.goto: Timeout 30000ms exceeded.": 3,
        "vusers.failed": 3,
        "browser.page.codes.204": 2,
        "browser.page.codes.200": 1,
        "browser.http_requests": 1
      },
      "rates": {},
      "firstCounterAt": 1745384690142,
      "lastCounterAt": 1745384692135,
      "firstMetricAt": 1745384690142,
      "lastMetricAt": 1745384692135,
      "period": "1745384690000",
      "summaries": {},
      "histograms": {}
    }
  ]
}