{
  "aggregate": {
    "counters": {
      "vusers.created_by_name.Login Performance Test": 60,
      "vusers.created": 60,
      "browser.page.codes.200": 3290,
      "browser.http_requests": 4280,
      "browser.page.codes.204": 991,
      "browser.page.codes.302": 156,
      "browser.page.codes.304": 307,
      "vusers.failed": 0,
      "vusers.completed": 60,
      "browser.page.codes.400": 3
    },
    "rates": {},
    "firstCounterAt": 1745347116501,
    "firstHistogramAt": 1745347117904,
    "lastCounterAt": 1745347152510,
    "lastHistogramAt": 1745347152510,
    "firstMetricAt": 1745347116501,
    "lastMetricAt": 1745347152510,
    "period": 1745347150000,
    "summaries": {
      "browser.page.FCP.https://practice.expandtesting.com/login": {
        "min": 670.4,
        "max": 3903.9,
        "count": 60,
        "mean": 1860.4,
        "p50": 1863.5,
        "median": 1863.5,
        "p75": 2276.1,
        "p90": 2671,
        "p95": 2836.2,
        "p99": 3678.4,
        "p999": 3678.4
      },
      "browser.page.TTFB.https://practice.expandtesting.com/login": {
        "min": 333.8,
        "max": 1505.2,
        "count": 60,
        "mean": 626.6,
        "p50": 584.2,
        "median": 584.2,
        "p75": 671.9,
        "p90": 804.5,
        "p95": 1249.1,
        "p99": 1495.5,
        "p999": 1495.5
      },
      "browser.page.LCP.https://practice.expandtesting.com/login": {
        "min": 670.4,
        "max": 3903.9,
        "count": 60,
        "mean": 1860.4,
        "p50": 1863.5,
        "median": 1863.5,
        "p75": 2276.1,
        "p90": 2671,
        "p95": 2836.2,
        "p99": 3678.4,
        "p999": 3678.4
      },
      "browser.page.FID.https://practice.expandtesting.com/login": {
        "min": 0.4,
        "max": 1.6,
        "count": 60,
        "mean": 0.5,
        "p50": 0.5,
        "median": 0.5,
        "p75": 0.5,
        "p90": 0.6,
        "p95": 0.8,
        "p99": 1,
        "p999": 1
      },
      "browser.page.INP.https://practice.expandtesting.com/login": {
        "min": 8,
        "max": 32,
        "count": 60,
        "mean": 16.5,
        "p50": 16,
        "median": 16,
        "p75": 16,
        "p90": 16,
        "p95": 32.1,
        "p99": 32.1,
        "p999": 32.1
      },
      "browser.page.CLS.https://practice.expandtesting.com/login": {
        "min": 0.1,
        "max": 0.3,
        "count": 60,
        "mean": 0.1,
        "p50": 0.1,
        "median": 0.1,
        "p75": 0.1,
        "p90": 0.2,
        "p95": 0.2,
        "p99": 0.3,
        "p999": 0.3
      },
      "browser.page.FCP.https://practice.expandtesting.com/secure": {
        "min": 887.6,
        "max": 1820.5,
        "count": 60,
        "mean": 1183.3,
        "p50": 1130.2,
        "median": 1130.2,
        "p75": 1274.3,
        "p90": 1353.1,
        "p95": 1495.5,
        "p99": 1755,
        "p999": 1755
      },
      "vusers.session_length": {
        "min": 3655.9,
        "max": 9537.6,
        "count": 60,
        "mean": 6337.7,
        "p50": 6439.7,
        "median": 6439.7,
        "p75": 7260.8,
        "p90": 7865.6,
        "p95": 8186.6,
        "p99": 9230.4,
        "p999": 9230.4
      },
      "browser.page.TTFB.https://practice.expandtesting.com/secure": {
        "min": 722,
        "max": 722,
        "count": 1,
        "mean": 722,
        "p50": 727.9,
        "median": 727.9,
        "p75": 727.9,
        "p90": 727.9,
        "p95": 727.9,
        "p99": 727.9,
        "p999": 727.9
      }
    },
    "histograms": {
      "browser.page.FCP.https://practice.expandtesting.com/login": {
        "min": 670.4,
        "max": 3903.9,
        "count": 60,
        "mean": 1860.4,
        "p50": 1863.5,
        "median": 1863.5,
        "p75": 2276.1,
        "p90": 2671,
        "p95": 2836.2,
        "p99": 3678.4,
        "p999": 3678.4
      },
      "browser.page.TTFB.https://practice.expandtesting.com/login": {
        "min": 333.8,
        "max": 1505.2,
        "count": 60,
        "mean": 626.6,
        "p50": 584.2,
        "median": 584.2,
        "p75": 671.9,
        "p90": 804.5,
        "p95": 1249.1,
        "p99": 1495.5,
        "p999": 1495.5
      },
      "browser.page.LCP.https://practice.expandtesting.com/login": {
        "min": 670.4,
        "max": 3903.9,
        "count": 60,
        "mean": 1860.4,
        "p50": 1863.5,
        "median": 1863.5,
        "p75": 2276.1,
        "p90": 2671,
        "p95": 2836.2,
        "p99": 3678.4,
        "p999": 3678.4
      },
      "browser.page.FID.https://practice.expandtesting.com/login": {
        "min": 0.4,
        "max": 1.6,
        "count": 60,
        "mean": 0.5,
        "p50": 0.5,
        "median": 0.5,
        "p75": 0.5,
        "p90": 0.6,
        "p95": 0.8,
        "p99": 1,
        "p999": 1
      },
      "browser.page.INP.https://practice.expandtesting.com/login": {
        "min": 8,
        "max": 32,
        "count": 60,
        "mean": 16.5,
        "p50": 16,
        "median": 16,
        "p75": 16,
        "p90": 16,
        "p95": 32.1,
        "p99": 32.1,
        "p999": 32.1
      },
      "browser.page.CLS.https://practice.expandtesting.com/login": {
        "min": 0.1,
        "max": 0.3,
        "count": 60,
        "mean": 0.1,
        "p50": 0.1,
        "median": 0.1,
        "p75": 0.1,
        "p90": 0.2,
        "p95": 0.2,
        "p99": 0.3,
        "p999": 0.3
      },
      "browser.page.FCP.https://practice.expandtesting.com/secure": {
        "min": 887.6,
        "max": 1820.5,
        "count": 60,
        "mean": 1183.3,
        "p50": 1130.2,
        "median": 1130.2,
        "p75": 1274.3,
        "p90": 1353.1,
        "p95": 1495.5,
        "p99": 1755,
        "p999": 1755
      },
      "vusers.session_length": {
        "min": 3655.9,
        "max": 9537.6,
        "count": 60,
        "mean": 6337.7,
        "p50": 6439.7,
        "median": 6439.7,
        "p75": 7260.8,
        "p90": 7865.6,
        "p95": 8186.6,
        "p99": 9230.4,
        "p999": 9230.4
      },
      "browser.page.TTFB.https://practice.expandtesting.com/secure": {
        "min": 722,
        "max": 722,
        "count": 1,
        "mean": 722,
        "p50": 727.9,
        "median": 727.9,
        "p75": 727.9,
        "p90": 727.9,
        "p95": 727.9,
        "p99": 727.9,
        "p999": 727.9
      }
    }
  },
  "intermediate": [
    {
      "counters": {
        "vusers.created_by_name.Login Performance Test": 8,
        "vusers.created": 8,
        "browser.page.codes.200": 138,
        "browser.http_requests": 153,
        "browser.page.codes.204": 29
      },
      "rates": {},
      "firstCounterAt": 1745347116501,
      "firstHistogramAt": 1745347117904,
      "lastCounterAt": 1745347119998,
      "lastHistogramAt": 1745347119767,
      "firstMetricAt": 1745347116501,
      "lastMetricAt": 1745347119998,
      "period": "1745347110000",
      "summaries": {
        "browser.page.FCP.https://practice.expandtesting.com/login": {
          "min": 670.4,
          "max": 954.5,
          "count": 6,
          "mean": 838.1,
          "p50": 820.7,
          "median": 820.7,
          "p75": 871.5,
          "p90": 963.1,
          "p95": 963.1,
          "p99": 963.1,
          "p999": 963.1
        },
        "browser.page.TTFB.https://practice.expandtesting.com/login": {
          "min": 333.8,
          "max": 435.9,
          "count": 4,
          "mean": 376.5,
          "p50": 333.7,
          "median": 333.7,
          "p75": 399.5,
          "p90": 399.5,
          "p95": 399.5,
          "p99": 399.5,
          "p999": 399.5
        }
      },
      "histograms": {
        "browser.page.FCP.https://practice.expandtesting.com/login": {
          "min": 670.4,
          "max": 954.5,
          "count": 6,
          "mean": 838.1,
          "p50": 820.7,
          "median": 820.7,
          "p75": 871.5,
          "p90": 963.1,
          "p95": 963.1,
          "p99": 963.1,
          "p999": 963.1
        },
        "browser.page.TTFB.https://practice.expandtesting.com/login": {
          "min": 333.8,
          "max": 435.9,
          "count": 4,
          "mean": 376.5,
          "p50": 333.7,
          "median": 333.7,
          "p75": 399.5,
          "p90": 399.5,
          "p95": 399.5,
          "p99": 399.5,
          "p999": 399.5
        }
      }
    },
    {
      "counters": {
        "browser.page.codes.200": 934,
        "browser.http_requests": 1214,
        "browser.page.codes.204": 273,
        "browser.page.codes.302": 47,
        "vusers.created_by_name.Login Performance Test": 20,
        "vusers.created": 20,
        "browser.page.codes.304": 82,
        "vusers.failed": 0,
        "vusers.completed": 14,
        "browser.page.codes.400": 1
      },
      "rates": {},
      "firstCounterAt": 1745347120003,
      "firstHistogramAt": 1745347120059,
      "lastCounterAt": 1745347129989,
      "lastHistogramAt": 1745347129966,
      "firstMetricAt": 1745347120003,
      "lastMetricAt": 1745347129989,
      "period": "1745347120000",
      "summaries": {
        "browser.page.LCP.https://practice.expandtesting.com/login": {
          "min": 670.4,
          "max": 2375.8,
          "count": 19,
          "mean": 1211.2,
          "p50": 1107.9,
          "median": 1107.9,
          "p75": 1224.4,
          "p90": 2018.7,
          "p95": 2059.5,
          "p99": 2059.5,
          "p999": 2059.5
        },
        "browser.page.FID.https://practice.expandtesting.com/login": {
          "min": 0.4,
          "max": 1.6,
          "count": 19,
          "mean": 0.5,
          "p50": 0.5,
          "median": 0.5,
          "p75": 0.5,
          "p90": 0.6,
          "p95": 0.6,
          "p99": 0.6,
          "p999": 0.6
        },
        "browser.page.TTFB.https://practice.expandtesting.com/login": {
          "min": 361.4,
          "max": 559.8,
          "count": 15,
          "mean": 454,
          "p50": 450.4,
          "median": 450.4,
          "p75": 478.3,
          "p90": 507.8,
          "p95": 507.8,
          "p99": 507.8,
          "p999": 507.8
        },
        "browser.page.FCP.https://practice.expandtesting.com/login": {
          "min": 995.1,
          "max": 2737.7,
          "count": 20,
          "mean": 1608.8,
          "p50": 1300.1,
          "median": 1300.1,
          "p75": 2018.7,
          "p90": 2618.1,
          "p95": 2725,
          "p99": 2725,
          "p999": 2725
        },
        "browser.page.INP.https://practice.expandtesting.com/login": {
          "min": 8,
          "max": 24,
          "count": 17,
          "mean": 16.5,
          "p50": 16,
          "median": 16,
          "p75": 16,
          "p90": 16,
          "p95": 23.8,
          "p99": 23.8,
          "p999": 23.8
        },
        "browser.page.CLS.https://practice.expandtesting.com/login": {
          "min": 0.1,
          "max": 0.2,
          "count": 17,
          "mean": 0.1,
          "p50": 0.1,
          "median": 0.1,
          "p75": 0.1,
          "p90": 0.1,
          "p95": 0.2,
          "p99": 0.2,
          "p999": 0.2
        },
        "browser.page.FCP.https://practice.expandtesting.com/secure": {
          "min": 890.7,
          "max": 1348.3,
          "count": 14,
          "mean": 1089.7,
          "p50": 1043.3,
          "median": 1043.3,
          "p75": 1064.4,
          "p90": 1224.4,
          "p95": 1353.1,
          "p99": 1353.1,
          "p999": 1353.1
        },
        "vusers.session_length": {
          "min": 3655.9,
          "max": 5350.9,
          "count": 14,
          "mean": 4711.8,
          "p50": 4676.2,
          "median": 4676.2,
          "p75": 4965.3,
          "p90": 5168,
          "p95": 5378.9,
          "p99": 5378.9,
          "p999": 5378.9
        },
        "browser.page.TTFB.https://practice.expandtesting.com/secure": {
          "min": 722,
          "max": 722,
          "count": 1,
          "mean": 722,
          "p50": 727.9,
          "median": 727.9,
          "p75": 727.9,
          "p90": 727.9,
          "p95": 727.9,
          "p99": 727.9,
          "p999": 727.9
        }
      },
      "histograms": {
        "browser.page.LCP.https://practice.expandtesting.com/login": {
          "min": 670.4,
          "max": 2375.8,
          "count": 19,
          "mean": 1211.2,
          "p50": 1107.9,
          "median": 1107.9,
          "p75": 1224.4,
          "p90": 2018.7,
          "p95": 2059.5,
          "p99": 2059.5,
          "p999": 2059.5
        },
        "browser.page.FID.https://practice.expandtesting.com/login": {
          "min": 0.4,
          "max": 1.6,
          "count": 19,
          "mean": 0.5,
          "p50": 0.5,
          "median": 0.5,
          "p75": 0.5,
          "p90": 0.6,
          "p95": 0.6,
          "p99": 0.6,
          "p999": 0.6
        },
        "browser.page.TTFB.https://practice.expandtesting.com/login": {
          "min": 361.4,
          "max": 559.8,
          "count": 15,
          "mean": 454,
          "p50": 450.4,
          "median": 450.4,
          "p75": 478.3,
          "p90": 507.8,
          "p95": 507.8,
          "p99": 507.8,
          "p999": 507.8
        },
        "browser.page.FCP.https://practice.expandtesting.com/login": {
          "min": 995.1,
          "max": 2737.7,
          "count": 20,
          "mean": 1608.8,
          "p50": 1300.1,
          "median": 1300.1,
          "p75": 2018.7,
          "p90": 2618.1,
          "p95": 2725,
          "p99": 2725,
          "p999": 2725
        },
        "browser.page.INP.https://practice.expandtesting.com/login": {
          "min": 8,
          "max": 24,
          "count": 17,
          "mean": 16.5,
          "p50": 16,
          "median": 16,
          "p75": 16,
          "p90": 16,
          "p95": 23.8,
          "p99": 23.8,
          "p999": 23.8
        },
        "browser.page.CLS.https://practice.expandtesting.com/login": {
          "min": 0.1,
          "max": 0.2,
          "count": 17,
          "mean": 0.1,
          "p50": 0.1,
          "median": 0.1,
          "p75": 0.1,
          "p90": 0.1,
          "p95": 0.2,
          "p99": 0.2,
          "p999": 0.2
        },
        "browser.page.FCP.https://practice.expandtesting.com/secure": {
          "min": 890.7,
          "max": 1348.3,
          "count": 14,
          "mean": 1089.7,
          "p50": 1043.3,
          "median": 1043.3,
          "p75": 1064.4,
          "p90": 1224.4,
          "p95": 1353.1,
          "p99": 1353.1,
          "p999": 1353.1
        },
        "vusers.session_length": {
          "min": 3655.9,
          "max": 5350.9,
          "count": 14,
          "mean": 4711.8,
          "p50": 4676.2,
          "median": 4676.2,
          "p75": 4965.3,
          "p90": 5168,
          "p95": 5378.9,
          "p99": 5378.9,
          "p999": 5378.9
        },
        "browser.page.TTFB.https://practice.expandtesting.com/secure": {
          "min": 722,
          "max": 722,
          "count": 1,
          "mean": 722,
          "p50": 727.9,
          "median": 727.9,
          "p75": 727.9,
          "p90": 727.9,
          "p95": 727.9,
          "p99": 727.9,
          "p999": 727.9
        }
      }
    },
    {
      "counters": {
        "browser.page.codes.204": 319,
        "browser.http_requests": 1368,
        "browser.page.codes.200": 1036,
        "browser.page.codes.302": 43,
        "vusers.failed": 0,
        "vusers.completed": 22,
        "browser.page.codes.304": 103,
        "vusers.created_by_name.Login Performance Test": 20,
        "vusers.created": 20,
        "browser.page.codes.400": 2
      },
      "rates": {},
      "firstCounterAt": 1745347130007,
      "firstHistogramAt": 1745347130008,
      "lastCounterAt": 1745347139955,
      "lastHistogramAt": 1745347139702,
      "firstMetricAt": 1745347130007,
      "lastMetricAt": 1745347139955,
      "period": "1745347130000",
      "summaries": {
        "browser.page.FCP.https://practice.expandtesting.com/secure": {
          "min": 1035.8,
          "max": 1379.2,
          "count": 22,
          "mean": 1187,
          "p50": 1130.2,
          "median": 1130.2,
          "p75": 1274.3,
          "p90": 1300.1,
          "p95": 1326.4,
          "p99": 1353.1,
          "p999": 1353.1
        },
        "vusers.session_length": {
          "min": 5150.4,
          "max": 7329,
          "count": 22,
          "mean": 6167,
          "p50": 6064.7,
          "median": 6064.7,
          "p75": 6439.7,
          "p90": 6976.1,
          "p95": 7117,
          "p99": 7260.8,
          "p999": 7260.8
        },
        "browser.page.INP.https://practice.expandtesting.com/login": {
          "min": 8,
          "max": 16,
          "count": 19,
          "mean": 14.7,
          "p50": 16,
          "median": 16,
          "p75": 16,
          "p90": 16,
          "p95": 16,
          "p99": 16,
          "p999": 16
        },
        "browser.page.CLS.https://practice.expandtesting.com/login": {
          "min": 0.1,
          "max": 0.3,
          "count": 19,
          "mean": 0.2,
          "p50": 0.1,
          "median": 0.1,
          "p75": 0.1,
          "p90": 0.2,
          "p95": 0.3,
          "p99": 0.3,
          "p999": 0.3
        },
        "browser.page.TTFB.https://practice.expandtesting.com/login": {
          "min": 430.7,
          "max": 1505.2,
          "count": 20,
          "mean": 681.5,
          "p50": 584.2,
          "median": 584.2,
          "p75": 671.9,
          "p90": 804.5,
          "p95": 1495.5,
          "p99": 1495.5,
          "p999": 1495.5
        },
        "browser.page.LCP.https://practice.expandtesting.com/login": {
          "min": 1029.4,
          "max": 2737.7,
          "count": 19,
          "mean": 1952.9,
          "p50": 1939.5,
          "median": 1939.5,
          "p75": 2186.8,
          "p90": 2618.1,
          "p95": 2725,
          "p99": 2725,
          "p999": 2725
        },
        "browser.page.FID.https://practice.expandtesting.com/login": {
          "min": 0.4,
          "max": 0.7,
          "count": 19,
          "mean": 0.5,
          "p50": 0.5,
          "median": 0.5,
          "p75": 0.5,
          "p90": 0.5,
          "p95": 0.6,
          "p99": 0.6,
          "p999": 0.6
        },
        "browser.page.FCP.https://practice.expandtesting.com/login": {
          "min": 1285.7,
          "max": 2297,
          "count": 18,
          "mean": 1896.5,
          "p50": 1939.5,
          "median": 1939.5,
          "p75": 2101.1,
          "p90": 2276.1,
          "p95": 2276.1,
          "p99": 2276.1,
          "p999": 2276.1
        }
      },
      "histograms": {
        "browser.page.FCP.https://practice.expandtesting.com/secure": {
          "min": 1035.8,
          "max": 1379.2,
          "count": 22,
          "mean": 1187,
          "p50": 1130.2,
          "median": 1130.2,
          "p75": 1274.3,
          "p90": 1300.1,
          "p95": 1326.4,
          "p99": 1353.1,
          "p999": 1353.1
        },
        "vusers.session_length": {
          "min": 5150.4,
          "max": 7329,
          "count": 22,
          "mean": 6167,
          "p50": 6064.7,
          "median": 6064.7,
          "p75": 6439.7,
          "p90": 6976.1,
          "p95": 7117,
          "p99": 7260.8,
          "p999": 7260.8
        },
        "browser.page.INP.https://practice.expandtesting.com/login": {
          "min": 8,
          "max": 16,
          "count": 19,
          "mean": 14.7,
          "p50": 16,
          "median": 16,
          "p75": 16,
          "p90": 16,
          "p95": 16,
          "p99": 16,
          "p999": 16
        },
        "browser.page.CLS.https://practice.expandtesting.com/login": {
          "min": 0.1,
          "max": 0.3,
          "count": 19,
          "mean": 0.2,
          "p50": 0.1,
          "median": 0.1,
          "p75": 0.1,
          "p90": 0.2,
          "p95": 0.3,
          "p99": 0.3,
          "p999": 0.3
        },
        "browser.page.TTFB.https://practice.expandtesting.com/login": {
          "min": 430.7,
          "max": 1505.2,
          "count": 20,
          "mean": 681.5,
          "p50": 584.2,
          "median": 584.2,
          "p75": 671.9,
          "p90": 804.5,
          "p95": 1495.5,
          "p99": 1495.5,
          "p999": 1495.5
        },
        "browser.page.LCP.https://practice.expandtesting.com/login": {
          "min": 1029.4,
          "max": 2737.7,
          "count": 19,
          "mean": 1952.9,
          "p50": 1939.5,
          "median": 1939.5,
          "p75": 2186.8,
          "p90": 2618.1,
          "p95": 2725,
          "p99": 2725,
          "p999": 2725
        },
        "browser.page.FID.https://practice.expandtesting.com/login": {
          "min": 0.4,
          "max": 0.7,
          "count": 19,
          "mean": 0.5,
          "p50": 0.5,
          "median": 0.5,
          "p75": 0.5,
          "p90": 0.5,
          "p95": 0.6,
          "p99": 0.6,
          "p999": 0.6
        },
        "browser.page.FCP.https://practice.expandtesting.com/login": {
          "min": 1285.7,
          "max": 2297,
          "count": 18,
          "mean": 1896.5,
          "p50": 1939.5,
          "median": 1939.5,
          "p75": 2101.1,
          "p90": 2276.1,
          "p95": 2276.1,
          "p99": 2276.1,
          "p999": 2276.1
        }
      }
    },
    {
      "counters": {
        "browser.page.codes.200": 1009,
        "browser.http_requests": 1283,
        "browser.page.codes.204": 308,
        "browser.page.codes.304": 81,
        "vusers.created_by_name.Login Performance Test": 12,
        "vusers.created": 12,
        "vusers.failed": 0,
        "vusers.completed": 16,
        "browser.page.codes.302": 57
      },
      "rates": {},
      "firstCounterAt": 1745347140004,
      "firstHistogramAt": 1745347140024,
      "lastCounterAt": 1745347149982,
      "lastHistogramAt": 1745347149987,
      "firstMetricAt": 1745347140004,
      "lastMetricAt": 1745347149987,
      "period": "1745347140000",
      "summaries": {
        "browser.page.INP.https://practice.expandtesting.com/login": {
          "min": 8,
          "max": 32,
          "count": 17,
          "mean": 16.5,
          "p50": 16,
          "median": 16,
          "p75": 16,
          "p90": 16,
          "p95": 16,
          "p99": 16,
          "p999": 16
        },
        "browser.page.CLS.https://practice.expandtesting.com/login": {
          "min": 0.1,
          "max": 0.2,
          "count": 17,
          "mean": 0.1,
          "p50": 0.1,
          "median": 0.1,
          "p75": 0.1,
          "p90": 0.2,
          "p95": 0.2,
          "p99": 0.2,
          "p999": 0.2
        },
        "browser.page.TTFB.https://practice.expandtesting.com/login": {
          "min": 582.7,
          "max": 1248.6,
          "count": 19,
          "mean": 753,
          "p50": 658.6,
          "median": 658.6,
          "p75": 788.5,
          "p90": 963.1,
          "p95": 1249.1,
          "p99": 1249.1,
          "p999": 1249.1
        },
        "browser.page.FCP.https://practice.expandtesting.com/secure": {
          "min": 1011.8,
          "max": 1820.5,
          "count": 17,
          "mean": 1335.4,
          "p50": 1249.1,
          "median": 1249.1,
          "p75": 1436.8,
          "p90": 1686.1,
          "p95": 1755,
          "p99": 1755,
          "p999": 1755
        },
        "browser.page.FCP.https://practice.expandtesting.com/login": {
          "min": 1740.8,
          "max": 3903.9,
          "count": 16,
          "mean": 2517.7,
          "p50": 2369,
          "median": 2369,
          "p75": 2671,
          "p90": 2893.5,
          "p95": 3678.4,
          "p99": 3678.4,
          "p999": 3678.4
        },
        "vusers.session_length": {
          "min": 5277,
          "max": 9537.6,
          "count": 16,
          "mean": 7559.6,
          "p50": 7407.5,
          "median": 7407.5,
          "p75": 7865.6,
          "p90": 8868.4,
          "p95": 9230.4,
          "p99": 9230.4,
          "p999": 9230.4
        },
        "browser.page.LCP.https://practice.expandtesting.com/login": {
          "min": 1509.2,
          "max": 3903.9,
          "count": 20,
          "mean": 2311.3,
          "p50": 2143.5,
          "median": 2143.5,
          "p75": 2618.1,
          "p90": 2893.5,
          "p95": 3678.4,
          "p99": 3678.4,
          "p999": 3678.4
        },
        "browser.page.FID.https://practice.expandtesting.com/login": {
          "min": 0.4,
          "max": 1,
          "count": 20,
          "mean": 0.5,
          "p50": 0.5,
          "median": 0.5,
          "p75": 0.6,
          "p90": 0.8,
          "p95": 0.8,
          "p99": 0.8,
          "p999": 0.8
        }
      },
      "histograms": {
        "browser.page.INP.https://practice.expandtesting.com/login": {
          "min": 8,
          "max": 32,
          "count": 17,
          "mean": 16.5,
          "p50": 16,
          "median": 16,
          "p75": 16,
          "p90": 16,
          "p95": 16,
          "p99": 16,
          "p999": 16
        },
        "browser.page.CLS.https://practice.expandtesting.com/login": {
          "min": 0.1,
          "max": 0.2,
          "count": 17,
          "mean": 0.1,
          "p50": 0.1,
          "median": 0.1,
          "p75": 0.1,
          "p90": 0.2,
          "p95": 0.2,
          "p99": 0.2,
          "p999": 0.2
        },
        "browser.page.TTFB.https://practice.expandtesting.com/login": {
          "min": 582.7,
          "max": 1248.6,
          "count": 19,
          "mean": 753,
          "p50": 658.6,
          "median": 658.6,
          "p75": 788.5,
          "p90": 963.1,
          "p95": 1249.1,
          "p99": 1249.1,
          "p999": 1249.1
        },
        "browser.page.FCP.https://practice.expandtesting.com/secure": {
          "min": 1011.8,
          "max": 1820.5,
          "count": 17,
          "mean": 1335.4,
          "p50": 1249.1,
          "median": 1249.1,
          "p75": 1436.8,
          "p90": 1686.1,
          "p95": 1755,
          "p99": 1755,
          "p999": 1755
        },
        "browser.page.FCP.https://practice.expandtesting.com/login": {
          "min": 1740.8,
          "max": 3903.9,
          "count": 16,
          "mean": 2517.7,
          "p50": 2369,
          "median": 2369,
          "p75": 2671,
          "p90": 2893.5,
          "p95": 3678.4,
          "p99": 3678.4,
          "p999": 3678.4
        },
        "vusers.session_length": {
          "min": 5277,
          "max": 9537.6,
          "count": 16,
          "mean": 7559.6,
          "p50": 7407.5,
          "median": 7407.5,
          "p75": 7865.6,
          "p90": 8868.4,
          "p95": 9230.4,
          "p99": 9230.4,
          "p999": 9230.4
        },
        "browser.page.LCP.https://practice.expandtesting.com/login": {
          "min": 1509.2,
          "max": 3903.9,
          "count": 20,
          "mean": 2311.3,
          "p50": 2143.5,
          "median": 2143.5,
          "p75": 2618.1,
          "p90": 2893.5,
          "p95": 3678.4,
          "p99": 3678.4,
          "p999": 3678.4
        },
        "browser.page.FID.https://practice.expandtesting.com/login": {
          "min": 0.4,
          "max": 1,
          "count": 20,
          "mean": 0.5,
          "p50": 0.5,
          "median": 0.5,
          "p75": 0.6,
          "p90": 0.8,
          "p95": 0.8,
          "p99": 0.8,
          "p999": 0.8
        }
      }
    },
    {
      "counters": {
        "browser.page.codes.304": 41,
        "browser.http_requests": 262,
        "browser.page.codes.200": 173,
        "browser.page.codes.204": 62,
        "browser.page.codes.302": 9,
        "vusers.failed": 0,
        "vusers.completed": 8
      },
      "rates": {},
      "firstCounterAt": 1745347150006,
      "firstHistogramAt": 1745347150049,
      "lastCounterAt": 1745347152510,
      "lastHistogramAt": 1745347152510,
      "firstMetricAt": 1745347150006,
      "lastMetricAt": 1745347152510,
      "period": "1745347150000",
      "summaries": {
        "browser.page.INP.https://practice.expandtesting.com/login": {
          "min": 8,
          "max": 32,
          "count": 7,
          "mean": 21.7,
          "p50": 16,
          "median": 16,
          "p75": 32.1,
          "p90": 32.1,
          "p95": 32.1,
          "p99": 32.1,
          "p999": 32.1
        },
        "browser.page.CLS.https://practice.expandtesting.com/login": {
          "min": 0.1,
          "max": 0.3,
          "count": 7,
          "mean": 0.2,
          "p50": 0.1,
          "median": 0.1,
          "p75": 0.1,
          "p90": 0.2,
          "p95": 0.2,
          "p99": 0.2,
          "p999": 0.2
        },
        "browser.page.TTFB.https://practice.expandtesting.com/login": {
          "min": 605.9,
          "max": 737.4,
          "count": 2,
          "mean": 671.7,
          "p50": 608,
          "median": 608,
          "p75": 608,
          "p90": 608,
          "p95": 608,
          "p99": 608,
          "p999": 608
        },
        "vusers.session_length": {
          "min": 6641.9,
          "max": 7907.9,
          "count": 8,
          "mean": 7208.6,
          "p50": 6838,
          "median": 6838,
          "p75": 7557.1,
          "p90": 7865.6,
          "p95": 7865.6,
          "p99": 7865.6,
          "p999": 7865.6
        },
        "browser.page.FCP.https://practice.expandtesting.com/secure": {
          "min": 887.6,
          "max": 1068.9,
          "count": 7,
          "mean": 989.5,
          "p50": 1002.4,
          "median": 1002.4,
          "p75": 1022.7,
          "p90": 1043.3,
          "p95": 1043.3,
          "p99": 1043.3,
          "p999": 1043.3
        },
        "browser.page.LCP.https://practice.expandtesting.com/login": {
          "min": 2613.8,
          "max": 2666.3,
          "count": 2,
          "mean": 2640,
          "p50": 2618.1,
          "median": 2618.1,
          "p75": 2618.1,
          "p90": 2618.1,
          "p95": 2618.1,
          "p99": 2618.1,
          "p999": 2618.1
        },
        "browser.page.FID.https://practice.expandtesting.com/login": {
          "min": 0.5,
          "max": 0.6,
          "count": 2,
          "mean": 0.5,
          "p50": 0.5,
          "median": 0.5,
          "p75": 0.5,
          "p90": 0.5,
          "p95": 0.5,
          "p99": 0.5,
          "p999": 0.5
        }
      },
      "histograms": {
        "browser.page.INP.https://practice.expandtesting.com/login": {
          "min": 8,
          "max": 32,
          "count": 7,
          "mean": 21.7,
          "p50": 16,
          "median": 16,
          "p75": 32.1,
          "p90": 32.1,
          "p95": 32.1,
          "p99": 32.1,
          "p999": 32.1
        },
        "browser.page.CLS.https://practice.expandtesting.com/login": {
          "min": 0.1,
          "max": 0.3,
          "count": 7,
          "mean": 0.2,
          "p50": 0.1,
          "median": 0.1,
          "p75": 0.1,
          "p90": 0.2,
          "p95": 0.2,
          "p99": 0.2,
          "p999": 0.2
        },
        "browser.page.TTFB.https://practice.expandtesting.com/login": {
          "min": 605.9,
          "max": 737.4,
          "count": 2,
          "mean": 671.7,
          "p50": 608,
          "median": 608,
          "p75": 608,
          "p90": 608,
          "p95": 608,
          "p99": 608,
          "p999": 608
        },
        "vusers.session_length": {
          "min": 6641.9,
          "max": 7907.9,
          "count": 8,
          "mean": 7208.6,
          "p50": 6838,
          "median": 6838,
          "p75": 7557.1,
          "p90": 7865.6,
          "p95": 7865.6,
          "p99": 7865.6,
          "p999": 7865.6
        },
        "browser.page.FCP.https://practice.expandtesting.com/secure": {
          "min": 887.6,
          "max": 1068.9,
          "count": 7,
          "mean": 989.5,
          "p50": 1002.4,
          "median": 1002.4,
          "p75": 1022.7,
          "p90": 1043.3,
          "p95": 1043.3,
          "p99": 1043.3,
          "p999": 1043.3
        },
        "browser.page.LCP.https://practice.expandtesting.com/login": {
          "min": 2613.8,
          "max": 2666.3,
          "count": 2,
          "mean": 2640,
          "p50": 2618.1,
          "median": 2618.1,
          "p75": 2618.1,
          "p90": 2618.1,
          "p95": 2618.1,
          "p99": 2618.1,
          "p999": 2618.1
        },
        "browser.page.FID.https://practice.expandtesting.com/login": {
          "min": 0.5,
          "max": 0.6,
          "count": 2,
          "mean": 0.5,
          "p50": 0.5,
          "median": 0.5,
          "p75": 0.5,
          "p90": 0.5,
          "p95": 0.5,
          "p99": 0.5,
          "p999": 0.5
        }
      }
    }
  ]
}