{
  "aggregate": {
    "counters": {
      "vusers.created_by_name.Login Performance Test": 60,
      "vusers.created": 60,
      "browser.page.codes.200": 2783,
      "browser.http_requests": 3569,
      "browser.page.codes.204": 863,
      "browser.page.codes.302": 134,
      "browser.page.codes.304": 233,
      "vusers.failed": 0,
      "vusers.completed": 60,
      "browser.page.codes.400": 1
    },
    "rates": {},
    "firstCounterAt": 1745343665194,
    "firstHistogramAt": 1745343668097,
    "lastCounterAt": 1745343707431,
    "lastHistogramAt": 1745343707431,
    "firstMetricAt": 1745343665194,
    "lastMetricAt": 1745343707431,
    "period": 1745343700000,
    "summaries": {
      "browser.page.FCP.https://practice.expandtesting.com/login": {
        "min": 1900.6,
        "max": 13751.3,
        "count": 60,
        "mean": 6948.6,
        "p50": 6838,
        "median": 6838,
        "p75": 8186.6,
        "p90": 9801.2,
        "p95": 11734.2,
        "p99": 12711.5,
        "p999": 12711.5
      },
      "browser.page.TTFB.https://practice.expandtesting.com/login": {
        "min": 659.5,
        "max": 7776.7,
        "count": 60,
        "mean": 1476.1,
        "p50": 1326.4,
        "median": 1326.4,
        "p75": 1525.7,
        "p90": 2101.1,
        "p95": 2515.5,
        "p99": 3395.5,
        "p999": 3395.5
      },
      "browser.page.LCP.https://practice.expandtesting.com/login": {
        "min": 1900.6,
        "max": 13751.3,
        "count": 60,
        "mean": 6948.6,
        "p50": 6838,
        "median": 6838,
        "p75": 8186.6,
        "p90": 9801.2,
        "p95": 11734.2,
        "p99": 12711.5,
        "p999": 12711.5
      },
      "browser.page.FID.https://practice.expandtesting.com/login": {
        "min": 0.2,
        "max": 4,
        "count": 60,
        "mean": 0.6,
        "p50": 0.5,
        "median": 0.5,
        "p75": 0.6,
        "p90": 0.7,
        "p95": 0.8,
        "p99": 1,
        "p999": 1
      },
      "browser.page.INP.https://practice.expandtesting.com/login": {
        "min": 8,
        "max": 40,
        "count": 60,
        "mean": 16.9,
        "p50": 16,
        "median": 16,
        "p75": 16,
        "p90": 32.1,
        "p95": 32.1,
        "p99": 32.1,
        "p999": 32.1
      },
      "browser.page.CLS.https://practice.expandtesting.com/login": {
        "min": 0.1,
        "max": 0.1,
        "count": 60,
        "mean": 0.1,
        "p50": 0.1,
        "median": 0.1,
        "p75": 0.1,
        "p90": 0.2,
        "p95": 0.2,
        "p99": 0.2,
        "p999": 0.2
      },
      "browser.page.FCP.https://practice.expandtesting.com/secure": {
        "min": 1021,
        "max": 4328.9,
        "count": 60,
        "mean": 2087,
        "p50": 1790.4,
        "median": 1790.4,
        "p75": 2566.3,
        "p90": 3262.4,
        "p95": 3678.4,
        "p99": 4316.6,
        "p999": 4316.6
      },
      "vusers.session_length": {
        "min": 9004.4,
        "max": 19861.3,
        "count": 60,
        "mean": 14630.3,
        "p50": 14621.8,
        "median": 14621.8,
        "p75": 16159.7,
        "p90": 17859.2,
        "p95": 18588.1,
        "p99": 19346.7,
        "p999": 19346.7
      }
    },
    "histograms": {
      "browser.page.FCP.https://practice.expandtesting.com/login": {
        "min": 1900.6,
        "max": 13751.3,
        "count": 60,
        "mean": 6948.6,
        "p50": 6838,
        "median": 6838,
        "p75": 8186.6,
        "p90": 9801.2,
        "p95": 11734.2,
        "p99": 12711.5,
        "p999": 12711.5
      },
      "browser.page.TTFB.https://practice.expandtesting.com/login": {
        "min": 659.5,
        "max": 7776.7,
        "count": 60,
        "mean": 1476.1,
        "p50": 1326.4,
        "median": 1326.4,
        "p75": 1525.7,
        "p90": 2101.1,
        "p95": 2515.5,
        "p99": 3395.5,
        "p999": 3395.5
      },
      "browser.page.LCP.https://practice.expandtesting.com/login": {
        "min": 1900.6,
        "max": 13751.3,
        "count": 60,
        "mean": 6948.6,
        "p50": 6838,
        "median": 6838,
        "p75": 8186.6,
        "p90": 9801.2,
        "p95": 11734.2,
        "p99": 12711.5,
        "p999": 12711.5
      },
      "browser.page.FID.https://practice.expandtesting.com/login": {
        "min": 0.2,
        "max": 4,
        "count": 60,
        "mean": 0.6,
        "p50": 0.5,
        "median": 0.5,
        "p75": 0.6,
        "p90": 0.7,
        "p95": 0.8,
        "p99": 1,
        "p999": 1
      },
      "browser.page.INP.https://practice.expandtesting.com/login": {
        "min": 8,
        "max": 40,
        "count": 60,
        "mean": 16.9,
        "p50": 16,
        "median": 16,
        "p75": 16,
        "p90": 32.1,
        "p95": 32.1,
        "p99": 32.1,
        "p999": 32.1
      },
      "browser.page.CLS.https://practice.expandtesting.com/login": {
        "min": 0.1,
        "max": 0.1,
        "count": 60,
        "mean": 0.1,
        "p50": 0.1,
        "median": 0.1,
        "p75": 0.1,
        "p90": 0.2,
        "p95": 0.2,
        "p99": 0.2,
        "p999": 0.2
      },
      "browser.page.FCP.https://practice.expandtesting.com/secure": {
        "min": 1021,
        "max": 4328.9,
        "count": 60,
        "mean": 2087,
        "p50": 1790.4,
        "median": 1790.4,
        "p75": 2566.3,
        "p90": 3262.4,
        "p95": 3678.4,
        "p99": 4316.6,
        "p999": 4316.6
      },
      "vusers.session_length": {
        "min": 9004.4,
        "max": 19861.3,
        "count": 60,
        "mean": 14630.3,
        "p50": 14621.8,
        "median": 14621.8,
        "p75": 16159.7,
        "p90": 17859.2,
        "p95": 18588.1,
        "p99": 19346.7,
        "p999": 19346.7
      }
    }
  },
  "intermediate": [
    {
      "counters": {
        "vusers.created_by_name.Login Performance Test": 10,
        "vusers.created": 10,
        "browser.page.codes.200": 78,
        "browser.http_requests": 76,
        "browser.page.codes.204": 1
      },
      "rates": {},
      "firstCounterAt": 1745343665194,
      "firstHistogramAt": 1745343668097,
      "lastCounterAt": 1745343669888,
      "lastHistogramAt": 1745343669595,
      "firstMetricAt": 1745343665194,
      "lastMetricAt": 1745343669888,
      "period": "1745343660000",
      "summaries": {
        "browser.page.FCP.https://practice.expandtesting.com/login": {
          "min": 1900.6,
          "max": 2535.9,
          "count": 6,
          "mean": 2244.7,
          "p50": 2322.1,
          "median": 2322.1,
          "p75": 2369,
          "p90": 2465.6,
          "p95": 2465.6,
          "p99": 2465.6,
          "p999": 2465.6
        }
      },
      "histograms": {
        "browser.page.FCP.https://practice.expandtesting.com/login": {
          "min": 1900.6,
          "max": 2535.9,
          "count": 6,
          "mean": 2244.7,
          "p50": 2322.1,
          "median": 2322.1,
          "p75": 2369,
          "p90": 2465.6,
          "p95": 2465.6,
          "p99": 2465.6,
          "p999": 2465.6
        }
      }
    },
    {
      "counters": {
        "browser.page.codes.200": 467,
        "browser.http_requests": 540,
        "vusers.created_by_name.Login Performance Test": 20,
        "vusers.created": 20,
        "browser.page.codes.204": 100,
        "browser.page.codes.302": 13,
        "browser.page.codes.304": 20,
        "vusers.failed": 0,
        "vusers.completed": 5
      },
      "rates": {},
      "firstCounterAt": 1745343670015,
      "firstHistogramAt": 1745343672116,
      "lastCounterAt": 1745343679969,
      "lastHistogramAt": 1745343679944,
      "firstMetricAt": 1745343670015,
      "lastMetricAt": 1745343679969,
      "period": "1745343670000",
      "summaries": {
        "browser.page.TTFB.https://practice.expandtesting.com/login": {
          "min": 659.5,
          "max": 1638.2,
          "count": 9,
          "mean": 1002,
          "p50": 788.5,
          "median": 788.5,
          "p75": 1326.4,
          "p90": 1620,
          "p95": 1620,
          "p99": 1620,
          "p999": 1620
        },
        "browser.page.LCP.https://practice.expandtesting.com/login": {
          "min": 1900.6,
          "max": 2535.9,
          "count": 6,
          "mean": 2244.7,
          "p50": 2322.1,
          "median": 2322.1,
          "p75": 2369,
          "p90": 2465.6,
          "p95": 2465.6,
          "p99": 2465.6,
          "p999": 2465.6
        },
        "browser.page.FID.https://practice.expandtesting.com/login": {
          "min": 0.4,
          "max": 4,
          "count": 6,
          "mean": 1.1,
          "p50": 0.5,
          "median": 0.5,
          "p75": 0.5,
          "p90": 0.6,
          "p95": 0.6,
          "p99": 0.6,
          "p999": 0.6
        },
        "browser.page.INP.https://practice.expandtesting.com/login": {
          "min": 8,
          "max": 16,
          "count": 6,
          "mean": 14.7,
          "p50": 16,
          "median": 16,
          "p75": 16,
          "p90": 16,
          "p95": 16,
          "p99": 16,
          "p999": 16
        },
        "browser.page.CLS.https://practice.expandtesting.com/login": {
          "min": 0.1,
          "max": 0.1,
          "count": 6,
          "mean": 0.1,
          "p50": 0.1,
          "median": 0.1,
          "p75": 0.1,
          "p90": 0.1,
          "p95": 0.1,
          "p99": 0.1,
          "p999": 0.1
        },
        "browser.page.FCP.https://practice.expandtesting.com/login": {
          "min": 6501.6,
          "max": 9489.6,
          "count": 11,
          "mean": 7538.1,
          "p50": 7117,
          "median": 7117,
          "p75": 8186.6,
          "p90": 9416.8,
          "p95": 9416.8,
          "p99": 9416.8,
          "p999": 9416.8
        },
        "browser.page.FCP.https://practice.expandtesting.com/secure": {
          "min": 1522,
          "max": 2011.8,
          "count": 5,
          "mean": 1756.6,
          "p50": 1790.4,
          "median": 1790.4,
          "p75": 1826.6,
          "p90": 1826.6,
          "p95": 1826.6,
          "p99": 1826.6,
          "p999": 1826.6
        },
        "vusers.session_length": {
          "min": 9004.4,
          "max": 11479.1,
          "count": 5,
          "mean": 10428.9,
          "p50": 10407.3,
          "median": 10407.3,
          "p75": 10832,
          "p90": 10832,
          "p95": 10832,
          "p99": 10832,
          "p999": 10832
        }
      },
      "histograms": {
        "browser.page.TTFB.https://practice.expandtesting.com/login": {
          "min": 659.5,
          "max": 1638.2,
          "count": 9,
          "mean": 1002,
          "p50": 788.5,
          "median": 788.5,
          "p75": 1326.4,
          "p90": 1620,
          "p95": 1620,
          "p99": 1620,
          "p999": 1620
        },
        "browser.page.LCP.https://practice.expandtesting.com/login": {
          "min": 1900.6,
          "max": 2535.9,
          "count": 6,
          "mean": 2244.7,
          "p50": 2322.1,
          "median": 2322.1,
          "p75": 2369,
          "p90": 2465.6,
          "p95": 2465.6,
          "p99": 2465.6,
          "p999": 2465.6
        },
        "browser.page.FID.https://practice.expandtesting.com/login": {
          "min": 0.4,
          "max": 4,
          "count": 6,
          "mean": 1.1,
          "p50": 0.5,
          "median": 0.5,
          "p75": 0.5,
          "p90": 0.6,
          "p95": 0.6,
          "p99": 0.6,
          "p999": 0.6
        },
        "browser.page.INP.https://practice.expandtesting.com/login": {
          "min": 8,
          "max": 16,
          "count": 6,
          "mean": 14.7,
          "p50": 16,
          "median": 16,
          "p75": 16,
          "p90": 16,
          "p95": 16,
          "p99": 16,
          "p999": 16
        },
        "browser.page.CLS.https://practice.expandtesting.com/login": {
          "min": 0.1,
          "max": 0.1,
          "count": 6,
          "mean": 0.1,
          "p50": 0.1,
          "median": 0.1,
          "p75": 0.1,
          "p90": 0.1,
          "p95": 0.1,
          "p99": 0.1,
          "p999": 0.1
        },
        "browser.page.FCP.https://practice.expandtesting.com/login": {
          "min": 6501.6,
          "max": 9489.6,
          "count": 11,
          "mean": 7538.1,
          "p50": 7117,
          "median": 7117,
          "p75": 8186.6,
          "p90": 9416.8,
          "p95": 9416.8,
          "p99": 9416.8,
          "p999": 9416.8
        },
        "browser.page.FCP.https://practice.expandtesting.com/secure": {
          "min": 1522,
          "max": 2011.8,
          "count": 5,
          "mean": 1756.6,
          "p50": 1790.4,
          "median": 1790.4,
          "p75": 1826.6,
          "p90": 1826.6,
          "p95": 1826.6,
          "p99": 1826.6,
          "p999": 1826.6
        },
        "vusers.session_length": {
          "min": 9004.4,
          "max": 11479.1,
          "count": 5,
          "mean": 10428.9,
          "p50": 10407.3,
          "median": 10407.3,
          "p75": 10832,
          "p90": 10832,
          "p95": 10832,
          "p99": 10832,
          "p999": 10832
        }
      }
    },
    {
      "counters": {
        "browser.page.codes.200": 908,
        "browser.http_requests": 1145,
        "vusers.created_by_name.Login Performance Test": 20,
        "vusers.created": 20,
        "browser.page.codes.204": 284,
        "browser.page.codes.302": 47,
        "browser.page.codes.304": 64,
        "vusers.failed": 0,
        "vusers.completed": 14
      },
      "rates": {},
      "firstCounterAt": 1745343680060,
      "firstHistogramAt": 1745343680282,
      "lastCounterAt": 1745343689999,
      "lastHistogramAt": 1745343689987,
      "firstMetricAt": 1745343680060,
      "lastMetricAt": 1745343689999,
      "period": "1745343680000",
      "summaries": {
        "browser.page.TTFB.https://practice.expandtesting.com/login": {
          "min": 888.3,
          "max": 7776.7,
          "count": 20,
          "mean": 1598.3,
          "p50": 1353.1,
          "median": 1353.1,
          "p75": 1465.9,
          "p90": 1652.8,
          "p95": 1720.2,
          "p99": 1720.2,
          "p999": 1720.2
        },
        "browser.page.LCP.https://practice.expandtesting.com/login": {
          "min": 4460,
          "max": 11405.9,
          "count": 23,
          "mean": 6910.2,
          "p50": 6569.8,
          "median": 6569.8,
          "p75": 7117,
          "p90": 8520.7,
          "p95": 9416.8,
          "p99": 9416.8,
          "p999": 9416.8
        },
        "browser.page.FID.https://practice.expandtesting.com/login": {
          "min": 0.4,
          "max": 1,
          "count": 23,
          "mean": 0.5,
          "p50": 0.5,
          "median": 0.5,
          "p75": 0.6,
          "p90": 0.6,
          "p95": 0.7,
          "p99": 0.7,
          "p999": 0.7
        },
        "browser.page.FCP.https://practice.expandtesting.com/login": {
          "min": 4460,
          "max": 11405.9,
          "count": 18,
          "mean": 6261.6,
          "p50": 5944.6,
          "median": 5944.6,
          "p75": 6702.6,
          "p90": 7117,
          "p95": 7260.8,
          "p99": 7260.8,
          "p999": 7260.8
        },
        "browser.page.INP.https://practice.expandtesting.com/login": {
          "min": 16,
          "max": 32,
          "count": 19,
          "mean": 18.9,
          "p50": 16,
          "median": 16,
          "p75": 16,
          "p90": 32.1,
          "p95": 32.1,
          "p99": 32.1,
          "p999": 32.1
        },
        "browser.page.CLS.https://practice.expandtesting.com/login": {
          "min": 0.1,
          "max": 0.1,
          "count": 19,
          "mean": 0.1,
          "p50": 0.1,
          "median": 0.1,
          "p75": 0.1,
          "p90": 0.2,
          "p95": 0.2,
          "p99": 0.2,
          "p999": 0.2
        },
        "browser.page.FCP.https://practice.expandtesting.com/secure": {
          "min": 1400.7,
          "max": 4328.9,
          "count": 16,
          "mean": 2511.7,
          "p50": 2515.5,
          "median": 2515.5,
          "p75": 2725,
          "p90": 3011.6,
          "p95": 3828.5,
          "p99": 3828.5,
          "p999": 3828.5
        },
        "vusers.session_length": {
          "min": 13172.4,
          "max": 18586.8,
          "count": 14,
          "mean": 15031.2,
          "p50": 14621.8,
          "median": 14621.8,
          "p75": 14917.2,
          "p90": 16486.1,
          "p95": 18220,
          "p99": 18220,
          "p999": 18220
        }
      },
      "histograms": {
        "browser.page.TTFB.https://practice.expandtesting.com/login": {
          "min": 888.3,
          "max": 7776.7,
          "count": 20,
          "mean": 1598.3,
          "p50": 1353.1,
          "median": 1353.1,
          "p75": 1465.9,
          "p90": 1652.8,
          "p95": 1720.2,
          "p99": 1720.2,
          "p999": 1720.2
        },
        "browser.page.LCP.https://practice.expandtesting.com/login": {
          "min": 4460,
          "max": 11405.9,
          "count": 23,
          "mean": 6910.2,
          "p50": 6569.8,
          "median": 6569.8,
          "p75": 7117,
          "p90": 8520.7,
          "p95": 9416.8,
          "p99": 9416.8,
          "p999": 9416.8
        },
        "browser.page.FID.https://practice.expandtesting.com/login": {
          "min": 0.4,
          "max": 1,
          "count": 23,
          "mean": 0.5,
          "p50": 0.5,
          "median": 0.5,
          "p75": 0.6,
          "p90": 0.6,
          "p95": 0.7,
          "p99": 0.7,
          "p999": 0.7
        },
        "browser.page.FCP.https://practice.expandtesting.com/login": {
          "min": 4460,
          "max": 11405.9,
          "count": 18,
          "mean": 6261.6,
          "p50": 5944.6,
          "median": 5944.6,
          "p75": 6702.6,
          "p90": 7117,
          "p95": 7260.8,
          "p99": 7260.8,
          "p999": 7260.8
        },
        "browser.page.INP.https://practice.expandtesting.com/login": {
          "min": 16,
          "max": 32,
          "count": 19,
          "mean": 18.9,
          "p50": 16,
          "median": 16,
          "p75": 16,
          "p90": 32.1,
          "p95": 32.1,
          "p99": 32.1,
          "p999": 32.1
        },
        "browser.page.CLS.https://practice.expandtesting.com/login": {
          "min": 0.1,
          "max": 0.1,
          "count": 19,
          "mean": 0.1,
          "p50": 0.1,
          "median": 0.1,
          "p75": 0.1,
          "p90": 0.2,
          "p95": 0.2,
          "p99": 0.2,
          "p999": 0.2
        },
        "browser.page.FCP.https://practice.expandtesting.com/secure": {
          "min": 1400.7,
          "max": 4328.9,
          "count": 16,
          "mean": 2511.7,
          "p50": 2515.5,
          "median": 2515.5,
          "p75": 2725,
          "p90": 3011.6,
          "p95": 3828.5,
          "p99": 3828.5,
          "p999": 3828.5
        },
        "vusers.session_length": {
          "min": 13172.4,
          "max": 18586.8,
          "count": 14,
          "mean": 15031.2,
          "p50": 14621.8,
          "median": 14621.8,
          "p75": 14917.2,
          "p90": 16486.1,
          "p95": 18220,
          "p99": 18220,
          "p999": 18220
        }
      }
    },
    {
      "counters": {
        "vusers.failed": 0,
        "vusers.completed": 18,
        "browser.page.codes.204": 210,
        "browser.page.codes.302": 37,
        "browser.http_requests": 934,
        "browser.page.codes.200": 736,
        "vusers.created_by_name.Login Performance Test": 10,
        "vusers.created": 10,
        "browser.page.codes.304": 54
      },
      "rates": {},
      "firstCounterAt": 1745343690006,
      "firstHistogramAt": 1745343690029,
      "lastCounterAt": 1745343699994,
      "lastHistogramAt": 1745343699991,
      "firstMetricAt": 1745343690006,
      "lastMetricAt": 1745343699994,
      "period": "1745343690000",
      "summaries": {
        "vusers.session_length": {
          "min": 12062.6,
          "max": 19861.3,
          "count": 18,
          "mean": 14965.1,
          "p50": 14332.3,
          "median": 14332.3,
          "p75": 15839.7,
          "p90": 16486.1,
          "p95": 18963.6,
          "p99": 18963.6,
          "p999": 18963.6
        },
        "browser.page.FCP.https://practice.expandtesting.com/secure": {
          "min": 1368.5,
          "max": 3663.2,
          "count": 16,
          "mean": 2567,
          "p50": 2515.5,
          "median": 2515.5,
          "p75": 2836.2,
          "p90": 3605.5,
          "p95": 3605.5,
          "p99": 3605.5,
          "p999": 3605.5
        },
        "browser.page.TTFB.https://practice.expandtesting.com/login": {
          "min": 942.1,
          "max": 2121.9,
          "count": 15,
          "mean": 1377,
          "p50": 1353.1,
          "median": 1353.1,
          "p75": 1525.7,
          "p90": 1790.4,
          "p95": 2018.7,
          "p99": 2018.7,
          "p999": 2018.7
        },
        "browser.page.INP.https://practice.expandtesting.com/login": {
          "min": 8,
          "max": 40,
          "count": 16,
          "mean": 18.5,
          "p50": 16,
          "median": 16,
          "p75": 16,
          "p90": 32.1,
          "p95": 32.1,
          "p99": 32.1,
          "p999": 32.1
        },
        "browser.page.CLS.https://practice.expandtesting.com/login": {
          "min": 0.1,
          "max": 0.1,
          "count": 16,
          "mean": 0.1,
          "p50": 0.1,
          "median": 0.1,
          "p75": 0.1,
          "p90": 0.1,
          "p95": 0.2,
          "p99": 0.2,
          "p999": 0.2
        },
        "browser.page.LCP.https://practice.expandtesting.com/login": {
          "min": 5214.6,
          "max": 9138.7,
          "count": 14,
          "mean": 7126.5,
          "p50": 7117,
          "median": 7117,
          "p75": 7865.6,
          "p90": 8186.6,
          "p95": 8692.8,
          "p99": 8692.8,
          "p999": 8692.8
        },
        "browser.page.FID.https://practice.expandtesting.com/login": {
          "min": 0.2,
          "max": 0.8,
          "count": 14,
          "mean": 0.5,
          "p50": 0.5,
          "median": 0.5,
          "p75": 0.5,
          "p90": 0.7,
          "p95": 0.7,
          "p99": 0.7,
          "p999": 0.7
        },
        "browser.page.FCP.https://practice.expandtesting.com/login": {
          "min": 3926.8,
          "max": 9138.7,
          "count": 15,
          "mean": 6958.7,
          "p50": 7260.8,
          "median": 7260.8,
          "p75": 8186.6,
          "p90": 8692.8,
          "p95": 8692.8,
          "p99": 8692.8,
          "p999": 8692.8
        }
      },
      "histograms": {
        "vusers.session_length": {
          "min": 12062.6,
          "max": 19861.3,
          "count": 18,
          "mean": 14965.1,
          "p50": 14332.3,
          "median": 14332.3,
          "p75": 15839.7,
          "p90": 16486.1,
          "p95": 18963.6,
          "p99": 18963.6,
          "p999": 18963.6
        },
        "browser.page.FCP.https://practice.expandtesting.com/secure": {
          "min": 1368.5,
          "max": 3663.2,
          "count": 16,
          "mean": 2567,
          "p50": 2515.5,
          "median": 2515.5,
          "p75": 2836.2,
          "p90": 3605.5,
          "p95": 3605.5,
          "p99": 3605.5,
          "p999": 3605.5
        },
        "browser.page.TTFB.https://practice.expandtesting.com/login": {
          "min": 942.1,
          "max": 2121.9,
          "count": 15,
          "mean": 1377,
          "p50": 1353.1,
          "median": 1353.1,
          "p75": 1525.7,
          "p90": 1790.4,
          "p95": 2018.7,
          "p99": 2018.7,
          "p999": 2018.7
        },
        "browser.page.INP.https://practice.expandtesting.com/login": {
          "min": 8,
          "max": 40,
          "count": 16,
          "mean": 18.5,
          "p50": 16,
          "median": 16,
          "p75": 16,
          "p90": 32.1,
          "p95": 32.1,
          "p99": 32.1,
          "p999": 32.1
        },
        "browser.page.CLS.https://practice.expandtesting.com/login": {
          "min": 0.1,
          "max": 0.1,
          "count": 16,
          "mean": 0.1,
          "p50": 0.1,
          "median": 0.1,
          "p75": 0.1,
          "p90": 0.1,
          "p95": 0.2,
          "p99": 0.2,
          "p999": 0.2
        },
        "browser.page.LCP.https://practice.expandtesting.com/login": {
          "min": 5214.6,
          "max": 9138.7,
          "count": 14,
          "mean": 7126.5,
          "p50": 7117,
          "median": 7117,
          "p75": 7865.6,
          "p90": 8186.6,
          "p95": 8692.8,
          "p99": 8692.8,
          "p999": 8692.8
        },
        "browser.page.FID.https://practice.expandtesting.com/login": {
          "min": 0.2,
          "max": 0.8,
          "count": 14,
          "mean": 0.5,
          "p50": 0.5,
          "median": 0.5,
          "p75": 0.5,
          "p90": 0.7,
          "p95": 0.7,
          "p99": 0.7,
          "p999": 0.7
        },
        "browser.page.FCP.https://practice.expandtesting.com/login": {
          "min": 3926.8,
          "max": 9138.7,
          "count": 15,
          "mean": 6958.7,
          "p50": 7260.8,
          "median": 7260.8,
          "p75": 8186.6,
          "p90": 8692.8,
          "p95": 8692.8,
          "p99": 8692.8,
          "p999": 8692.8
        }
      }
    },
    {
      "counters": {
        "browser.page.codes.200": 594,
        "browser.http_requests": 874,
        "browser.page.codes.304": 95,
        "browser.page.codes.204": 268,
        "vusers.failed": 0,
        "vusers.completed": 23,
        "browser.page.codes.302": 37,
        "browser.page.codes.400": 1
      },
      "rates": {},
      "firstCounterAt": 1745343700100,
      "firstHistogramAt": 1745343700132,
      "lastCounterAt": 1745343707431,
      "lastHistogramAt": 1745343707431,
      "firstMetricAt": 1745343700100,
      "lastMetricAt": 1745343707431,
      "period": "1745343700000",
      "summaries": {
        "browser.page.FCP.https://practice.expandtesting.com/login": {
          "min": 7760,
          "max": 13751.3,
          "count": 10,
          "mean": 10343.8,
          "p50": 9801.2,
          "median": 9801.2,
          "p75": 11734.2,
          "p90": 12711.5,
          "p95": 12711.5,
          "p99": 12711.5,
          "p999": 12711.5
        },
        "browser.page.FCP.https://practice.expandtesting.com/secure": {
          "min": 1021,
          "max": 4305.4,
          "count": 23,
          "mean": 1529.5,
          "p50": 1380.5,
          "median": 1380.5,
          "p75": 1525.7,
          "p90": 1755,
          "p95": 1978.7,
          "p99": 2231,
          "p999": 2231
        },
        "browser.page.TTFB.https://practice.expandtesting.com/login": {
          "min": 967.5,
          "max": 3365.2,
          "count": 16,
          "mean": 1682.8,
          "p50": 1408.4,
          "median": 1408.4,
          "p75": 2186.8,
          "p90": 2515.5,
          "p95": 2780,
          "p99": 2780,
          "p999": 2780
        },
        "vusers.session_length": {
          "min": 10093,
          "max": 19485.7,
          "count": 23,
          "mean": 15037.5,
          "p50": 15218.6,
          "median": 15218.6,
          "p75": 16819.2,
          "p90": 17505.6,
          "p95": 17859.2,
          "p99": 18588.1,
          "p999": 18588.1
        },
        "browser.page.LCP.https://practice.expandtesting.com/login": {
          "min": 3926.8,
          "max": 13751.3,
          "count": 17,
          "mean": 8514.1,
          "p50": 8692.8,
          "median": 8692.8,
          "p75": 10832,
          "p90": 11734.2,
          "p95": 12711.5,
          "p99": 12711.5,
          "p999": 12711.5
        },
        "browser.page.FID.https://practice.expandtesting.com/login": {
          "min": 0.4,
          "max": 0.9,
          "count": 17,
          "mean": 0.5,
          "p50": 0.5,
          "median": 0.5,
          "p75": 0.6,
          "p90": 0.6,
          "p95": 0.6,
          "p99": 0.6,
          "p999": 0.6
        },
        "browser.page.INP.https://practice.expandtesting.com/login": {
          "min": 8,
          "max": 32,
          "count": 19,
          "mean": 14.3,
          "p50": 16,
          "median": 16,
          "p75": 16,
          "p90": 16,
          "p95": 16,
          "p99": 16,
          "p999": 16
        },
        "browser.page.CLS.https://practice.expandtesting.com/login": {
          "min": 0.1,
          "max": 0.1,
          "count": 19,
          "mean": 0.1,
          "p50": 0.1,
          "median": 0.1,
          "p75": 0.1,
          "p90": 0.1,
          "p95": 0.2,
          "p99": 0.2,
          "p999": 0.2
        }
      },
      "histograms": {
        "browser.page.FCP.https://practice.expandtesting.com/login": {
          "min": 7760,
          "max": 13751.3,
          "count": 10,
          "mean": 10343.8,
          "p50": 9801.2,
          "median": 9801.2,
          "p75": 11734.2,
          "p90": 12711.5,
          "p95": 12711.5,
          "p99": 12711.5,
          "p999": 12711.5
        },
        "browser.page.FCP.https://practice.expandtesting.com/secure": {
          "min": 1021,
          "max": 4305.4,
          "count": 23,
          "mean": 1529.5,
          "p50": 1380.5,
          "median": 1380.5,
          "p75": 1525.7,
          "p90": 1755,
          "p95": 1978.7,
          "p99": 2231,
          "p999": 2231
        },
        "browser.page.TTFB.https://practice.expandtesting.com/login": {
          "min": 967.5,
          "max": 3365.2,
          "count": 16,
          "mean": 1682.8,
          "p50": 1408.4,
          "median": 1408.4,
          "p75": 2186.8,
          "p90": 2515.5,
          "p95": 2780,
          "p99": 2780,
          "p999": 2780
        },
        "vusers.session_length": {
          "min": 10093,
          "max": 19485.7,
          "count": 23,
          "mean": 15037.5,
          "p50": 15218.6,
          "median": 15218.6,
          "p75": 16819.2,
          "p90": 17505.6,
          "p95": 17859.2,
          "p99": 18588.1,
          "p999": 18588.1
        },
        "browser.page.LCP.https://practice.expandtesting.com/login": {
          "min": 3926.8,
          "max": 13751.3,
          "count": 17,
          "mean": 8514.1,
          "p50": 8692.8,
          "median": 8692.8,
          "p75": 10832,
          "p90": 11734.2,
          "p95": 12711.5,
          "p99": 12711.5,
          "p999": 12711.5
        },
        "browser.page.FID.https://practice.expandtesting.com/login": {
          "min": 0.4,
          "max": 0.9,
          "count": 17,
          "mean": 0.5,
          "p50": 0.5,
          "median": 0.5,
          "p75": 0.6,
          "p90": 0.6,
          "p95": 0.6,
          "p99": 0.6,
          "p999": 0.6
        },
        "browser.page.INP.https://practice.expandtesting.com/login": {
          "min": 8,
          "max": 32,
          "count": 19,
          "mean": 14.3,
          "p50": 16,
          "median": 16,
          "p75": 16,
          "p90": 16,
          "p95": 16,
          "p99": 16,
          "p999": 16
        },
        "browser.page.CLS.https://practice.expandtesting.com/login": {
          "min": 0.1,
          "max": 0.1,
          "count": 19,
          "mean": 0.1,
          "p50": 0.1,
          "median": 0.1,
          "p75": 0.1,
          "p90": 0.1,
          "p95": 0.2,
          "p99": 0.2,
          "p999": 0.2
        }
      }
    }
  ]
}