{
  "aggregate": {
    "counters": {
      "vusers.created_by_name.Login Performance Test": 60,
      "vusers.created": 60,
      "browser.page.codes.200": 2921,
      "browser.http_requests": 3732,
      "browser.page.codes.204": 854,
      "browser.page.codes.302": 138,
      "browser.page.codes.304": 258,
      "vusers.failed": 1,
      "vusers.completed": 59,
      "browser.page.codes.307": 1,
      "browser.page.codes.303": 1,
      "errors.page.goto: Timeout 30000ms exceeded.": 1,
      "browser.page.codes.400": 2
    },
    "rates": {},
    "firstCounterAt": 1745342509477,
    "firstHistogramAt": 1745342510915,
    "lastCounterAt": 1745342558528,
    "lastHistogramAt": 1745342558528,
    "firstMetricAt": 1745342509477,
    "lastMetricAt": 1745342558528,
    "period": 1745342550000,
    "summaries": {
      "browser.page.FCP.https://practice.expandtesting.com/login": {
        "min": 716.6,
        "max": 23073.1,
        "count": 59,
        "mean": 6279.4,
        "p50": 4065.2,
        "median": 4065.2,
        "p75": 7865.6,
        "p90": 13770.3,
        "p95": 16486.1,
        "p99": 21813.5,
        "p999": 21813.5
      },
      "browser.page.TTFB.https://practice.expandtesting.com/login": {
        "min": 372.4,
        "max": 2140.3,
        "count": 59,
        "mean": 893.1,
        "p50": 788.5,
        "median": 788.5,
        "p75": 1153.1,
        "p90": 1326.4,
        "p95": 1436.8,
        "p99": 2018.7,
        "p999": 2018.7
      },
      "browser.page.LCP.https://practice.expandtesting.com/login": {
        "min": 716.6,
        "max": 23073.1,
        "count": 59,
        "mean": 6279.4,
        "p50": 4065.2,
        "median": 4065.2,
        "p75": 7865.6,
        "p90": 13770.3,
        "p95": 16486.1,
        "p99": 21813.5,
        "p999": 21813.5
      },
      "browser.page.FID.https://practice.expandtesting.com/login": {
        "min": 0.4,
        "max": 1.4,
        "count": 59,
        "mean": 0.5,
        "p50": 0.5,
        "median": 0.5,
        "p75": 0.6,
        "p90": 0.6,
        "p95": 0.8,
        "p99": 1.2,
        "p999": 1.2
      },
      "browser.page.INP.https://practice.expandtesting.com/login": {
        "min": 8,
        "max": 24,
        "count": 59,
        "mean": 15.7,
        "p50": 16,
        "median": 16,
        "p75": 16,
        "p90": 16,
        "p95": 16,
        "p99": 16,
        "p999": 16
      },
      "browser.page.CLS.https://practice.expandtesting.com/login": {
        "min": 0.1,
        "max": 0.2,
        "count": 59,
        "mean": 0.1,
        "p50": 0.1,
        "median": 0.1,
        "p75": 0.1,
        "p90": 0.2,
        "p95": 0.2,
        "p99": 0.2,
        "p999": 0.2
      },
      "browser.page.FCP.https://practice.expandtesting.com/secure": {
        "min": 857,
        "max": 2945.7,
        "count": 59,
        "mean": 1539.4,
        "p50": 1525.7,
        "median": 1525.7,
        "p75": 1755,
        "p90": 2059.5,
        "p95": 2369,
        "p99": 2671,
        "p999": 2671
      },
      "vusers.session_length": {
        "min": 4174.4,
        "max": 26399.3,
        "count": 59,
        "mean": 11730.7,
        "p50": 10617.5,
        "median": 10617.5,
        "p75": 13770.3,
        "p90": 19737.6,
        "p95": 20958.1,
        "p99": 26115.6,
        "p999": 26115.6
      },
      "browser.page.TTFB.https://practice.expandtesting.com/secure": {
        "min": 691.8,
        "max": 691.8,
        "count": 1,
        "mean": 691.8,
        "p50": 685.5,
        "median": 685.5,
        "p75": 685.5,
        "p90": 685.5,
        "p95": 685.5,
        "p99": 685.5,
        "p999": 685.5
      }
    },
    "histograms": {
      "browser.page.FCP.https://practice.expandtesting.com/login": {
        "min": 716.6,
        "max": 23073.1,
        "count": 59,
        "mean": 6279.4,
        "p50": 4065.2,
        "median": 4065.2,
        "p75": 7865.6,
        "p90": 13770.3,
        "p95": 16486.1,
        "p99": 21813.5,
        "p999": 21813.5
      },
      "browser.page.TTFB.https://practice.expandtesting.com/login": {
        "min": 372.4,
        "max": 2140.3,
        "count": 59,
        "mean": 893.1,
        "p50": 788.5,
        "median": 788.5,
        "p75": 1153.1,
        "p90": 1326.4,
        "p95": 1436.8,
        "p99": 2018.7,
        "p999": 2018.7
      },
      "browser.page.LCP.https://practice.expandtesting.com/login": {
        "min": 716.6,
        "max": 23073.1,
        "count": 59,
        "mean": 6279.4,
        "p50": 4065.2,
        "median": 4065.2,
        "p75": 7865.6,
        "p90": 13770.3,
        "p95": 16486.1,
        "p99": 21813.5,
        "p999": 21813.5
      },
      "browser.page.FID.https://practice.expandtesting.com/login": {
        "min": 0.4,
        "max": 1.4,
        "count": 59,
        "mean": 0.5,
        "p50": 0.5,
        "median": 0.5,
        "p75": 0.6,
        "p90": 0.6,
        "p95": 0.8,
        "p99": 1.2,
        "p999": 1.2
      },
      "browser.page.INP.https://practice.expandtesting.com/login": {
        "min": 8,
        "max": 24,
        "count": 59,
        "mean": 15.7,
        "p50": 16,
        "median": 16,
        "p75": 16,
        "p90": 16,
        "p95": 16,
        "p99": 16,
        "p999": 16
      },
      "browser.page.CLS.https://practice.expandtesting.com/login": {
        "min": 0.1,
        "max": 0.2,
        "count": 59,
        "mean": 0.1,
        "p50": 0.1,
        "median": 0.1,
        "p75": 0.1,
        "p90": 0.2,
        "p95": 0.2,
        "p99": 0.2,
        "p999": 0.2
      },
      "browser.page.FCP.https://practice.expandtesting.com/secure": {
        "min": 857,
        "max": 2945.7,
        "count": 59,
        "mean": 1539.4,
        "p50": 1525.7,
        "median": 1525.7,
        "p75": 1755,
        "p90": 2059.5,
        "p95": 2369,
        "p99": 2671,
        "p999": 2671
      },
      "vusers.session_length": {
        "min": 4174.4,
        "max": 26399.3,
        "count": 59,
        "mean": 11730.7,
        "p50": 10617.5,
        "median": 10617.5,
        "p75": 13770.3,
        "p90": 19737.6,
        "p95": 20958.1,
        "p99": 26115.6,
        "p999": 26115.6
      },
      "browser.page.TTFB.https://practice.expandtesting.com/secure": {
        "min": 691.8,
        "max": 691.8,
        "count": 1,
        "mean": 691.8,
        "p50": 685.5,
        "median": 685.5,
        "p75": 685.5,
        "p90": 685.5,
        "p95": 685.5,
        "p99": 685.5,
        "p999": 685.5
      }
    }
  },
  "intermediate": [
    {
      "counters": {
        "vusers.created_by_name.Login Performance Test": 2,
        "vusers.created": 2
      },
      "rates": {},
      "firstCounterAt": 1745342509477,
      "lastCounterAt": 1745342509528,
      "firstMetricAt": 1745342509477,
      "lastMetricAt": 1745342509528,
      "period": "1745342500000",
      "summaries": {},
      "histograms": {}
    },
    {
      "counters": {
        "browser.page.codes.200": 590,
        "browser.http_requests": 707,
        "vusers.created_by_name.Login Performance Test": 20,
        "vusers.created": 20,
        "browser.page.codes.204": 126,
        "browser.page.codes.302": 17,
        "browser.page.codes.304": 37,
        "vusers.failed": 0,
        "vusers.completed": 8
      },
      "rates": {},
      "firstCounterAt": 1745342510420,
      "firstHistogramAt": 1745342510915,
      "lastCounterAt": 1745342519986,
      "lastHistogramAt": 1745342519824,
      "firstMetricAt": 1745342510420,
      "lastMetricAt": 1745342519986,
      "period": "1745342510000",
      "summaries": {
        "browser.page.FCP.https://practice.expandtesting.com/login": {
          "min": 716.6,
          "max": 3702.6,
          "count": 16,
          "mean": 1690.1,
          "p50": 1064.4,
          "median": 1064.4,
          "p75": 2465.6,
          "p90": 2725,
          "p95": 3678.4,
          "p99": 3678.4,
          "p999": 3678.4
        },
        "browser.page.TTFB.https://practice.expandtesting.com/login": {
          "min": 372.4,
          "max": 578.1,
          "count": 12,
          "mean": 471.5,
          "p50": 441.5,
          "median": 441.5,
          "p75": 487.9,
          "p90": 507.8,
          "p95": 572.6,
          "p99": 572.6,
          "p999": 572.6
        },
        "browser.page.LCP.https://practice.expandtesting.com/login": {
          "min": 716.6,
          "max": 1471.8,
          "count": 9,
          "mean": 967.9,
          "p50": 907,
          "median": 907,
          "p75": 1064.4,
          "p90": 1064.4,
          "p95": 1064.4,
          "p99": 1064.4,
          "p999": 1064.4
        },
        "browser.page.FID.https://practice.expandtesting.com/login": {
          "min": 0.4,
          "max": 1.4,
          "count": 9,
          "mean": 0.7,
          "p50": 0.5,
          "median": 0.5,
          "p75": 0.8,
          "p90": 1.2,
          "p95": 1.2,
          "p99": 1.2,
          "p999": 1.2
        },
        "browser.page.INP.https://practice.expandtesting.com/login": {
          "min": 8,
          "max": 16,
          "count": 8,
          "mean": 15,
          "p50": 16,
          "median": 16,
          "p75": 16,
          "p90": 16,
          "p95": 16,
          "p99": 16,
          "p999": 16
        },
        "browser.page.CLS.https://practice.expandtesting.com/login": {
          "min": 0.1,
          "max": 0.1,
          "count": 8,
          "mean": 0.1,
          "p50": 0.1,
          "median": 0.1,
          "p75": 0.1,
          "p90": 0.1,
          "p95": 0.1,
          "p99": 0.1,
          "p999": 0.1
        },
        "browser.page.FCP.https://practice.expandtesting.com/secure": {
          "min": 1063.1,
          "max": 1822.5,
          "count": 8,
          "mean": 1349.5,
          "p50": 1107.9,
          "median": 1107.9,
          "p75": 1755,
          "p90": 1755,
          "p95": 1755,
          "p99": 1755,
          "p999": 1755
        },
        "vusers.session_length": {
          "min": 4174.4,
          "max": 6044.2,
          "count": 8,
          "mean": 4893.9,
          "p50": 4867,
          "median": 4867,
          "p75": 5168,
          "p90": 5272.4,
          "p95": 5272.4,
          "p99": 5272.4,
          "p999": 5272.4
        }
      },
      "histograms": {
        "browser.page.FCP.https://practice.expandtesting.com/login": {
          "min": 716.6,
          "max": 3702.6,
          "count": 16,
          "mean": 1690.1,
          "p50": 1064.4,
          "median": 1064.4,
          "p75": 2465.6,
          "p90": 2725,
          "p95": 3678.4,
          "p99": 3678.4,
          "p999": 3678.4
        },
        "browser.page.TTFB.https://practice.expandtesting.com/login": {
          "min": 372.4,
          "max": 578.1,
          "count": 12,
          "mean": 471.5,
          "p50": 441.5,
          "median": 441.5,
          "p75": 487.9,
          "p90": 507.8,
          "p95": 572.6,
          "p99": 572.6,
          "p999": 572.6
        },
        "browser.page.LCP.https://practice.expandtesting.com/login": {
          "min": 716.6,
          "max": 1471.8,
          "count": 9,
          "mean": 967.9,
          "p50": 907,
          "median": 907,
          "p75": 1064.4,
          "p90": 1064.4,
          "p95": 1064.4,
          "p99": 1064.4,
          "p999": 1064.4
        },
        "browser.page.FID.https://practice.expandtesting.com/login": {
          "min": 0.4,
          "max": 1.4,
          "count": 9,
          "mean": 0.7,
          "p50": 0.5,
          "median": 0.5,
          "p75": 0.8,
          "p90": 1.2,
          "p95": 1.2,
          "p99": 1.2,
          "p999": 1.2
        },
        "browser.page.INP.https://practice.expandtesting.com/login": {
          "min": 8,
          "max": 16,
          "count": 8,
          "mean": 15,
          "p50": 16,
          "median": 16,
          "p75": 16,
          "p90": 16,
          "p95": 16,
          "p99": 16,
          "p999": 16
        },
        "browser.page.CLS.https://practice.expandtesting.com/login": {
          "min": 0.1,
          "max": 0.1,
          "count": 8,
          "mean": 0.1,
          "p50": 0.1,
          "median": 0.1,
          "p75": 0.1,
          "p90": 0.1,
          "p95": 0.1,
          "p99": 0.1,
          "p999": 0.1
        },
        "browser.page.FCP.https://practice.expandtesting.com/secure": {
          "min": 1063.1,
          "max": 1822.5,
          "count": 8,
          "mean": 1349.5,
          "p50": 1107.9,
          "median": 1107.9,
          "p75": 1755,
          "p90": 1755,
          "p95": 1755,
          "p99": 1755,
          "p999": 1755
        },
        "vusers.session_length": {
          "min": 4174.4,
          "max": 6044.2,
          "count": 8,
          "mean": 4893.9,
          "p50": 4867,
          "median": 4867,
          "p75": 5168,
          "p90": 5272.4,
          "p95": 5272.4,
          "p99": 5272.4,
          "p999": 5272.4
        }
      }
    },
    {
      "counters": {
        "browser.page.codes.200": 699,
        "browser.http_requests": 904,
        "browser.page.codes.204": 216,
        "browser.page.codes.302": 38,
        "vusers.created_by_name.Login Performance Test": 20,
        "vusers.created": 20,
        "browser.page.codes.304": 56,
        "vusers.failed": 0,
        "vusers.completed": 14,
        "browser.page.codes.307": 1,
        "browser.page.codes.303": 1,
        "browser.page.codes.400": 2
      },
      "rates": {},
      "firstCounterAt": 1745342520046,
      "firstHistogramAt": 1745342520050,
      "lastCounterAt": 1745342529964,
      "lastHistogramAt": 1745342529968,
      "firstMetricAt": 1745342520046,
      "lastMetricAt": 1745342529968,
      "period": "1745342520000",
      "summaries": {
        "browser.page.LCP.https://practice.expandtesting.com/login": {
          "min": 1472.5,
          "max": 4454.1,
          "count": 15,
          "mean": 3070.5,
          "p50": 3011.6,
          "median": 3011.6,
          "p75": 3678.4,
          "p90": 3678.4,
          "p95": 4147.4,
          "p99": 4147.4,
          "p999": 4147.4
        },
        "browser.page.FID.https://practice.expandtesting.com/login": {
          "min": 0.4,
          "max": 0.6,
          "count": 15,
          "mean": 0.5,
          "p50": 0.5,
          "median": 0.5,
          "p75": 0.6,
          "p90": 0.6,
          "p95": 0.6,
          "p99": 0.6,
          "p999": 0.6
        },
        "browser.page.INP.https://practice.expandtesting.com/login": {
          "min": 8,
          "max": 16,
          "count": 14,
          "mean": 15.4,
          "p50": 16,
          "median": 16,
          "p75": 16,
          "p90": 16,
          "p95": 16,
          "p99": 16,
          "p999": 16
        },
        "browser.page.CLS.https://practice.expandtesting.com/login": {
          "min": 0.1,
          "max": 0.2,
          "count": 14,
          "mean": 0.1,
          "p50": 0.1,
          "median": 0.1,
          "p75": 0.1,
          "p90": 0.1,
          "p95": 0.2,
          "p99": 0.2,
          "p999": 0.2
        },
        "browser.page.FCP.https://practice.expandtesting.com/secure": {
          "min": 1252.7,
          "max": 2193.2,
          "count": 14,
          "mean": 1578.3,
          "p50": 1495.5,
          "median": 1495.5,
          "p75": 1587.9,
          "p90": 1790.4,
          "p95": 2059.5,
          "p99": 2059.5,
          "p999": 2059.5
        },
        "vusers.session_length": {
          "min": 7352.3,
          "max": 11303.5,
          "count": 14,
          "mean": 8549.4,
          "p50": 8186.6,
          "median": 8186.6,
          "p75": 8868.4,
          "p90": 9230.4,
          "p95": 9416.8,
          "p99": 9416.8,
          "p999": 9416.8
        },
        "browser.page.FCP.https://practice.expandtesting.com/login": {
          "min": 2678.7,
          "max": 4454.1,
          "count": 11,
          "mean": 3320.1,
          "p50": 3328.3,
          "median": 3328.3,
          "p75": 3328.3,
          "p90": 4147.4,
          "p95": 4147.4,
          "p99": 4147.4,
          "p999": 4147.4
        },
        "browser.page.TTFB.https://practice.expandtesting.com/login": {
          "min": 534.8,
          "max": 1442.9,
          "count": 13,
          "mean": 973.3,
          "p50": 1043.3,
          "median": 1043.3,
          "p75": 1200.1,
          "p90": 1274.3,
          "p95": 1408.4,
          "p99": 1408.4,
          "p999": 1408.4
        }
      },
      "histograms": {
        "browser.page.LCP.https://practice.expandtesting.com/login": {
          "min": 1472.5,
          "max": 4454.1,
          "count": 15,
          "mean": 3070.5,
          "p50": 3011.6,
          "median": 3011.6,
          "p75": 3678.4,
          "p90": 3678.4,
          "p95": 4147.4,
          "p99": 4147.4,
          "p999": 4147.4
        },
        "browser.page.FID.https://practice.expandtesting.com/login": {
          "min": 0.4,
          "max": 0.6,
          "count": 15,
          "mean": 0.5,
          "p50": 0.5,
          "median": 0.5,
          "p75": 0.6,
          "p90": 0.6,
          "p95": 0.6,
          "p99": 0.6,
          "p999": 0.6
        },
        "browser.page.INP.https://practice.expandtesting.com/login": {
          "min": 8,
          "max": 16,
          "count": 14,
          "mean": 15.4,
          "p50": 16,
          "median": 16,
          "p75": 16,
          "p90": 16,
          "p95": 16,
          "p99": 16,
          "p999": 16
        },
        "browser.page.CLS.https://practice.expandtesting.com/login": {
          "min": 0.1,
          "max": 0.2,
          "count": 14,
          "mean": 0.1,
          "p50": 0.1,
          "median": 0.1,
          "p75": 0.1,
          "p90": 0.1,
          "p95": 0.2,
          "p99": 0.2,
          "p999": 0.2
        },
        "browser.page.FCP.https://practice.expandtesting.com/secure": {
          "min": 1252.7,
          "max": 2193.2,
          "count": 14,
          "mean": 1578.3,
          "p50": 1495.5,
          "median": 1495.5,
          "p75": 1587.9,
          "p90": 1790.4,
          "p95": 2059.5,
          "p99": 2059.5,
          "p999": 2059.5
        },
        "vusers.session_length": {
          "min": 7352.3,
          "max": 11303.5,
          "count": 14,
          "mean": 8549.4,
          "p50": 8186.6,
          "median": 8186.6,
          "p75": 8868.4,
          "p90": 9230.4,
          "p95": 9416.8,
          "p99": 9416.8,
          "p999": 9416.8
        },
        "browser.page.FCP.https://practice.expandtesting.com/login": {
          "min": 2678.7,
          "max": 4454.1,
          "count": 11,
          "mean": 3320.1,
          "p50": 3328.3,
          "median": 3328.3,
          "p75": 3328.3,
          "p90": 4147.4,
          "p95": 4147.4,
          "p99": 4147.4,
          "p999": 4147.4
        },
        "browser.page.TTFB.https://practice.expandtesting.com/login": {
          "min": 534.8,
          "max": 1442.9,
          "count": 13,
          "mean": 973.3,
          "p50": 1043.3,
          "median": 1043.3,
          "p75": 1200.1,
          "p90": 1274.3,
          "p95": 1408.4,
          "p99": 1408.4,
          "p999": 1408.4
        }
      }
    },
    {
      "counters": {
        "browser.page.codes.200": 757,
        "browser.http_requests": 918,
        "browser.page.codes.204": 218,
        "vusers.created_by_name.Login Performance Test": 18,
        "vusers.created": 18,
        "browser.page.codes.302": 41,
        "browser.page.codes.304": 41,
        "vusers.failed": 0,
        "vusers.completed": 11
      },
      "rates": {},
      "firstCounterAt": 1745342530038,
      "firstHistogramAt": 1745342530086,
      "lastCounterAt": 1745342539980,
      "lastHistogramAt": 1745342539887,
      "firstMetricAt": 1745342530038,
      "lastMetricAt": 1745342539980,
      "period": "1745342530000",
      "summaries": {
        "browser.page.TTFB.https://practice.expandtesting.com/login": {
          "min": 532.3,
          "max": 1321,
          "count": 15,
          "mean": 931,
          "p50": 963.1,
          "median": 963.1,
          "p75": 1176.4,
          "p90": 1224.4,
          "p95": 1300.1,
          "p99": 1300.1,
          "p999": 1300.1
        },
        "browser.page.FCP.https://practice.expandtesting.com/login": {
          "min": 1744.6,
          "max": 11907.9,
          "count": 16,
          "mean": 5348.7,
          "p50": 4492.8,
          "median": 4492.8,
          "p75": 6569.8,
          "p90": 7260.8,
          "p95": 8352,
          "p99": 8352,
          "p999": 8352
        },
        "browser.page.LCP.https://practice.expandtesting.com/login": {
          "min": 1744.6,
          "max": 8423.1,
          "count": 15,
          "mean": 4784.4,
          "p50": 4492.8,
          "median": 4492.8,
          "p75": 6439.7,
          "p90": 6976.1,
          "p95": 7260.8,
          "p99": 7260.8,
          "p999": 7260.8
        },
        "browser.page.FID.https://practice.expandtesting.com/login": {
          "min": 0.4,
          "max": 0.7,
          "count": 15,
          "mean": 0.5,
          "p50": 0.5,
          "median": 0.5,
          "p75": 0.5,
          "p90": 0.6,
          "p95": 0.6,
          "p99": 0.6,
          "p999": 0.6
        },
        "browser.page.INP.https://practice.expandtesting.com/login": {
          "min": 16,
          "max": 16,
          "count": 12,
          "mean": 16,
          "p50": 16,
          "median": 16,
          "p75": 16,
          "p90": 16,
          "p95": 16,
          "p99": 16,
          "p999": 16
        },
        "browser.page.CLS.https://practice.expandtesting.com/login": {
          "min": 0.1,
          "max": 0.2,
          "count": 12,
          "mean": 0.1,
          "p50": 0.1,
          "median": 0.1,
          "p75": 0.1,
          "p90": 0.1,
          "p95": 0.2,
          "p99": 0.2,
          "p999": 0.2
        },
        "browser.page.FCP.https://practice.expandtesting.com/secure": {
          "min": 1334.5,
          "max": 2379.3,
          "count": 11,
          "mean": 1657.4,
          "p50": 1587.9,
          "median": 1587.9,
          "p75": 1620,
          "p90": 1901.1,
          "p95": 1901.1,
          "p99": 1901.1,
          "p999": 1901.1
        },
        "vusers.session_length": {
          "min": 7071.8,
          "max": 13279.4,
          "count": 11,
          "mean": 10840,
          "p50": 11050.8,
          "median": 11050.8,
          "p75": 11971.2,
          "p90": 12459.8,
          "p95": 12459.8,
          "p99": 12459.8,
          "p999": 12459.8
        }
      },
      "histograms": {
        "browser.page.TTFB.https://practice.expandtesting.com/login": {
          "min": 532.3,
          "max": 1321,
          "count": 15,
          "mean": 931,
          "p50": 963.1,
          "median": 963.1,
          "p75": 1176.4,
          "p90": 1224.4,
          "p95": 1300.1,
          "p99": 1300.1,
          "p999": 1300.1
        },
        "browser.page.FCP.https://practice.expandtesting.com/login": {
          "min": 1744.6,
          "max": 11907.9,
          "count": 16,
          "mean": 5348.7,
          "p50": 4492.8,
          "median": 4492.8,
          "p75": 6569.8,
          "p90": 7260.8,
          "p95": 8352,
          "p99": 8352,
          "p999": 8352
        },
        "browser.page.LCP.https://practice.expandtesting.com/login": {
          "min": 1744.6,
          "max": 8423.1,
          "count": 15,
          "mean": 4784.4,
          "p50": 4492.8,
          "median": 4492.8,
          "p75": 6439.7,
          "p90": 6976.1,
          "p95": 7260.8,
          "p99": 7260.8,
          "p999": 7260.8
        },
        "browser.page.FID.https://practice.expandtesting.com/login": {
          "min": 0.4,
          "max": 0.7,
          "count": 15,
          "mean": 0.5,
          "p50": 0.5,
          "median": 0.5,
          "p75": 0.5,
          "p90": 0.6,
          "p95": 0.6,
          "p99": 0.6,
          "p999": 0.6
        },
        "browser.page.INP.https://practice.expandtesting.com/login": {
          "min": 16,
          "max": 16,
          "count": 12,
          "mean": 16,
          "p50": 16,
          "median": 16,
          "p75": 16,
          "p90": 16,
          "p95": 16,
          "p99": 16,
          "p999": 16
        },
        "browser.page.CLS.https://practice.expandtesting.com/login": {
          "min": 0.1,
          "max": 0.2,
          "count": 12,
          "mean": 0.1,
          "p50": 0.1,
          "median": 0.1,
          "p75": 0.1,
          "p90": 0.1,
          "p95": 0.2,
          "p99": 0.2,
          "p999": 0.2
        },
        "browser.page.FCP.https://practice.expandtesting.com/secure": {
          "min": 1334.5,
          "max": 2379.3,
          "count": 11,
          "mean": 1657.4,
          "p50": 1587.9,
          "median": 1587.9,
          "p75": 1620,
          "p90": 1901.1,
          "p95": 1901.1,
          "p99": 1901.1,
          "p999": 1901.1
        },
        "vusers.session_length": {
          "min": 7071.8,
          "max": 13279.4,
          "count": 11,
          "mean": 10840,
          "p50": 11050.8,
          "median": 11050.8,
          "p75": 11971.2,
          "p90": 12459.8,
          "p95": 12459.8,
          "p99": 12459.8,
          "p999": 12459.8
        }
      }
    },
    {
      "counters": {
        "browser.page.codes.204": 226,
        "browser.page.codes.200": 686,
        "browser.http_requests": 918,
        "browser.page.codes.302": 32,
        "browser.page.codes.304": 81,
        "vusers.failed": 1,
        "vusers.completed": 16,
        "errors.page.goto: Timeout 30000ms exceeded.": 1
      },
      "rates": {},
      "firstCounterAt": 1745342540018,
      "firstHistogramAt": 1745342540014,
      "lastCounterAt": 1745342549997,
      "lastHistogramAt": 1745342549906,
      "firstMetricAt": 1745342540014,
      "lastMetricAt": 1745342549997,
      "period": "1745342540000",
      "summaries": {
        "browser.page.INP.https://practice.expandtesting.com/login": {
          "min": 16,
          "max": 24,
          "count": 19,
          "mean": 16.4,
          "p50": 16,
          "median": 16,
          "p75": 16,
          "p90": 16,
          "p95": 16,
          "p99": 16,
          "p999": 16
        },
        "browser.page.CLS.https://practice.expandtesting.com/login": {
          "min": 0.1,
          "max": 0.2,
          "count": 19,
          "mean": 0.1,
          "p50": 0.1,
          "median": 0.1,
          "p75": 0.1,
          "p90": 0.2,
          "p95": 0.2,
          "p99": 0.2,
          "p999": 0.2
        },
        "browser.page.FCP.https://practice.expandtesting.com/secure": {
          "min": 907.3,
          "max": 2945.7,
          "count": 18,
          "mean": 1729.6,
          "p50": 1720.2,
          "median": 1720.2,
          "p75": 1978.7,
          "p90": 2566.3,
          "p95": 2671,
          "p99": 2671,
          "p999": 2671
        },
        "vusers.session_length": {
          "min": 9512.5,
          "max": 21067.4,
          "count": 16,
          "mean": 13880.4,
          "p50": 12711.5,
          "median": 12711.5,
          "p75": 16159.7,
          "p90": 18963.6,
          "p95": 19737.6,
          "p99": 19737.6,
          "p999": 19737.6
        },
        "browser.page.TTFB.https://practice.expandtesting.com/login": {
          "min": 690.7,
          "max": 2140.3,
          "count": 14,
          "mean": 1150.8,
          "p50": 820.7,
          "median": 820.7,
          "p75": 1300.1,
          "p90": 1620,
          "p95": 2018.7,
          "p99": 2018.7,
          "p999": 2018.7
        },
        "browser.page.FCP.https://practice.expandtesting.com/login": {
          "min": 7498.8,
          "max": 23073.1,
          "count": 13,
          "mean": 13545.2,
          "p50": 13770.3,
          "median": 13770.3,
          "p75": 16486.1,
          "p90": 18963.6,
          "p95": 21813.5,
          "p99": 21813.5,
          "p999": 21813.5
        },
        "browser.page.LCP.https://practice.expandtesting.com/login": {
          "min": 1951.1,
          "max": 23073.1,
          "count": 15,
          "mean": 11429.1,
          "p50": 9999.2,
          "median": 9999.2,
          "p75": 13770.3,
          "p90": 18963.6,
          "p95": 21813.5,
          "p99": 21813.5,
          "p999": 21813.5
        },
        "browser.page.FID.https://practice.expandtesting.com/login": {
          "min": 0.4,
          "max": 0.6,
          "count": 15,
          "mean": 0.5,
          "p50": 0.5,
          "median": 0.5,
          "p75": 0.5,
          "p90": 0.6,
          "p95": 0.6,
          "p99": 0.6,
          "p999": 0.6
        }
      },
      "histograms": {
        "browser.page.INP.https://practice.expandtesting.com/login": {
          "min": 16,
          "max": 24,
          "count": 19,
          "mean": 16.4,
          "p50": 16,
          "median": 16,
          "p75": 16,
          "p90": 16,
          "p95": 16,
          "p99": 16,
          "p999": 16
        },
        "browser.page.CLS.https://practice.expandtesting.com/login": {
          "min": 0.1,
          "max": 0.2,
          "count": 19,
          "mean": 0.1,
          "p50": 0.1,
          "median": 0.1,
          "p75": 0.1,
          "p90": 0.2,
          "p95": 0.2,
          "p99": 0.2,
          "p999": 0.2
        },
        "browser.page.FCP.https://practice.expandtesting.com/secure": {
          "min": 907.3,
          "max": 2945.7,
          "count": 18,
          "mean": 1729.6,
          "p50": 1720.2,
          "median": 1720.2,
          "p75": 1978.7,
          "p90": 2566.3,
          "p95": 2671,
          "p99": 2671,
          "p999": 2671
        },
        "vusers.session_length": {
          "min": 9512.5,
          "max": 21067.4,
          "count": 16,
          "mean": 13880.4,
          "p50": 12711.5,
          "median": 12711.5,
          "p75": 16159.7,
          "p90": 18963.6,
          "p95": 19737.6,
          "p99": 19737.6,
          "p999": 19737.6
        },
        "browser.page.TTFB.https://practice.expandtesting.com/login": {
          "min": 690.7,
          "max": 2140.3,
          "count": 14,
          "mean": 1150.8,
          "p50": 820.7,
          "median": 820.7,
          "p75": 1300.1,
          "p90": 1620,
          "p95": 2018.7,
          "p99": 2018.7,
          "p999": 2018.7
        },
        "browser.page.FCP.https://practice.expandtesting.com/login": {
          "min": 7498.8,
          "max": 23073.1,
          "count": 13,
          "mean": 13545.2,
          "p50": 13770.3,
          "median": 13770.3,
          "p75": 16486.1,
          "p90": 18963.6,
          "p95": 21813.5,
          "p99": 21813.5,
          "p999": 21813.5
        },
        "browser.page.LCP.https://practice.expandtesting.com/login": {
          "min": 1951.1,
          "max": 23073.1,
          "count": 15,
          "mean": 11429.1,
          "p50": 9999.2,
          "median": 9999.2,
          "p75": 13770.3,
          "p90": 18963.6,
          "p95": 21813.5,
          "p99": 21813.5,
          "p999": 21813.5
        },
        "browser.page.FID.https://practice.expandtesting.com/login": {
          "min": 0.4,
          "max": 0.6,
          "count": 15,
          "mean": 0.5,
          "p50": 0.5,
          "median": 0.5,
          "p75": 0.5,
          "p90": 0.6,
          "p95": 0.6,
          "p99": 0.6,
          "p999": 0.6
        }
      }
    },
    {
      "counters": {
        "browser.page.codes.204": 68,
        "browser.http_requests": 285,
        "browser.page.codes.304": 43,
        "browser.page.codes.200": 189,
        "vusers.failed": 0,
        "vusers.completed": 10,
        "browser.page.codes.302": 10
      },
      "rates": {},
      "firstCounterAt": 1745342550002,
      "firstHistogramAt": 1745342550018,
      "lastCounterAt": 1745342558528,
      "lastHistogramAt": 1745342558528,
      "firstMetricAt": 1745342550002,
      "lastMetricAt": 1745342558528,
      "period": "1745342550000",
      "summaries": {
        "browser.page.TTFB.https://practice.expandtesting.com/login": {
          "min": 693.9,
          "max": 1041.8,
          "count": 5,
          "mean": 860.9,
          "p50": 804.5,
          "median": 804.5,
          "p75": 982.6,
          "p90": 982.6,
          "p95": 982.6,
          "p99": 982.6,
          "p999": 982.6
        },
        "browser.page.INP.https://practice.expandtesting.com/login": {
          "min": 8,
          "max": 16,
          "count": 6,
          "mean": 14.7,
          "p50": 16,
          "median": 16,
          "p75": 16,
          "p90": 16,
          "p95": 16,
          "p99": 16,
          "p999": 16
        },
        "browser.page.CLS.https://practice.expandtesting.com/login": {
          "min": 0.1,
          "max": 0.2,
          "count": 6,
          "mean": 0.1,
          "p50": 0.1,
          "median": 0.1,
          "p75": 0.1,
          "p90": 0.1,
          "p95": 0.1,
          "p99": 0.1,
          "p999": 0.1
        },
        "browser.page.TTFB.https://practice.expandtesting.com/secure": {
          "min": 691.8,
          "max": 691.8,
          "count": 1,
          "mean": 691.8,
          "p50": 685.5,
          "median": 685.5,
          "p75": 685.5,
          "p90": 685.5,
          "p95": 685.5,
          "p99": 685.5,
          "p999": 685.5
        },
        "vusers.session_length": {
          "min": 11724.8,
          "max": 26399.3,
          "count": 10,
          "mean": 19194,
          "p50": 18588.1,
          "median": 18588.1,
          "p75": 20958.1,
          "p90": 26115.6,
          "p95": 26115.6,
          "p99": 26115.6,
          "p999": 26115.6
        },
        "browser.page.FCP.https://practice.expandtesting.com/secure": {
          "min": 857,
          "max": 1516.5,
          "count": 8,
          "mean": 1070.8,
          "p50": 944,
          "median": 944,
          "p75": 963.1,
          "p90": 1465.9,
          "p95": 1465.9,
          "p99": 1465.9,
          "p999": 1465.9
        },
        "browser.page.LCP.https://practice.expandtesting.com/login": {
          "min": 13497.1,
          "max": 16517.2,
          "count": 5,
          "mean": 14502.6,
          "p50": 13770.3,
          "median": 13770.3,
          "p75": 14917.2,
          "p90": 14917.2,
          "p95": 14917.2,
          "p99": 14917.2,
          "p999": 14917.2
        },
        "browser.page.FID.https://practice.expandtesting.com/login": {
          "min": 0.4,
          "max": 0.8,
          "count": 5,
          "mean": 0.6,
          "p50": 0.6,
          "median": 0.6,
          "p75": 0.7,
          "p90": 0.7,
          "p95": 0.7,
          "p99": 0.7,
          "p999": 0.7
        },
        "browser.page.FCP.https://practice.expandtesting.com/login": {
          "min": 13786.8,
          "max": 16517.2,
          "count": 3,
          "mean": 15085.8,
          "p50": 14917.2,
          "median": 14917.2,
          "p75": 14917.2,
          "p90": 14917.2,
          "p95": 14917.2,
          "p99": 14917.2,
          "p999": 14917.2
        }
      },
      "histograms": {
        "browser.page.TTFB.https://practice.expandtesting.com/login": {
          "min": 693.9,
          "max": 1041.8,
          "count": 5,
          "mean": 860.9,
          "p50": 804.5,
          "median": 804.5,
          "p75": 982.6,
          "p90": 982.6,
          "p95": 982.6,
          "p99": 982.6,
          "p999": 982.6
        },
        "browser.page.INP.https://practice.expandtesting.com/login": {
          "min": 8,
          "max": 16,
          "count": 6,
          "mean": 14.7,
          "p50": 16,
          "median": 16,
          "p75": 16,
          "p90": 16,
          "p95": 16,
          "p99": 16,
          "p999": 16
        },
        "browser.page.CLS.https://practice.expandtesting.com/login": {
          "min": 0.1,
          "max": 0.2,
          "count": 6,
          "mean": 0.1,
          "p50": 0.1,
          "median": 0.1,
          "p75": 0.1,
          "p90": 0.1,
          "p95": 0.1,
          "p99": 0.1,
          "p999": 0.1
        },
        "browser.page.TTFB.https://practice.expandtesting.com/secure": {
          "min": 691.8,
          "max": 691.8,
          "count": 1,
          "mean": 691.8,
          "p50": 685.5,
          "median": 685.5,
          "p75": 685.5,
          "p90": 685.5,
          "p95": 685.5,
          "p99": 685.5,
          "p999": 685.5
        },
        "vusers.session_length": {
          "min": 11724.8,
          "max": 26399.3,
          "count": 10,
          "mean": 19194,
          "p50": 18588.1,
          "median": 18588.1,
          "p75": 20958.1,
          "p90": 26115.6,
          "p95": 26115.6,
          "p99": 26115.6,
          "p999": 26115.6
        },
        "browser.page.FCP.https://practice.expandtesting.com/secure": {
          "min": 857,
          "max": 1516.5,
          "count": 8,
          "mean": 1070.8,
          "p50": 944,
          "median": 944,
          "p75": 963.1,
          "p90": 1465.9,
          "p95": 1465.9,
          "p99": 1465.9,
          "p999": 1465.9
        },
        "browser.page.LCP.https://practice.expandtesting.com/login": {
          "min": 13497.1,
          "max": 16517.2,
          "count": 5,
          "mean": 14502.6,
          "p50": 13770.3,
          "median": 13770.3,
          "p75": 14917.2,
          "p90": 14917.2,
          "p95": 14917.2,
          "p99": 14917.2,
          "p999": 14917.2
        },
        "browser.page.FID.https://practice.expandtesting.com/login": {
          "min": 0.4,
          "max": 0.8,
          "count": 5,
          "mean": 0.6,
          "p50": 0.6,
          "median": 0.6,
          "p75": 0.7,
          "p90": 0.7,
          "p95": 0.7,
          "p99": 0.7,
          "p999": 0.7
        },
        "browser.page.FCP.https://practice.expandtesting.com/login": {
          "min": 13786.8,
          "max": 16517.2,
          "count": 3,
          "mean": 15085.8,
          "p50": 14917.2,
          "median": 14917.2,
          "p75": 14917.2,
          "p90": 14917.2,
          "p95": 14917.2,
          "p99": 14917.2,
          "p999": 14917.2
        }
      }
    }
  ]
}