{
  "aggregate": {
    "counters": {
      "vusers.created_by_name.Login Performance Test": 60,
      "vusers.created": 60,
      "browser.page.codes.200": 3044,
      "browser.http_requests": 4000,
      "browser.page.codes.204": 902,
      "browser.page.codes.302": 140,
      "browser.page.codes.304": 313,
      "vusers.failed": 0,
      "vusers.completed": 60,
      "browser.page.codes.400": 2
    },
    "rates": {},
    "firstCounterAt": 1745346150095,
    "firstHistogramAt": 1745346151368,
    "lastCounterAt": 1745346184984,
    "lastHistogramAt": 1745346184984,
    "firstMetricAt": 1745346150095,
    "lastMetricAt": 1745346184984,
    "period": 1745346180000,
    "summaries": {
      "browser.page.FCP.https://practice.expandtesting.com/login": {
        "min": 843.2,
        "max": 3118.8,
        "count": 60,
        "mean": 1566,
        "p50": 1465.9,
        "median": 1465.9,
        "p75": 1863.5,
        "p90": 2101.1,
        "p95": 2618.1,
        "p99": 3011.6,
        "p999": 3011.6
      },
      "browser.page.TTFB.https://practice.expandtesting.com/login": {
        "min": 345.2,
        "max": 1182.8,
        "count": 60,
        "mean": 576.2,
        "p50": 528.6,
        "median": 528.6,
        "p75": 685.5,
        "p90": 907,
        "p95": 982.6,
        "p99": 1107.9,
        "p999": 1107.9
      },
      "browser.page.LCP.https://practice.expandtesting.com/login": {
        "min": 843.2,
        "max": 3118.8,
        "count": 60,
        "mean": 1566,
        "p50": 1465.9,
        "median": 1465.9,
        "p75": 1863.5,
        "p90": 2101.1,
        "p95": 2618.1,
        "p99": 3011.6,
        "p999": 3011.6
      },
      "browser.page.FID.https://practice.expandtesting.com/login": {
        "min": 0.3,
        "max": 0.7,
        "count": 60,
        "mean": 0.5,
        "p50": 0.5,
        "median": 0.5,
        "p75": 0.6,
        "p90": 0.6,
        "p95": 0.6,
        "p99": 0.7,
        "p999": 0.7
      },
      "browser.page.INP.https://practice.expandtesting.com/login": {
        "min": 0,
        "max": 32,
        "count": 60,
        "mean": 15.7,
        "p50": 16,
        "median": 16,
        "p75": 16,
        "p90": 16,
        "p95": 23.8,
        "p99": 32.1,
        "p999": 32.1
      },
      "browser.page.CLS.https://practice.expandtesting.com/login": {
        "min": 0.1,
        "max": 0.3,
        "count": 60,
        "mean": 0.1,
        "p50": 0.1,
        "median": 0.1,
        "p75": 0.1,
        "p90": 0.2,
        "p95": 0.2,
        "p99": 0.3,
        "p999": 0.3
      },
      "browser.page.FCP.https://practice.expandtesting.com/secure": {
        "min": 851.4,
        "max": 2207.3,
        "count": 60,
        "mean": 1206.3,
        "p50": 1153.1,
        "median": 1153.1,
        "p75": 1353.1,
        "p90": 1465.9,
        "p95": 1587.9,
        "p99": 1720.2,
        "p999": 1720.2
      },
      "vusers.session_length": {
        "min": 4260.6,
        "max": 9001.7,
        "count": 60,
        "mean": 5866.3,
        "p50": 5826.9,
        "median": 5826.9,
        "p75": 6439.7,
        "p90": 7709.8,
        "p95": 8024.5,
        "p99": 8186.6,
        "p999": 8186.6
      },
      "browser.page.TTFB.https://practice.expandtesting.com/secure": {
        "min": 594.6,
        "max": 613.1,
        "count": 2,
        "mean": 603.8,
        "p50": 596,
        "median": 596,
        "p75": 596,
        "p90": 596,
        "p95": 596,
        "p99": 596,
        "p999": 596
      }
    },
    "histograms": {
      "browser.page.FCP.https://practice.expandtesting.com/login": {
        "min": 843.2,
        "max": 3118.8,
        "count": 60,
        "mean": 1566,
        "p50": 1465.9,
        "median": 1465.9,
        "p75": 1863.5,
        "p90": 2101.1,
        "p95": 2618.1,
        "p99": 3011.6,
        "p999": 3011.6
      },
      "browser.page.TTFB.https://practice.expandtesting.com/login": {
        "min": 345.2,
        "max": 1182.8,
        "count": 60,
        "mean": 576.2,
        "p50": 528.6,
        "median": 528.6,
        "p75": 685.5,
        "p90": 907,
        "p95": 982.6,
        "p99": 1107.9,
        "p999": 1107.9
      },
      "browser.page.LCP.https://practice.expandtesting.com/login": {
        "min": 843.2,
        "max": 3118.8,
        "count": 60,
        "mean": 1566,
        "p50": 1465.9,
        "median": 1465.9,
        "p75": 1863.5,
        "p90": 2101.1,
        "p95": 2618.1,
        "p99": 3011.6,
        "p999": 3011.6
      },
      "browser.page.FID.https://practice.expandtesting.com/login": {
        "min": 0.3,
        "max": 0.7,
        "count": 60,
        "mean": 0.5,
        "p50": 0.5,
        "median": 0.5,
        "p75": 0.6,
        "p90": 0.6,
        "p95": 0.6,
        "p99": 0.7,
        "p999": 0.7
      },
      "browser.page.INP.https://practice.expandtesting.com/login": {
        "min": 0,
        "max": 32,
        "count": 60,
        "mean": 15.7,
        "p50": 16,
        "median": 16,
        "p75": 16,
        "p90": 16,
        "p95": 23.8,
        "p99": 32.1,
        "p999": 32.1
      },
      "browser.page.CLS.https://practice.expandtesting.com/login": {
        "min": 0.1,
        "max": 0.3,
        "count": 60,
        "mean": 0.1,
        "p50": 0.1,
        "median": 0.1,
        "p75": 0.1,
        "p90": 0.2,
        "p95": 0.2,
        "p99": 0.3,
        "p999": 0.3
      },
      "browser.page.FCP.https://practice.expandtesting.com/secure": {
        "min": 851.4,
        "max": 2207.3,
        "count": 60,
        "mean": 1206.3,
        "p50": 1153.1,
        "median": 1153.1,
        "p75": 1353.1,
        "p90": 1465.9,
        "p95": 1587.9,
        "p99": 1720.2,
        "p999": 1720.2
      },
      "vusers.session_length": {
        "min": 4260.6,
        "max": 9001.7,
        "count": 60,
        "mean": 5866.3,
        "p50": 5826.9,
        "median": 5826.9,
        "p75": 6439.7,
        "p90": 7709.8,
        "p95": 8024.5,
        "p99": 8186.6,
        "p999": 8186.6
      },
      "browser.page.TTFB.https://practice.expandtesting.com/secure": {
        "min": 594.6,
        "max": 613.1,
        "count": 2,
        "mean": 603.8,
        "p50": 596,
        "median": 596,
        "p75": 596,
        "p90": 596,
        "p95": 596,
        "p99": 596,
        "p999": 596
      }
    }
  },
  "intermediate": [
    {
      "counters": {
        "vusers.created_by_name.Login Performance Test": 20,
        "vusers.created": 20,
        "browser.page.codes.200": 747,
        "browser.http_requests": 977,
        "browser.page.codes.204": 219,
        "browser.page.codes.302": 28,
        "browser.page.codes.304": 67,
        "vusers.failed": 0,
        "vusers.completed": 10,
        "browser.page.codes.400": 2
      },
      "rates": {},
      "firstCounterAt": 1745346150095,
      "firstHistogramAt": 1745346151368,
      "lastCounterAt": 1745346159995,
      "lastHistogramAt": 1745346159992,
      "firstMetricAt": 1745346150095,
      "lastMetricAt": 1745346159995,
      "period": "1745346150000",
      "summaries": {
        "browser.page.FCP.https://practice.expandtesting.com/login": {
          "min": 999.8,
          "max": 1468.1,
          "count": 18,
          "mean": 1177.1,
          "p50": 1176.4,
          "median": 1176.4,
          "p75": 1249.1,
          "p90": 1326.4,
          "p95": 1436.8,
          "p99": 1436.8,
          "p999": 1436.8
        },
        "browser.page.TTFB.https://practice.expandtesting.com/login": {
          "min": 345.2,
          "max": 542.2,
          "count": 15,
          "mean": 403.9,
          "p50": 376.2,
          "median": 376.2,
          "p75": 424.2,
          "p90": 432.7,
          "p95": 478.3,
          "p99": 478.3,
          "p999": 478.3
        },
        "browser.page.LCP.https://practice.expandtesting.com/login": {
          "min": 1004.5,
          "max": 1468.1,
          "count": 14,
          "mean": 1179.4,
          "p50": 1107.9,
          "median": 1107.9,
          "p75": 1249.1,
          "p90": 1326.4,
          "p95": 1436.8,
          "p99": 1436.8,
          "p999": 1436.8
        },
        "browser.page.FID.https://practice.expandtesting.com/login": {
          "min": 0.3,
          "max": 0.7,
          "count": 14,
          "mean": 0.5,
          "p50": 0.5,
          "median": 0.5,
          "p75": 0.5,
          "p90": 0.6,
          "p95": 0.7,
          "p99": 0.7,
          "p999": 0.7
        },
        "browser.page.INP.https://practice.expandtesting.com/login": {
          "min": 8,
          "max": 32,
          "count": 12,
          "mean": 16,
          "p50": 16,
          "median": 16,
          "p75": 16,
          "p90": 16,
          "p95": 16,
          "p99": 16,
          "p999": 16
        },
        "browser.page.CLS.https://practice.expandtesting.com/login": {
          "min": 0.1,
          "max": 0.1,
          "count": 12,
          "mean": 0.1,
          "p50": 0.1,
          "median": 0.1,
          "p75": 0.1,
          "p90": 0.1,
          "p95": 0.1,
          "p99": 0.1,
          "p999": 0.1
        },
        "browser.page.FCP.https://practice.expandtesting.com/secure": {
          "min": 990.3,
          "max": 1357.6,
          "count": 12,
          "mean": 1091.3,
          "p50": 1085.9,
          "median": 1085.9,
          "p75": 1107.9,
          "p90": 1107.9,
          "p95": 1130.2,
          "p99": 1130.2,
          "p999": 1130.2
        },
        "vusers.session_length": {
          "min": 4509.8,
          "max": 5061.6,
          "count": 10,
          "mean": 4766,
          "p50": 4676.2,
          "median": 4676.2,
          "p75": 4867,
          "p90": 4965.3,
          "p95": 4965.3,
          "p99": 4965.3,
          "p999": 4965.3
        }
      },
      "histograms": {
        "browser.page.FCP.https://practice.expandtesting.com/login": {
          "min": 999.8,
          "max": 1468.1,
          "count": 18,
          "mean": 1177.1,
          "p50": 1176.4,
          "median": 1176.4,
          "p75": 1249.1,
          "p90": 1326.4,
          "p95": 1436.8,
          "p99": 1436.8,
          "p999": 1436.8
        },
        "browser.page.TTFB.https://practice.expandtesting.com/login": {
          "min": 345.2,
          "max": 542.2,
          "count": 15,
          "mean": 403.9,
          "p50": 376.2,
          "median": 376.2,
          "p75": 424.2,
          "p90": 432.7,
          "p95": 478.3,
          "p99": 478.3,
          "p999": 478.3
        },
        "browser.page.LCP.https://practice.expandtesting.com/login": {
          "min": 1004.5,
          "max": 1468.1,
          "count": 14,
          "mean": 1179.4,
          "p50": 1107.9,
          "median": 1107.9,
          "p75": 1249.1,
          "p90": 1326.4,
          "p95": 1436.8,
          "p99": 1436.8,
          "p999": 1436.8
        },
        "browser.page.FID.https://practice.expandtesting.com/login": {
          "min": 0.3,
          "max": 0.7,
          "count": 14,
          "mean": 0.5,
          "p50": 0.5,
          "median": 0.5,
          "p75": 0.5,
          "p90": 0.6,
          "p95": 0.7,
          "p99": 0.7,
          "p999": 0.7
        },
        "browser.page.INP.https://practice.expandtesting.com/login": {
          "min": 8,
          "max": 32,
          "count": 12,
          "mean": 16,
          "p50": 16,
          "median": 16,
          "p75": 16,
          "p90": 16,
          "p95": 16,
          "p99": 16,
          "p999": 16
        },
        "browser.page.CLS.https://practice.expandtesting.com/login": {
          "min": 0.1,
          "max": 0.1,
          "count": 12,
          "mean": 0.1,
          "p50": 0.1,
          "median": 0.1,
          "p75": 0.1,
          "p90": 0.1,
          "p95": 0.1,
          "p99": 0.1,
          "p999": 0.1
        },
        "browser.page.FCP.https://practice.expandtesting.com/secure": {
          "min": 990.3,
          "max": 1357.6,
          "count": 12,
          "mean": 1091.3,
          "p50": 1085.9,
          "median": 1085.9,
          "p75": 1107.9,
          "p90": 1107.9,
          "p95": 1130.2,
          "p99": 1130.2,
          "p999": 1130.2
        },
        "vusers.session_length": {
          "min": 4509.8,
          "max": 5061.6,
          "count": 10,
          "mean": 4766,
          "p50": 4676.2,
          "median": 4676.2,
          "p75": 4867,
          "p90": 4965.3,
          "p95": 4965.3,
          "p99": 4965.3,
          "p999": 4965.3
        }
      }
    },
    {
      "counters": {
        "browser.page.codes.200": 954,
        "browser.http_requests": 1217,
        "browser.page.codes.204": 262,
        "browser.page.codes.304": 91,
        "vusers.created_by_name.Login Performance Test": 20,
        "vusers.created": 20,
        "vusers.failed": 0,
        "vusers.completed": 17,
        "browser.page.codes.302": 40
      },
      "rates": {},
      "firstCounterAt": 1745346160002,
      "firstHistogramAt": 1745346160012,
      "lastCounterAt": 1745346169994,
      "lastHistogramAt": 1745346169940,
      "firstMetricAt": 1745346160002,
      "lastMetricAt": 1745346169994,
      "period": "1745346160000",
      "summaries": {
        "browser.page.INP.https://practice.expandtesting.com/login": {
          "min": 8,
          "max": 32,
          "count": 18,
          "mean": 17.3,
          "p50": 16,
          "median": 16,
          "p75": 16,
          "p90": 23.8,
          "p95": 32.1,
          "p99": 32.1,
          "p999": 32.1
        },
        "browser.page.CLS.https://practice.expandtesting.com/login": {
          "min": 0.1,
          "max": 0.3,
          "count": 18,
          "mean": 0.1,
          "p50": 0.1,
          "median": 0.1,
          "p75": 0.1,
          "p90": 0.1,
          "p95": 0.1,
          "p99": 0.1,
          "p999": 0.1
        },
        "browser.page.TTFB.https://practice.expandtesting.com/login": {
          "min": 348.7,
          "max": 1182.8,
          "count": 18,
          "mean": 539.4,
          "p50": 487.9,
          "median": 487.9,
          "p75": 528.6,
          "p90": 550.1,
          "p95": 1107.9,
          "p99": 1107.9,
          "p999": 1107.9
        },
        "browser.page.FCP.https://practice.expandtesting.com/login": {
          "min": 843.2,
          "max": 2676.2,
          "count": 20,
          "mean": 1527.1,
          "p50": 1495.5,
          "median": 1495.5,
          "p75": 1720.2,
          "p90": 1939.5,
          "p95": 2618.1,
          "p99": 2618.1,
          "p999": 2618.1
        },
        "vusers.session_length": {
          "min": 4260.6,
          "max": 7823.6,
          "count": 17,
          "mean": 5329.5,
          "p50": 4965.3,
          "median": 4965.3,
          "p75": 5711.5,
          "p90": 6838,
          "p95": 6838,
          "p99": 6838,
          "p999": 6838
        },
        "browser.page.FCP.https://practice.expandtesting.com/secure": {
          "min": 966.3,
          "max": 1661,
          "count": 16,
          "mean": 1198.7,
          "p50": 1043.3,
          "median": 1043.3,
          "p75": 1408.4,
          "p90": 1465.9,
          "p95": 1465.9,
          "p99": 1465.9,
          "p999": 1465.9
        },
        "browser.page.LCP.https://practice.expandtesting.com/login": {
          "min": 843.2,
          "max": 2623.5,
          "count": 17,
          "mean": 1334.2,
          "p50": 1224.4,
          "median": 1224.4,
          "p75": 1436.8,
          "p90": 1901.1,
          "p95": 1939.5,
          "p99": 1939.5,
          "p999": 1939.5
        },
        "browser.page.FID.https://practice.expandtesting.com/login": {
          "min": 0.4,
          "max": 0.6,
          "count": 17,
          "mean": 0.5,
          "p50": 0.5,
          "median": 0.5,
          "p75": 0.5,
          "p90": 0.6,
          "p95": 0.6,
          "p99": 0.6,
          "p999": 0.6
        }
      },
      "histograms": {
        "browser.page.INP.https://practice.expandtesting.com/login": {
          "min": 8,
          "max": 32,
          "count": 18,
          "mean": 17.3,
          "p50": 16,
          "median": 16,
          "p75": 16,
          "p90": 23.8,
          "p95": 32.1,
          "p99": 32.1,
          "p999": 32.1
        },
        "browser.page.CLS.https://practice.expandtesting.com/login": {
          "min": 0.1,
          "max": 0.3,
          "count": 18,
          "mean": 0.1,
          "p50": 0.1,
          "median": 0.1,
          "p75": 0.1,
          "p90": 0.1,
          "p95": 0.1,
          "p99": 0.1,
          "p999": 0.1
        },
        "browser.page.TTFB.https://practice.expandtesting.com/login": {
          "min": 348.7,
          "max": 1182.8,
          "count": 18,
          "mean": 539.4,
          "p50": 487.9,
          "median": 487.9,
          "p75": 528.6,
          "p90": 550.1,
          "p95": 1107.9,
          "p99": 1107.9,
          "p999": 1107.9
        },
        "browser.page.FCP.https://practice.expandtesting.com/login": {
          "min": 843.2,
          "max": 2676.2,
          "count": 20,
          "mean": 1527.1,
          "p50": 1495.5,
          "median": 1495.5,
          "p75": 1720.2,
          "p90": 1939.5,
          "p95": 2618.1,
          "p99": 2618.1,
          "p999": 2618.1
        },
        "vusers.session_length": {
          "min": 4260.6,
          "max": 7823.6,
          "count": 17,
          "mean": 5329.5,
          "p50": 4965.3,
          "median": 4965.3,
          "p75": 5711.5,
          "p90": 6838,
          "p95": 6838,
          "p99": 6838,
          "p999": 6838
        },
        "browser.page.FCP.https://practice.expandtesting.com/secure": {
          "min": 966.3,
          "max": 1661,
          "count": 16,
          "mean": 1198.7,
          "p50": 1043.3,
          "median": 1043.3,
          "p75": 1408.4,
          "p90": 1465.9,
          "p95": 1465.9,
          "p99": 1465.9,
          "p999": 1465.9
        },
        "browser.page.LCP.https://practice.expandtesting.com/login": {
          "min": 843.2,
          "max": 2623.5,
          "count": 17,
          "mean": 1334.2,
          "p50": 1224.4,
          "median": 1224.4,
          "p75": 1436.8,
          "p90": 1901.1,
          "p95": 1939.5,
          "p99": 1939.5,
          "p999": 1939.5
        },
        "browser.page.FID.https://practice.expandtesting.com/login": {
          "min": 0.4,
          "max": 0.6,
          "count": 17,
          "mean": 0.5,
          "p50": 0.5,
          "median": 0.5,
          "p75": 0.5,
          "p90": 0.6,
          "p95": 0.6,
          "p99": 0.6,
          "p999": 0.6
        }
      }
    },
    {
      "counters": {
        "browser.page.codes.200": 921,
        "browser.http_requests": 1202,
        "browser.page.codes.204": 265,
        "vusers.created_by_name.Login Performance Test": 20,
        "vusers.created": 20,
        "browser.page.codes.304": 93,
        "browser.page.codes.302": 46,
        "vusers.failed": 0,
        "vusers.completed": 21
      },
      "rates": {},
      "firstCounterAt": 1745346170000,
      "firstHistogramAt": 1745346170087,
      "lastCounterAt": 1745346179966,
      "lastHistogramAt": 1745346179970,
      "firstMetricAt": 1745346170000,
      "lastMetricAt": 1745346179970,
      "period": "1745346170000",
      "summaries": {
        "browser.page.LCP.https://practice.expandtesting.com/login": {
          "min": 929.3,
          "max": 2676.2,
          "count": 18,
          "mean": 1725.8,
          "p50": 1720.2,
          "median": 1720.2,
          "p75": 1826.6,
          "p90": 2059.5,
          "p95": 2515.5,
          "p99": 2515.5,
          "p999": 2515.5
        },
        "browser.page.FID.https://practice.expandtesting.com/login": {
          "min": 0.5,
          "max": 0.6,
          "count": 18,
          "mean": 0.6,
          "p50": 0.6,
          "median": 0.6,
          "p75": 0.6,
          "p90": 0.6,
          "p95": 0.6,
          "p99": 0.6,
          "p999": 0.6
        },
        "browser.page.FCP.https://practice.expandtesting.com/secure": {
          "min": 1018.8,
          "max": 2207.3,
          "count": 20,
          "mean": 1358.8,
          "p50": 1353.1,
          "median": 1353.1,
          "p75": 1436.8,
          "p90": 1587.9,
          "p95": 1720.2,
          "p99": 1720.2,
          "p999": 1720.2
        },
        "browser.page.FCP.https://practice.expandtesting.com/login": {
          "min": 929.3,
          "max": 3118.8,
          "count": 18,
          "mean": 1879.3,
          "p50": 1826.6,
          "median": 1826.6,
          "p75": 2018.7,
          "p90": 2515.5,
          "p95": 3011.6,
          "p99": 3011.6,
          "p999": 3011.6
        },
        "vusers.session_length": {
          "min": 5396.1,
          "max": 9001.7,
          "count": 21,
          "mean": 6557.6,
          "p50": 6439.7,
          "median": 6439.7,
          "p75": 6976.1,
          "p90": 7709.8,
          "p95": 8024.5,
          "p99": 8024.5,
          "p999": 8024.5
        },
        "browser.page.TTFB.https://practice.expandtesting.com/login": {
          "min": 445.2,
          "max": 992.9,
          "count": 20,
          "mean": 690.9,
          "p50": 685.5,
          "median": 685.5,
          "p75": 727.9,
          "p90": 944,
          "p95": 982.6,
          "p99": 982.6,
          "p999": 982.6
        },
        "browser.page.INP.https://practice.expandtesting.com/login": {
          "min": 0,
          "max": 16,
          "count": 18,
          "mean": 14.2,
          "p50": 16,
          "median": 16,
          "p75": 16,
          "p90": 16,
          "p95": 16,
          "p99": 16,
          "p999": 16
        },
        "browser.page.CLS.https://practice.expandtesting.com/login": {
          "min": 0.1,
          "max": 0.3,
          "count": 18,
          "mean": 0.2,
          "p50": 0.1,
          "median": 0.1,
          "p75": 0.1,
          "p90": 0.2,
          "p95": 0.2,
          "p99": 0.2,
          "p999": 0.2
        }
      },
      "histograms": {
        "browser.page.LCP.https://practice.expandtesting.com/login": {
          "min": 929.3,
          "max": 2676.2,
          "count": 18,
          "mean": 1725.8,
          "p50": 1720.2,
          "median": 1720.2,
          "p75": 1826.6,
          "p90": 2059.5,
          "p95": 2515.5,
          "p99": 2515.5,
          "p999": 2515.5
        },
        "browser.page.FID.https://practice.expandtesting.com/login": {
          "min": 0.5,
          "max": 0.6,
          "count": 18,
          "mean": 0.6,
          "p50": 0.6,
          "median": 0.6,
          "p75": 0.6,
          "p90": 0.6,
          "p95": 0.6,
          "p99": 0.6,
          "p999": 0.6
        },
        "browser.page.FCP.https://practice.expandtesting.com/secure": {
          "min": 1018.8,
          "max": 2207.3,
          "count": 20,
          "mean": 1358.8,
          "p50": 1353.1,
          "median": 1353.1,
          "p75": 1436.8,
          "p90": 1587.9,
          "p95": 1720.2,
          "p99": 1720.2,
          "p999": 1720.2
        },
        "browser.page.FCP.https://practice.expandtesting.com/login": {
          "min": 929.3,
          "max": 3118.8,
          "count": 18,
          "mean": 1879.3,
          "p50": 1826.6,
          "median": 1826.6,
          "p75": 2018.7,
          "p90": 2515.5,
          "p95": 3011.6,
          "p99": 3011.6,
          "p999": 3011.6
        },
        "vusers.session_length": {
          "min": 5396.1,
          "max": 9001.7,
          "count": 21,
          "mean": 6557.6,
          "p50": 6439.7,
          "median": 6439.7,
          "p75": 6976.1,
          "p90": 7709.8,
          "p95": 8024.5,
          "p99": 8024.5,
          "p999": 8024.5
        },
        "browser.page.TTFB.https://practice.expandtesting.com/login": {
          "min": 445.2,
          "max": 992.9,
          "count": 20,
          "mean": 690.9,
          "p50": 685.5,
          "median": 685.5,
          "p75": 727.9,
          "p90": 944,
          "p95": 982.6,
          "p99": 982.6,
          "p999": 982.6
        },
        "browser.page.INP.https://practice.expandtesting.com/login": {
          "min": 0,
          "max": 16,
          "count": 18,
          "mean": 14.2,
          "p50": 16,
          "median": 16,
          "p75": 16,
          "p90": 16,
          "p95": 16,
          "p99": 16,
          "p999": 16
        },
        "browser.page.CLS.https://practice.expandtesting.com/login": {
          "min": 0.1,
          "max": 0.3,
          "count": 18,
          "mean": 0.2,
          "p50": 0.1,
          "median": 0.1,
          "p75": 0.1,
          "p90": 0.2,
          "p95": 0.2,
          "p99": 0.2,
          "p999": 0.2
        }
      }
    },
    {
      "counters": {
        "browser.page.codes.200": 422,
        "browser.http_requests": 604,
        "browser.page.codes.204": 156,
        "browser.page.codes.302": 26,
        "browser.page.codes.304": 62,
        "vusers.failed": 0,
        "vusers.completed": 12
      },
      "rates": {},
      "firstCounterAt": 1745346180013,
      "firstHistogramAt": 1745346180268,
      "lastCounterAt": 1745346184984,
      "lastHistogramAt": 1745346184984,
      "firstMetricAt": 1745346180013,
      "lastMetricAt": 1745346184984,
      "period": "1745346180000",
      "summaries": {
        "browser.page.FCP.https://practice.expandtesting.com/login": {
          "min": 2074.2,
          "max": 2133.1,
          "count": 4,
          "mean": 2101.7,
          "p50": 2101.1,
          "median": 2101.1,
          "p75": 2101.1,
          "p90": 2101.1,
          "p95": 2101.1,
          "p99": 2101.1,
          "p999": 2101.1
        },
        "browser.page.LCP.https://practice.expandtesting.com/login": {
          "min": 1637.8,
          "max": 3118.8,
          "count": 11,
          "mean": 2155.1,
          "p50": 2059.5,
          "median": 2059.5,
          "p75": 2101.1,
          "p90": 3011.6,
          "p95": 3011.6,
          "p99": 3011.6,
          "p999": 3011.6
        },
        "browser.page.FID.https://practice.expandtesting.com/login": {
          "min": 0.4,
          "max": 0.5,
          "count": 11,
          "mean": 0.5,
          "p50": 0.5,
          "median": 0.5,
          "p75": 0.5,
          "p90": 0.5,
          "p95": 0.5,
          "p99": 0.5,
          "p999": 0.5
        },
        "browser.page.INP.https://practice.expandtesting.com/login": {
          "min": 8,
          "max": 24,
          "count": 12,
          "mean": 15.3,
          "p50": 16,
          "median": 16,
          "p75": 16,
          "p90": 16,
          "p95": 16,
          "p99": 16,
          "p999": 16
        },
        "browser.page.CLS.https://practice.expandtesting.com/login": {
          "min": 0.1,
          "max": 0.2,
          "count": 12,
          "mean": 0.1,
          "p50": 0.1,
          "median": 0.1,
          "p75": 0.1,
          "p90": 0.1,
          "p95": 0.1,
          "p99": 0.1,
          "p999": 0.1
        },
        "browser.page.FCP.https://practice.expandtesting.com/secure": {
          "min": 851.4,
          "max": 1512.5,
          "count": 12,
          "mean": 1077.3,
          "p50": 1002.4,
          "median": 1002.4,
          "p75": 1176.4,
          "p90": 1224.4,
          "p95": 1249.1,
          "p99": 1249.1,
          "p999": 1249.1
        },
        "vusers.session_length": {
          "min": 5029.5,
          "max": 8200.7,
          "count": 12,
          "mean": 6333.8,
          "p50": 5944.6,
          "median": 5944.6,
          "p75": 6439.7,
          "p90": 6838,
          "p95": 8186.6,
          "p99": 8186.6,
          "p999": 8186.6
        },
        "browser.page.TTFB.https://practice.expandtesting.com/login": {
          "min": 584.6,
          "max": 902.6,
          "count": 7,
          "mean": 712.6,
          "p50": 699.4,
          "median": 699.4,
          "p75": 742.6,
          "p90": 757.6,
          "p95": 757.6,
          "p99": 757.6,
          "p999": 757.6
        },
        "browser.page.TTFB.https://practice.expandtesting.com/secure": {
          "min": 594.6,
          "max": 613.1,
          "count": 2,
          "mean": 603.8,
          "p50": 596,
          "median": 596,
          "p75": 596,
          "p90": 596,
          "p95": 596,
          "p99": 596,
          "p999": 596
        }
      },
      "histograms": {
        "browser.page.FCP.https://practice.expandtesting.com/login": {
          "min": 2074.2,
          "max": 2133.1,
          "count": 4,
          "mean": 2101.7,
          "p50": 2101.1,
          "median": 2101.1,
          "p75": 2101.1,
          "p90": 2101.1,
          "p95": 2101.1,
          "p99": 2101.1,
          "p999": 2101.1
        },
        "browser.page.LCP.https://practice.expandtesting.com/login": {
          "min": 1637.8,
          "max": 3118.8,
          "count": 11,
          "mean": 2155.1,
          "p50": 2059.5,
          "median": 2059.5,
          "p75": 2101.1,
          "p90": 3011.6,
          "p95": 3011.6,
          "p99": 3011.6,
          "p999": 3011.6
        },
        "browser.page.FID.https://practice.expandtesting.com/login": {
          "min": 0.4,
          "max": 0.5,
          "count": 11,
          "mean": 0.5,
          "p50": 0.5,
          "median": 0.5,
          "p75": 0.5,
          "p90": 0.5,
          "p95": 0.5,
          "p99": 0.5,
          "p999": 0.5
        },
        "browser.page.INP.https://practice.expandtesting.com/login": {
          "min": 8,
          "max": 24,
          "count": 12,
          "mean": 15.3,
          "p50": 16,
          "median": 16,
          "p75": 16,
          "p90": 16,
          "p95": 16,
          "p99": 16,
          "p999": 16
        },
        "browser.page.CLS.https://practice.expandtesting.com/login": {
          "min": 0.1,
          "max": 0.2,
          "count": 12,
          "mean": 0.1,
          "p50": 0.1,
          "median": 0.1,
          "p75": 0.1,
          "p90": 0.1,
          "p95": 0.1,
          "p99": 0.1,
          "p999": 0.1
        },
        "browser.page.FCP.https://practice.expandtesting.com/secure": {
          "min": 851.4,
          "max": 1512.5,
          "count": 12,
          "mean": 1077.3,
          "p50": 1002.4,
          "median": 1002.4,
          "p75": 1176.4,
          "p90": 1224.4,
          "p95": 1249.1,
          "p99": 1249.1,
          "p999": 1249.1
        },
        "vusers.session_length": {
          "min": 5029.5,
          "max": 8200.7,
          "count": 12,
          "mean": 6333.8,
          "p50": 5944.6,
          "median": 5944.6,
          "p75": 6439.7,
          "p90": 6838,
          "p95": 8186.6,
          "p99": 8186.6,
          "p999": 8186.6
        },
        "browser.page.TTFB.https://practice.expandtesting.com/login": {
          "min": 584.6,
          "max": 902.6,
          "count": 7,
          "mean": 712.6,
          "p50": 699.4,
          "median": 699.4,
          "p75": 742.6,
          "p90": 757.6,
          "p95": 757.6,
          "p99": 757.6,
          "p999": 757.6
        },
        "browser.page.TTFB.https://practice.expandtesting.com/secure": {
          "min": 594.6,
          "max": 613.1,
          "count": 2,
          "mean": 603.8,
          "p50": 596,
          "median": 596,
          "p75": 596,
          "p90": 596,
          "p95": 596,
          "p99": 596,
          "p999": 596
        }
      }
    }
  ]
}