{
  "aggregate": {
    "counters": {
      "vusers.created_by_name.Login Performance Test": 60,
      "vusers.created": 60,
      "browser.page.codes.200": 3084,
      "browser.http_requests": 3957,
      "browser.page.codes.204": 934,
      "browser.page.codes.302": 156,
      "browser.page.codes.400": 6,
      "browser.page.codes.304": 275,
      "vusers.failed": 0,
      "vusers.completed": 60,
      "browser.page.codes.303": 1,
      "browser.page.codes.206": 1
    },
    "rates": {},
    "firstCounterAt": 1745347591644,
    "firstHistogramAt": 1745347593821,
    "lastCounterAt": 1745347632351,
    "lastHistogramAt": 1745347632351,
    "firstMetricAt": 1745347591644,
    "lastMetricAt": 1745347632351,
    "period": 1745347630000,
    "summaries": {
      "browser.page.FCP.https://practice.expandtesting.com/login": {
        "min": 1079.8,
        "max": 16053.8,
        "count": 60,
        "mean": 5002.8,
        "p50": 4147.4,
        "median": 4147.4,
        "p75": 5711.5,
        "p90": 9801.2,
        "p95": 10407.3,
        "p99": 14332.3,
        "p999": 14332.3
      },
      "browser.page.TTFB.https://practice.expandtesting.com/login": {
        "min": 403.2,
        "max": 3007.1,
        "count": 60,
        "mean": 961.5,
        "p50": 907,
        "median": 907,
        "p75": 1064.4,
        "p90": 1224.4,
        "p95": 1495.5,
        "p99": 2515.5,
        "p999": 2515.5
      },
      "browser.page.LCP.https://practice.expandtesting.com/login": {
        "min": 1079.8,
        "max": 16053.8,
        "count": 60,
        "mean": 5002.8,
        "p50": 4147.4,
        "median": 4147.4,
        "p75": 5711.5,
        "p90": 9801.2,
        "p95": 10407.3,
        "p99": 14332.3,
        "p999": 14332.3
      },
      "browser.page.FID.https://practice.expandtesting.com/login": {
        "min": 0.4,
        "max": 1.4,
        "count": 60,
        "mean": 0.5,
        "p50": 0.5,
        "median": 0.5,
        "p75": 0.6,
        "p90": 0.6,
        "p95": 0.7,
        "p99": 1.3,
        "p999": 1.3
      },
      "browser.page.INP.https://practice.expandtesting.com/login": {
        "min": 8,
        "max": 32,
        "count": 60,
        "mean": 15.7,
        "p50": 16,
        "median": 16,
        "p75": 16,
        "p90": 16,
        "p95": 23.8,
        "p99": 23.8,
        "p999": 23.8
      },
      "browser.page.CLS.https://practice.expandtesting.com/login": {
        "min": 0.1,
        "max": 0.3,
        "count": 60,
        "mean": 0.1,
        "p50": 0.1,
        "median": 0.1,
        "p75": 0.1,
        "p90": 0.2,
        "p95": 0.2,
        "p99": 0.2,
        "p999": 0.2
      },
      "browser.page.FCP.https://practice.expandtesting.com/secure": {
        "min": 934.1,
        "max": 3182.3,
        "count": 60,
        "mean": 1571.2,
        "p50": 1465.9,
        "median": 1465.9,
        "p75": 1755,
        "p90": 2059.5,
        "p95": 2276.1,
        "p99": 2566.3,
        "p999": 2566.3
      },
      "vusers.session_length": {
        "min": 5462.2,
        "max": 22020.8,
        "count": 60,
        "mean": 11221.3,
        "p50": 11050.8,
        "median": 11050.8,
        "p75": 12459.8,
        "p90": 15839.7,
        "p95": 16819.2,
        "p99": 19737.6,
        "p999": 19737.6
      }
    },
    "histograms": {
      "browser.page.FCP.https://practice.expandtesting.com/login": {
        "min": 1079.8,
        "max": 16053.8,
        "count": 60,
        "mean": 5002.8,
        "p50": 4147.4,
        "median": 4147.4,
        "p75": 5711.5,
        "p90": 9801.2,
        "p95": 10407.3,
        "p99": 14332.3,
        "p999": 14332.3
      },
      "browser.page.TTFB.https://practice.expandtesting.com/login": {
        "min": 403.2,
        "max": 3007.1,
        "count": 60,
        "mean": 961.5,
        "p50": 907,
        "median": 907,
        "p75": 1064.4,
        "p90": 1224.4,
        "p95": 1495.5,
        "p99": 2515.5,
        "p999": 2515.5
      },
      "browser.page.LCP.https://practice.expandtesting.com/login": {
        "min": 1079.8,
        "max": 16053.8,
        "count": 60,
        "mean": 5002.8,
        "p50": 4147.4,
        "median": 4147.4,
        "p75": 5711.5,
        "p90": 9801.2,
        "p95": 10407.3,
        "p99": 14332.3,
        "p999": 14332.3
      },
      "browser.page.FID.https://practice.expandtesting.com/login": {
        "min": 0.4,
        "max": 1.4,
        "count": 60,
        "mean": 0.5,
        "p50": 0.5,
        "median": 0.5,
        "p75": 0.6,
        "p90": 0.6,
        "p95": 0.7,
        "p99": 1.3,
        "p999": 1.3
      },
      "browser.page.INP.https://practice.expandtesting.com/login": {
        "min": 8,
        "max": 32,
        "count": 60,
        "mean": 15.7,
        "p50": 16,
        "median": 16,
        "p75": 16,
        "p90": 16,
        "p95": 23.8,
        "p99": 23.8,
        "p999": 23.8
      },
      "browser.page.CLS.https://practice.expandtesting.com/login": {
        "min": 0.1,
        "max": 0.3,
        "count": 60,
        "mean": 0.1,
        "p50": 0.1,
        "median": 0.1,
        "p75": 0.1,
        "p90": 0.2,
        "p95": 0.2,
        "p99": 0.2,
        "p999": 0.2
      },
      "browser.page.FCP.https://practice.expandtesting.com/secure": {
        "min": 934.1,
        "max": 3182.3,
        "count": 60,
        "mean": 1571.2,
        "p50": 1465.9,
        "median": 1465.9,
        "p75": 1755,
        "p90": 2059.5,
        "p95": 2276.1,
        "p99": 2566.3,
        "p999": 2566.3
      },
      "vusers.session_length": {
        "min": 5462.2,
        "max": 22020.8,
        "count": 60,
        "mean": 11221.3,
        "p50": 11050.8,
        "median": 11050.8,
        "p75": 12459.8,
        "p90": 15839.7,
        "p95": 16819.2,
        "p99": 19737.6,
        "p999": 19737.6
      }
    }
  },
  "intermediate": [
    {
      "counters": {
        "vusers.created_by_name.Login Performance Test": 18,
        "vusers.created": 18,
        "browser.page.codes.200": 441,
        "browser.http_requests": 542,
        "browser.page.codes.204": 107,
        "browser.page.codes.302": 24,
        "browser.page.codes.400": 2,
        "browser.page.codes.304": 26,
        "vusers.failed": 0,
        "vusers.completed": 4,
        "browser.page.codes.303": 1
      },
      "rates": {},
      "firstCounterAt": 1745347591644,
      "firstHistogramAt": 1745347593821,
      "lastCounterAt": 1745347599993,
      "lastHistogramAt": 1745347599953,
      "firstMetricAt": 1745347591644,
      "lastMetricAt": 1745347599993,
      "period": "1745347590000",
      "summaries": {
        "browser.page.FCP.https://practice.expandtesting.com/login": {
          "min": 1079.8,
          "max": 3260.5,
          "count": 11,
          "mean": 2115.1,
          "p50": 2101.1,
          "median": 2101.1,
          "p75": 2186.8,
          "p90": 2566.3,
          "p95": 2566.3,
          "p99": 2566.3,
          "p999": 2566.3
        },
        "browser.page.TTFB.https://practice.expandtesting.com/login": {
          "min": 403.2,
          "max": 1673.9,
          "count": 7,
          "mean": 810.1,
          "p50": 620.3,
          "median": 620.3,
          "p75": 907,
          "p90": 1022.7,
          "p95": 1022.7,
          "p99": 1022.7,
          "p999": 1022.7
        },
        "browser.page.LCP.https://practice.expandtesting.com/login": {
          "min": 1079.8,
          "max": 2175.6,
          "count": 7,
          "mean": 1820.7,
          "p50": 1863.5,
          "median": 1863.5,
          "p75": 2101.1,
          "p90": 2101.1,
          "p95": 2101.1,
          "p99": 2101.1,
          "p999": 2101.1
        },
        "browser.page.FID.https://practice.expandtesting.com/login": {
          "min": 0.5,
          "max": 1.4,
          "count": 7,
          "mean": 0.8,
          "p50": 0.6,
          "median": 0.6,
          "p75": 0.7,
          "p90": 1.3,
          "p95": 1.3,
          "p99": 1.3,
          "p999": 1.3
        },
        "browser.page.INP.https://practice.expandtesting.com/login": {
          "min": 16,
          "max": 16,
          "count": 5,
          "mean": 16,
          "p50": 16,
          "median": 16,
          "p75": 16,
          "p90": 16,
          "p95": 16,
          "p99": 16,
          "p999": 16
        },
        "browser.page.CLS.https://practice.expandtesting.com/login": {
          "min": 0.1,
          "max": 0.2,
          "count": 5,
          "mean": 0.2,
          "p50": 0.1,
          "median": 0.1,
          "p75": 0.2,
          "p90": 0.2,
          "p95": 0.2,
          "p99": 0.2,
          "p999": 0.2
        },
        "browser.page.FCP.https://practice.expandtesting.com/secure": {
          "min": 1323.5,
          "max": 1557.9,
          "count": 5,
          "mean": 1465.9,
          "p50": 1465.9,
          "median": 1465.9,
          "p75": 1556.5,
          "p90": 1556.5,
          "p95": 1556.5,
          "p99": 1556.5,
          "p999": 1556.5
        },
        "vusers.session_length": {
          "min": 5462.2,
          "max": 6470.9,
          "count": 4,
          "mean": 6006.5,
          "p50": 6064.7,
          "median": 6064.7,
          "p75": 6064.7,
          "p90": 6064.7,
          "p95": 6064.7,
          "p99": 6064.7,
          "p999": 6064.7
        }
      },
      "histograms": {
        "browser.page.FCP.https://practice.expandtesting.com/login": {
          "min": 1079.8,
          "max": 3260.5,
          "count": 11,
          "mean": 2115.1,
          "p50": 2101.1,
          "median": 2101.1,
          "p75": 2186.8,
          "p90": 2566.3,
          "p95": 2566.3,
          "p99": 2566.3,
          "p999": 2566.3
        },
        "browser.page.TTFB.https://practice.expandtesting.com/login": {
          "min": 403.2,
          "max": 1673.9,
          "count": 7,
          "mean": 810.1,
          "p50": 620.3,
          "median": 620.3,
          "p75": 907,
          "p90": 1022.7,
          "p95": 1022.7,
          "p99": 1022.7,
          "p999": 1022.7
        },
        "browser.page.LCP.https://practice.expandtesting.com/login": {
          "min": 1079.8,
          "max": 2175.6,
          "count": 7,
          "mean": 1820.7,
          "p50": 1863.5,
          "median": 1863.5,
          "p75": 2101.1,
          "p90": 2101.1,
          "p95": 2101.1,
          "p99": 2101.1,
          "p999": 2101.1
        },
        "browser.page.FID.https://practice.expandtesting.com/login": {
          "min": 0.5,
          "max": 1.4,
          "count": 7,
          "mean": 0.8,
          "p50": 0.6,
          "median": 0.6,
          "p75": 0.7,
          "p90": 1.3,
          "p95": 1.3,
          "p99": 1.3,
          "p999": 1.3
        },
        "browser.page.INP.https://practice.expandtesting.com/login": {
          "min": 16,
          "max": 16,
          "count": 5,
          "mean": 16,
          "p50": 16,
          "median": 16,
          "p75": 16,
          "p90": 16,
          "p95": 16,
          "p99": 16,
          "p999": 16
        },
        "browser.page.CLS.https://practice.expandtesting.com/login": {
          "min": 0.1,
          "max": 0.2,
          "count": 5,
          "mean": 0.2,
          "p50": 0.1,
          "median": 0.1,
          "p75": 0.2,
          "p90": 0.2,
          "p95": 0.2,
          "p99": 0.2,
          "p999": 0.2
        },
        "browser.page.FCP.https://practice.expandtesting.com/secure": {
          "min": 1323.5,
          "max": 1557.9,
          "count": 5,
          "mean": 1465.9,
          "p50": 1465.9,
          "median": 1465.9,
          "p75": 1556.5,
          "p90": 1556.5,
          "p95": 1556.5,
          "p99": 1556.5,
          "p999": 1556.5
        },
        "vusers.session_length": {
          "min": 5462.2,
          "max": 6470.9,
          "count": 4,
          "mean": 6006.5,
          "p50": 6064.7,
          "median": 6064.7,
          "p75": 6064.7,
          "p90": 6064.7,
          "p95": 6064.7,
          "p99": 6064.7,
          "p999": 6064.7
        }
      }
    },
    {
      "counters": {
        "browser.page.codes.200": 773,
        "browser.http_requests": 973,
        "browser.page.codes.304": 61,
        "vusers.failed": 0,
        "vusers.completed": 14,
        "browser.page.codes.204": 219,
        "vusers.created_by_name.Login Performance Test": 20,
        "vusers.created": 20,
        "browser.page.codes.302": 33,
        "browser.page.codes.400": 1
      },
      "rates": {},
      "firstCounterAt": 1745347600005,
      "firstHistogramAt": 1745347600108,
      "lastCounterAt": 1745347609998,
      "lastHistogramAt": 1745347609285,
      "firstMetricAt": 1745347600005,
      "lastMetricAt": 1745347609998,
      "period": "1745347600000",
      "summaries": {
        "vusers.session_length": {
          "min": 6687.6,
          "max": 10501.9,
          "count": 14,
          "mean": 8470.9,
          "p50": 8352,
          "median": 8352,
          "p75": 9230.4,
          "p90": 9230.4,
          "p95": 9607.1,
          "p99": 9607.1,
          "p999": 9607.1
        },
        "browser.page.FCP.https://practice.expandtesting.com/login": {
          "min": 2420.7,
          "max": 4221.6,
          "count": 17,
          "mean": 3333.4,
          "p50": 3328.3,
          "median": 3328.3,
          "p75": 3678.4,
          "p90": 4147.4,
          "p95": 4147.4,
          "p99": 4147.4,
          "p999": 4147.4
        },
        "browser.page.TTFB.https://practice.expandtesting.com/login": {
          "min": 534.6,
          "max": 1037.4,
          "count": 15,
          "mean": 714.1,
          "p50": 685.5,
          "median": 685.5,
          "p75": 757.6,
          "p90": 889.1,
          "p95": 1002.4,
          "p99": 1002.4,
          "p999": 1002.4
        },
        "browser.page.LCP.https://practice.expandtesting.com/login": {
          "min": 2160.3,
          "max": 3924.3,
          "count": 15,
          "mean": 3037.5,
          "p50": 3134.5,
          "median": 3134.5,
          "p75": 3328.3,
          "p90": 3464.1,
          "p95": 3678.4,
          "p99": 3678.4,
          "p999": 3678.4
        },
        "browser.page.FID.https://practice.expandtesting.com/login": {
          "min": 0.4,
          "max": 0.7,
          "count": 15,
          "mean": 0.5,
          "p50": 0.5,
          "median": 0.5,
          "p75": 0.5,
          "p90": 0.6,
          "p95": 0.6,
          "p99": 0.6,
          "p999": 0.6
        },
        "browser.page.INP.https://practice.expandtesting.com/login": {
          "min": 8,
          "max": 24,
          "count": 14,
          "mean": 16,
          "p50": 16,
          "median": 16,
          "p75": 16,
          "p90": 16,
          "p95": 23.8,
          "p99": 23.8,
          "p999": 23.8
        },
        "browser.page.CLS.https://practice.expandtesting.com/login": {
          "min": 0.1,
          "max": 0.2,
          "count": 14,
          "mean": 0.1,
          "p50": 0.1,
          "median": 0.1,
          "p75": 0.1,
          "p90": 0.1,
          "p95": 0.2,
          "p99": 0.2,
          "p999": 0.2
        },
        "browser.page.FCP.https://practice.expandtesting.com/secure": {
          "min": 1198,
          "max": 1766.8,
          "count": 13,
          "mean": 1493.7,
          "p50": 1525.7,
          "median": 1525.7,
          "p75": 1587.9,
          "p90": 1686.1,
          "p95": 1720.2,
          "p99": 1720.2,
          "p999": 1720.2
        }
      },
      "histograms": {
        "vusers.session_length": {
          "min": 6687.6,
          "max": 10501.9,
          "count": 14,
          "mean": 8470.9,
          "p50": 8352,
          "median": 8352,
          "p75": 9230.4,
          "p90": 9230.4,
          "p95": 9607.1,
          "p99": 9607.1,
          "p999": 9607.1
        },
        "browser.page.FCP.https://practice.expandtesting.com/login": {
          "min": 2420.7,
          "max": 4221.6,
          "count": 17,
          "mean": 3333.4,
          "p50": 3328.3,
          "median": 3328.3,
          "p75": 3678.4,
          "p90": 4147.4,
          "p95": 4147.4,
          "p99": 4147.4,
          "p999": 4147.4
        },
        "browser.page.TTFB.https://practice.expandtesting.com/login": {
          "min": 534.6,
          "max": 1037.4,
          "count": 15,
          "mean": 714.1,
          "p50": 685.5,
          "median": 685.5,
          "p75": 757.6,
          "p90": 889.1,
          "p95": 1002.4,
          "p99": 1002.4,
          "p999": 1002.4
        },
        "browser.page.LCP.https://practice.expandtesting.com/login": {
          "min": 2160.3,
          "max": 3924.3,
          "count": 15,
          "mean": 3037.5,
          "p50": 3134.5,
          "median": 3134.5,
          "p75": 3328.3,
          "p90": 3464.1,
          "p95": 3678.4,
          "p99": 3678.4,
          "p999": 3678.4
        },
        "browser.page.FID.https://practice.expandtesting.com/login": {
          "min": 0.4,
          "max": 0.7,
          "count": 15,
          "mean": 0.5,
          "p50": 0.5,
          "median": 0.5,
          "p75": 0.5,
          "p90": 0.6,
          "p95": 0.6,
          "p99": 0.6,
          "p999": 0.6
        },
        "browser.page.INP.https://practice.expandtesting.com/login": {
          "min": 8,
          "max": 24,
          "count": 14,
          "mean": 16,
          "p50": 16,
          "median": 16,
          "p75": 16,
          "p90": 16,
          "p95": 23.8,
          "p99": 23.8,
          "p999": 23.8
        },
        "browser.page.CLS.https://practice.expandtesting.com/login": {
          "min": 0.1,
          "max": 0.2,
          "count": 14,
          "mean": 0.1,
          "p50": 0.1,
          "median": 0.1,
          "p75": 0.1,
          "p90": 0.1,
          "p95": 0.2,
          "p99": 0.2,
          "p999": 0.2
        },
        "browser.page.FCP.https://practice.expandtesting.com/secure": {
          "min": 1198,
          "max": 1766.8,
          "count": 13,
          "mean": 1493.7,
          "p50": 1525.7,
          "median": 1525.7,
          "p75": 1587.9,
          "p90": 1686.1,
          "p95": 1720.2,
          "p99": 1720.2,
          "p999": 1720.2
        }
      }
    },
    {
      "counters": {
        "browser.http_requests": 1055,
        "browser.page.codes.200": 852,
        "browser.page.codes.204": 241,
        "browser.page.codes.302": 34,
        "vusers.failed": 0,
        "vusers.completed": 15,
        "browser.page.codes.304": 60,
        "vusers.created_by_name.Login Performance Test": 20,
        "vusers.created": 20,
        "browser.page.codes.206": 1,
        "browser.page.codes.400": 1
      },
      "rates": {},
      "firstCounterAt": 1745347610013,
      "firstHistogramAt": 1745347610008,
      "lastCounterAt": 1745347619986,
      "lastHistogramAt": 1745347619900,
      "firstMetricAt": 1745347610008,
      "lastMetricAt": 1745347619986,
      "period": "1745347610000",
      "summaries": {
        "browser.page.FCP.https://practice.expandtesting.com/secure": {
          "min": 1343.8,
          "max": 2266.3,
          "count": 16,
          "mean": 1620.2,
          "p50": 1465.9,
          "median": 1465.9,
          "p75": 1686.1,
          "p90": 2059.5,
          "p95": 2231,
          "p99": 2231,
          "p999": 2231
        },
        "browser.page.INP.https://practice.expandtesting.com/login": {
          "min": 16,
          "max": 24,
          "count": 17,
          "mean": 16.5,
          "p50": 16,
          "median": 16,
          "p75": 16,
          "p90": 16,
          "p95": 16,
          "p99": 16,
          "p999": 16
        },
        "browser.page.CLS.https://practice.expandtesting.com/login": {
          "min": 0.1,
          "max": 0.3,
          "count": 17,
          "mean": 0.1,
          "p50": 0.1,
          "median": 0.1,
          "p75": 0.1,
          "p90": 0.2,
          "p95": 0.2,
          "p99": 0.2,
          "p999": 0.2
        },
        "vusers.session_length": {
          "min": 9341.7,
          "max": 12455.5,
          "count": 15,
          "mean": 10700.8,
          "p50": 10617.5,
          "median": 10617.5,
          "p75": 11050.8,
          "p90": 11274.1,
          "p95": 11501.8,
          "p99": 11501.8,
          "p999": 11501.8
        },
        "browser.page.FCP.https://practice.expandtesting.com/login": {
          "min": 3523.7,
          "max": 9862.2,
          "count": 14,
          "mean": 5161.6,
          "p50": 4770.6,
          "median": 4770.6,
          "p75": 4965.3,
          "p90": 5711.5,
          "p95": 7557.1,
          "p99": 7557.1,
          "p999": 7557.1
        },
        "browser.page.TTFB.https://practice.expandtesting.com/login": {
          "min": 583.5,
          "max": 1332.3,
          "count": 17,
          "mean": 905.2,
          "p50": 889.1,
          "median": 889.1,
          "p75": 1002.4,
          "p90": 1085.9,
          "p95": 1107.9,
          "p99": 1107.9,
          "p999": 1107.9
        },
        "browser.page.LCP.https://practice.expandtesting.com/login": {
          "min": 2485.2,
          "max": 7554.1,
          "count": 17,
          "mean": 4366.4,
          "p50": 4231.1,
          "median": 4231.1,
          "p75": 4770.6,
          "p90": 5378.9,
          "p95": 5711.5,
          "p99": 5711.5,
          "p999": 5711.5
        },
        "browser.page.FID.https://practice.expandtesting.com/login": {
          "min": 0.4,
          "max": 0.7,
          "count": 17,
          "mean": 0.5,
          "p50": 0.5,
          "median": 0.5,
          "p75": 0.6,
          "p90": 0.6,
          "p95": 0.6,
          "p99": 0.6,
          "p999": 0.6
        }
      },
      "histograms": {
        "browser.page.FCP.https://practice.expandtesting.com/secure": {
          "min": 1343.8,
          "max": 2266.3,
          "count": 16,
          "mean": 1620.2,
          "p50": 1465.9,
          "median": 1465.9,
          "p75": 1686.1,
          "p90": 2059.5,
          "p95": 2231,
          "p99": 2231,
          "p999": 2231
        },
        "browser.page.INP.https://practice.expandtesting.com/login": {
          "min": 16,
          "max": 24,
          "count": 17,
          "mean": 16.5,
          "p50": 16,
          "median": 16,
          "p75": 16,
          "p90": 16,
          "p95": 16,
          "p99": 16,
          "p999": 16
        },
        "browser.page.CLS.https://practice.expandtesting.com/login": {
          "min": 0.1,
          "max": 0.3,
          "count": 17,
          "mean": 0.1,
          "p50": 0.1,
          "median": 0.1,
          "p75": 0.1,
          "p90": 0.2,
          "p95": 0.2,
          "p99": 0.2,
          "p999": 0.2
        },
        "vusers.session_length": {
          "min": 9341.7,
          "max": 12455.5,
          "count": 15,
          "mean": 10700.8,
          "p50": 10617.5,
          "median": 10617.5,
          "p75": 11050.8,
          "p90": 11274.1,
          "p95": 11501.8,
          "p99": 11501.8,
          "p999": 11501.8
        },
        "browser.page.FCP.https://practice.expandtesting.com/login": {
          "min": 3523.7,
          "max": 9862.2,
          "count": 14,
          "mean": 5161.6,
          "p50": 4770.6,
          "median": 4770.6,
          "p75": 4965.3,
          "p90": 5711.5,
          "p95": 7557.1,
          "p99": 7557.1,
          "p999": 7557.1
        },
        "browser.page.TTFB.https://practice.expandtesting.com/login": {
          "min": 583.5,
          "max": 1332.3,
          "count": 17,
          "mean": 905.2,
          "p50": 889.1,
          "median": 889.1,
          "p75": 1002.4,
          "p90": 1085.9,
          "p95": 1107.9,
          "p99": 1107.9,
          "p999": 1107.9
        },
        "browser.page.LCP.https://practice.expandtesting.com/login": {
          "min": 2485.2,
          "max": 7554.1,
          "count": 17,
          "mean": 4366.4,
          "p50": 4231.1,
          "median": 4231.1,
          "p75": 4770.6,
          "p90": 5378.9,
          "p95": 5711.5,
          "p99": 5711.5,
          "p999": 5711.5
        },
        "browser.page.FID.https://practice.expandtesting.com/login": {
          "min": 0.4,
          "max": 0.7,
          "count": 17,
          "mean": 0.5,
          "p50": 0.5,
          "median": 0.5,
          "p75": 0.6,
          "p90": 0.6,
          "p95": 0.6,
          "p99": 0.6,
          "p999": 0.6
        }
      }
    },
    {
      "counters": {
        "browser.page.codes.200": 778,
        "browser.page.codes.204": 294,
        "browser.http_requests": 1014,
        "browser.page.codes.302": 43,
        "vusers.created_by_name.Login Performance Test": 2,
        "vusers.created": 2,
        "browser.page.codes.304": 58,
        "vusers.failed": 0,
        "vusers.completed": 13,
        "browser.page.codes.400": 2
      },
      "rates": {},
      "firstCounterAt": 1745347620040,
      "firstHistogramAt": 1745347620043,
      "lastCounterAt": 1745347629998,
      "lastHistogramAt": 1745347629975,
      "firstMetricAt": 1745347620040,
      "lastMetricAt": 1745347629998,
      "period": "1745347620000",
      "summaries": {
        "browser.page.FCP.https://practice.expandtesting.com/secure": {
          "min": 1567.1,
          "max": 3182.3,
          "count": 13,
          "mean": 2083.4,
          "p50": 1978.7,
          "median": 1978.7,
          "p75": 2276.1,
          "p90": 2465.6,
          "p95": 2566.3,
          "p99": 2566.3,
          "p999": 2566.3
        },
        "vusers.session_length": {
          "min": 10009.3,
          "max": 22020.8,
          "count": 13,
          "mean": 13513.7,
          "p50": 12459.8,
          "median": 12459.8,
          "p75": 15839.7,
          "p90": 16819.2,
          "p95": 17505.6,
          "p99": 17505.6,
          "p999": 17505.6
        },
        "browser.page.INP.https://practice.expandtesting.com/login": {
          "min": 8,
          "max": 16,
          "count": 14,
          "mean": 14.3,
          "p50": 16,
          "median": 16,
          "p75": 16,
          "p90": 16,
          "p95": 16,
          "p99": 16,
          "p999": 16
        },
        "browser.page.CLS.https://practice.expandtesting.com/login": {
          "min": 0.1,
          "max": 0.2,
          "count": 14,
          "mean": 0.1,
          "p50": 0.1,
          "median": 0.1,
          "p75": 0.1,
          "p90": 0.1,
          "p95": 0.2,
          "p99": 0.2,
          "p999": 0.2
        },
        "browser.page.FCP.https://practice.expandtesting.com/login": {
          "min": 4183.9,
          "max": 16053.8,
          "count": 18,
          "mean": 8220.7,
          "p50": 6838,
          "median": 6838,
          "p75": 10201.2,
          "p90": 11274.1,
          "p95": 14332.3,
          "p99": 14332.3,
          "p999": 14332.3
        },
        "browser.page.TTFB.https://practice.expandtesting.com/login": {
          "min": 836.4,
          "max": 2493.4,
          "count": 20,
          "mean": 1145.7,
          "p50": 1043.3,
          "median": 1043.3,
          "p75": 1176.4,
          "p90": 1380.5,
          "p95": 1495.5,
          "p99": 1495.5,
          "p999": 1495.5
        },
        "browser.page.LCP.https://practice.expandtesting.com/login": {
          "min": 4183.9,
          "max": 16053.8,
          "count": 15,
          "mean": 8082.7,
          "p50": 7865.6,
          "median": 7865.6,
          "p75": 9801.2,
          "p90": 10407.3,
          "p95": 11274.1,
          "p99": 11274.1,
          "p999": 11274.1
        },
        "browser.page.FID.https://practice.expandtesting.com/login": {
          "min": 0.4,
          "max": 0.7,
          "count": 15,
          "mean": 0.5,
          "p50": 0.5,
          "median": 0.5,
          "p75": 0.5,
          "p90": 0.5,
          "p95": 0.6,
          "p99": 0.6,
          "p999": 0.6
        }
      },
      "histograms": {
        "browser.page.FCP.https://practice.expandtesting.com/secure": {
          "min": 1567.1,
          "max": 3182.3,
          "count": 13,
          "mean": 2083.4,
          "p50": 1978.7,
          "median": 1978.7,
          "p75": 2276.1,
          "p90": 2465.6,
          "p95": 2566.3,
          "p99": 2566.3,
          "p999": 2566.3
        },
        "vusers.session_length": {
          "min": 10009.3,
          "max": 22020.8,
          "count": 13,
          "mean": 13513.7,
          "p50": 12459.8,
          "median": 12459.8,
          "p75": 15839.7,
          "p90": 16819.2,
          "p95": 17505.6,
          "p99": 17505.6,
          "p999": 17505.6
        },
        "browser.page.INP.https://practice.expandtesting.com/login": {
          "min": 8,
          "max": 16,
          "count": 14,
          "mean": 14.3,
          "p50": 16,
          "median": 16,
          "p75": 16,
          "p90": 16,
          "p95": 16,
          "p99": 16,
          "p999": 16
        },
        "browser.page.CLS.https://practice.expandtesting.com/login": {
          "min": 0.1,
          "max": 0.2,
          "count": 14,
          "mean": 0.1,
          "p50": 0.1,
          "median": 0.1,
          "p75": 0.1,
          "p90": 0.1,
          "p95": 0.2,
          "p99": 0.2,
          "p999": 0.2
        },
        "browser.page.FCP.https://practice.expandtesting.com/login": {
          "min": 4183.9,
          "max": 16053.8,
          "count": 18,
          "mean": 8220.7,
          "p50": 6838,
          "median": 6838,
          "p75": 10201.2,
          "p90": 11274.1,
          "p95": 14332.3,
          "p99": 14332.3,
          "p999": 14332.3
        },
        "browser.page.TTFB.https://practice.expandtesting.com/login": {
          "min": 836.4,
          "max": 2493.4,
          "count": 20,
          "mean": 1145.7,
          "p50": 1043.3,
          "median": 1043.3,
          "p75": 1176.4,
          "p90": 1380.5,
          "p95": 1495.5,
          "p99": 1495.5,
          "p999": 1495.5
        },
        "browser.page.LCP.https://practice.expandtesting.com/login": {
          "min": 4183.9,
          "max": 16053.8,
          "count": 15,
          "mean": 8082.7,
          "p50": 7865.6,
          "median": 7865.6,
          "p75": 9801.2,
          "p90": 10407.3,
          "p95": 11274.1,
          "p99": 11274.1,
          "p999": 11274.1
        },
        "browser.page.FID.https://practice.expandtesting.com/login": {
          "min": 0.4,
          "max": 0.7,
          "count": 15,
          "mean": 0.5,
          "p50": 0.5,
          "median": 0.5,
          "p75": 0.5,
          "p90": 0.5,
          "p95": 0.6,
          "p99": 0.6,
          "p999": 0.6
        }
      }
    },
    {
      "counters": {
        "browser.page.codes.204": 73,
        "browser.page.codes.200": 240,
        "browser.page.codes.304": 70,
        "browser.http_requests": 373,
        "vusers.failed": 0,
        "vusers.completed": 14,
        "browser.page.codes.302": 22
      },
      "rates": {},
      "firstCounterAt": 1745347630006,
      "firstHistogramAt": 1745347630066,
      "lastCounterAt": 1745347632351,
      "lastHistogramAt": 1745347632351,
      "firstMetricAt": 1745347630006,
      "lastMetricAt": 1745347632351,
      "period": "1745347630000",
      "summaries": {
        "browser.page.FCP.https://practice.expandtesting.com/secure": {
          "min": 934.1,
          "max": 1403.9,
          "count": 13,
          "mean": 1116.6,
          "p50": 1064.4,
          "median": 1064.4,
          "p75": 1249.1,
          "p90": 1274.3,
          "p95": 1380.5,
          "p99": 1380.5,
          "p999": 1380.5
        },
        "vusers.session_length": {
          "min": 10941.6,
          "max": 19572.4,
          "count": 14,
          "mean": 13890.7,
          "p50": 13230.3,
          "median": 13230.3,
          "p75": 15526,
          "p90": 15839.7,
          "p95": 16159.7,
          "p99": 16159.7,
          "p999": 16159.7
        },
        "browser.page.INP.https://practice.expandtesting.com/login": {
          "min": 8,
          "max": 32,
          "count": 10,
          "mean": 16,
          "p50": 16,
          "median": 16,
          "p75": 16,
          "p90": 16,
          "p95": 16,
          "p99": 16,
          "p999": 16
        },
        "browser.page.CLS.https://practice.expandtesting.com/login": {
          "min": 0.1,
          "max": 0.1,
          "count": 10,
          "mean": 0.1,
          "p50": 0.1,
          "median": 0.1,
          "p75": 0.1,
          "p90": 0.2,
          "p95": 0.2,
          "p99": 0.2,
          "p999": 0.2
        },
        "browser.page.LCP.https://practice.expandtesting.com/login": {
          "min": 4274.3,
          "max": 14315.4,
          "count": 6,
          "mean": 7732,
          "p50": 6312.2,
          "median": 6312.2,
          "p75": 6838,
          "p90": 10407.3,
          "p95": 10407.3,
          "p99": 10407.3,
          "p999": 10407.3
        },
        "browser.page.FID.https://practice.expandtesting.com/login": {
          "min": 0.4,
          "max": 0.6,
          "count": 6,
          "mean": 0.5,
          "p50": 0.5,
          "median": 0.5,
          "p75": 0.5,
          "p90": 0.5,
          "p95": 0.5,
          "p99": 0.5,
          "p999": 0.5
        },
        "browser.page.TTFB.https://practice.expandtesting.com/login": {
          "min": 3007.1,
          "max": 3007.1,
          "count": 1,
          "mean": 3007.1,
          "p50": 3011.6,
          "median": 3011.6,
          "p75": 3011.6,
          "p90": 3011.6,
          "p95": 3011.6,
          "p99": 3011.6,
          "p999": 3011.6
        }
      },
      "histograms": {
        "browser.page.FCP.https://practice.expandtesting.com/secure": {
          "min": 934.1,
          "max": 1403.9,
          "count": 13,
          "mean": 1116.6,
          "p50": 1064.4,
          "median": 1064.4,
          "p75": 1249.1,
          "p90": 1274.3,
          "p95": 1380.5,
          "p99": 1380.5,
          "p999": 1380.5
        },
        "vusers.session_length": {
          "min": 10941.6,
          "max": 19572.4,
          "count": 14,
          "mean": 13890.7,
          "p50": 13230.3,
          "median": 13230.3,
          "p75": 15526,
          "p90": 15839.7,
          "p95": 16159.7,
          "p99": 16159.7,
          "p999": 16159.7
        },
        "browser.page.INP.https://practice.expandtesting.com/login": {
          "min": 8,
          "max": 32,
          "count": 10,
          "mean": 16,
          "p50": 16,
          "median": 16,
          "p75": 16,
          "p90": 16,
          "p95": 16,
          "p99": 16,
          "p999": 16
        },
        "browser.page.CLS.https://practice.expandtesting.com/login": {
          "min": 0.1,
          "max": 0.1,
          "count": 10,
          "mean": 0.1,
          "p50": 0.1,
          "median": 0.1,
          "p75": 0.1,
          "p90": 0.2,
          "p95": 0.2,
          "p99": 0.2,
          "p999": 0.2
        },
        "browser.page.LCP.https://practice.expandtesting.com/login": {
          "min": 4274.3,
          "max": 14315.4,
          "count": 6,
          "mean": 7732,
          "p50": 6312.2,
          "median": 6312.2,
          "p75": 6838,
          "p90": 10407.3,
          "p95": 10407.3,
          "p99": 10407.3,
          "p999": 10407.3
        },
        "browser.page.FID.https://practice.expandtesting.com/login": {
          "min": 0.4,
          "max": 0.6,
          "count": 6,
          "mean": 0.5,
          "p50": 0.5,
          "median": 0.5,
          "p75": 0.5,
          "p90": 0.5,
          "p95": 0.5,
          "p99": 0.5,
          "p999": 0.5
        },
        "browser.page.TTFB.https://practice.expandtesting.com/login": {
          "min": 3007.1,
          "max": 3007.1,
          "count": 1,
          "mean": 3007.1,
          "p50": 3011.6,
          "median": 3011.6,
          "p75": 3011.6,
          "p90": 3011.6,
          "p95": 3011.6,
          "p99": 3011.6,
          "p999": 3011.6
        }
      }
    }
  ]
}