{
  "aggregate": {
    "counters": {
      "vusers.created_by_name.Login Performance Test": 60,
      "vusers.created": 60,
      "browser.page.codes.200": 369,
      "browser.http_requests": 322,
      "browser.page.codes.204": 3,
      "errors.page.goto: Timeout 30000ms exceeded.": 60,
      "vusers.failed": 60
    },
    "rates": {},
    "firstCounterAt": 1745384093125,
    "firstHistogramAt": 1745384109639,
    "lastCounterAt": 1745384152204,
    "lastHistogramAt": 1745384149198,
    "firstMetricAt": 1745384093125,
    "lastMetricAt": 1745384152204,
    "period": 1745384150000,
    "summaries": {
      "browser.page.FCP.https://practice.expandtesting.com/login": {
        "min": 14471.1,
        "max": 27988.9,
        "count": 7,
        "mean": 23135.7,
        "p50": 23630.3,
        "median": 23630.3,
        "p75": 25091.6,
        "p90": 27181.5,
        "p95": 27181.5,
        "p99": 27181.5,
        "p999": 27181.5
      }
    },
    "histograms": {
      "browser.page.FCP.https://practice.expandtesting.com/login": {
        "min": 14471.1,
        "max": 27988.9,
        "count": 7,
        "mean": 23135.7,
        "p50": 23630.3,
        "median": 23630.3,
        "p75": 25091.6,
        "p90": 27181.5,
        "p95": 27181.5,
        "p99": 27181.5,
        "p999": 27181.5
      }
    }
  },
  "intermediate": [
    {
      "counters": {
        "vusers.created_by_name.Login Performance Test": 14,
        "vusers.created": 14,
        "browser.page.codes.200": 18,
        "browser.http_requests": 15
      },
      "rates": {},
      "firstCounterAt": 1745384093125,
      "lastCounterAt": 1745384099933,
      "firstMetricAt": 1745384093125,
      "lastMetricAt": 1745384099933,
      "period": "1745384090000",
      "summaries": {},
      "histograms": {}
    },
    {
      "counters": {
        "vusers.created_by_name.Login Performance Test": 20,
        "vusers.created": 20,
        "browser.page.codes.200": 66,
        "browser.http_requests": 49
      },
      "rates": {},
      "firstCounterAt": 1745384100124,
      "firstHistogramAt": 1745384109639,
      "lastCounterAt": 1745384109519,
      "lastHistogramAt": 1745384109639,
      "firstMetricAt": 1745384100124,
      "lastMetricAt": 1745384109639,
      "period": "1745384100000",
      "summaries": {
        "browser.page.FCP.https://practice.expandtesting.com/login": {
          "min": 14471.1,
          "max": 14471.1,
          "count": 1,
          "mean": 14471.1,
          "p50": 14332.3,
          "median": 14332.3,
          "p75": 14332.3,
          "p90": 14332.3,
          "p95": 14332.3,
          "p99": 14332.3,
          "p999": 14332.3
        }
      },
      "histograms": {
        "browser.page.FCP.https://practice.expandtesting.com/login": {
          "min": 14471.1,
          "max": 14471.1,
          "count": 1,
          "mean": 14471.1,
          "p50": 14332.3,
          "median": 14332.3,
          "p75": 14332.3,
          "p90": 14332.3,
          "p95": 14332.3,
          "p99": 14332.3,
          "p999": 14332.3
        }
      }
    },
    {
      "counters": {
        "vusers.created_by_name.Login Performance Test": 20,
        "vusers.created": 20,
        "browser.page.codes.200": 82,
        "browser.http_requests": 70
      },
      "rates": {},
      "firstCounterAt": 1745384110038,
      "firstHistogramAt": 1745384117682,
      "lastCounterAt": 1745384119966,
      "lastHistogramAt": 1745384119715,
      "firstMetricAt": 1745384110038,
      "lastMetricAt": 1745384119966,
      "period": "1745384110000",
      "summaries": {
        "browser.page.FCP.https://practice.expandtesting.com/login": {
          "min": 20503.5,
          "max": 23536.9,
          "count": 2,
          "mean": 22020.2,
          "p50": 20543.1,
          "median": 20543.1,
          "p75": 20543.1,
          "p90": 20543.1,
          "p95": 20543.1,
          "p99": 20543.1,
          "p999": 20543.1
        }
      },
      "histograms": {
        "browser.page.FCP.https://practice.expandtesting.com/login": {
          "min": 20503.5,
          "max": 23536.9,
          "count": 2,
          "mean": 22020.2,
          "p50": 20543.1,
          "median": 20543.1,
          "p75": 20543.1,
          "p90": 20543.1,
          "p95": 20543.1,
          "p99": 20543.1,
          "p999": 20543.1
        }
      }
    },
    {
      "counters": {
        "browser.page.codes.200": 60,
        "browser.http_requests": 47,
        "vusers.created_by_name.Login Performance Test": 6,
        "vusers.created": 6,
        "browser.page.codes.204": 2,
        "errors.page.goto: Timeout 30000ms exceeded.": 14,
        "vusers.failed": 14
      },
      "rates": {},
      "firstCounterAt": 1745384120063,
      "lastCounterAt": 1745384129205,
      "firstMetricAt": 1745384120063,
      "lastMetricAt": 1745384129205,
      "period": "1745384120000",
      "summaries": {},
      "histograms": {}
    },
    {
      "counters": {
        "browser.page.codes.200": 59,
        "errors.page.goto: Timeout 30000ms exceeded.": 20,
        "vusers.failed": 20,
        "browser.http_requests": 56
      },
      "rates": {},
      "firstCounterAt": 1745384130102,
      "lastCounterAt": 1745384139419,
      "firstMetricAt": 1745384130102,
      "lastMetricAt": 1745384139419,
      "period": "1745384130000",
      "summaries": {},
      "histograms": {}
    },
    {
      "counters": {
        "browser.page.codes.200": 79,
        "browser.http_requests": 79,
        "errors.page.goto: Timeout 30000ms exceeded.": 20,
        "vusers.failed": 20,
        "browser.page.codes.204": 1
      },
      "rates": {},
      "firstCounterAt": 1745384140135,
      "firstHistogramAt": 1745384141348,
      "lastCounterAt": 1745384149652,
      "lastHistogramAt": 1745384149198,
      "firstMetricAt": 1745384140135,
      "lastMetricAt": 1745384149652,
      "period": "1745384140000",
      "summaries": {
        "browser.page.FCP.https://practice.expandtesting.com/login": {
          "min": 23127.3,
          "max": 27988.9,
          "count": 4,
          "mean": 25859.6,
          "p50": 25091.6,
          "median": 25091.6,
          "p75": 27181.5,
          "p90": 27181.5,
          "p95": 27181.5,
          "p99": 27181.5,
          "p999": 27181.5
        }
      },
      "histograms": {
        "browser.page.FCP.https://practice.expandtesting.com/login": {
          "min": 23127.3,
          "max": 27988.9,
          "count": 4,
          "mean": 25859.6,
          "p50": 25091.6,
          "median": 25091.6,
          "p75": 27181.5,
          "p90": 27181.5,
          "p95": 27181.5,
          "p99": 27181.5,
          "p999": 27181.5
        }
      }
    },
    {
      "counters": {
        "browser.http_requests": 6,
        "errors.page.goto: Timeout 30000ms exceeded.": 6,
        "vusers.failed": 6,
        "browser.page.codes.200": 5
      },
      "rates": {},
      "firstCounterAt": 1745384150082,
      "lastCounterAt": 1745384152204,
      "firstMetricAt": 1745384150082,
      "lastMetricAt": 1745384152204,
      "period": "1745384150000",
      "summaries": {},
      "histograms": {}
    }
  ]
}