{
  "aggregate": {
    "counters": {
      "vusers.created_by_name.Login Performance Test": 60,
      "vusers.created": 60,
      "browser.page.codes.200": 462,
      "browser.http_requests": 420,
      "browser.page.codes.204": 12,
      "errors.page.goto: Timeout 30000ms exceeded.": 60,
      "vusers.failed": 60
    },
    "rates": {},
    "firstCounterAt": 1745384367340,
    "firstHistogramAt": 1745384372556,
    "lastCounterAt": 1745384426418,
    "lastHistogramAt": 1745384421087,
    "firstMetricAt": 1745384367340,
    "lastMetricAt": 1745384426418,
    "period": 1745384420000,
    "summaries": {
      "browser.page.FCP.https://practice.expandtesting.com/login": {
        "min": 4120.3,
        "max": 24690.1,
        "count": 8,
        "mean": 12447.2,
        "p50": 10201.2,
        "median": 10201.2,
        "p75": 19346.7,
        "p90": 20136.3,
        "p95": 20136.3,
        "p99": 20136.3,
        "p999": 20136.3
      }
    },
    "histograms": {
      "browser.page.FCP.https://practice.expandtesting.com/login": {
        "min": 4120.3,
        "max": 24690.1,
        "count": 8,
        "mean": 12447.2,
        "p50": 10201.2,
        "median": 10201.2,
        "p75": 19346.7,
        "p90": 20136.3,
        "p95": 20136.3,
        "p99": 20136.3,
        "p999": 20136.3
      }
    }
  },
  "intermediate": [
    {
      "counters": {
        "vusers.created_by_name.Login Performance Test": 6,
        "vusers.created": 6,
        "browser.page.codes.200": 4,
        "browser.http_requests": 3
      },
      "rates": {},
      "firstCounterAt": 1745384367340,
      "lastCounterAt": 1745384369718,
      "firstMetricAt": 1745384367340,
      "lastMetricAt": 1745384369718,
      "period": "1745384360000",
      "summaries": {},
      "histograms": {}
    },
    {
      "counters": {
        "browser.page.codes.200": 73,
        "browser.http_requests": 63,
        "vusers.created_by_name.Login Performance Test": 20,
        "vusers.created": 20
      },
      "rates": {},
      "firstCounterAt": 1745384370132,
      "firstHistogramAt": 1745384372556,
      "lastCounterAt": 1745384379641,
      "lastHistogramAt": 1745384379588,
      "firstMetricAt": 1745384370132,
      "lastMetricAt": 1745384379641,
      "period": "1745384370000",
      "summaries": {
        "browser.page.FCP.https://practice.expandtesting.com/login": {
          "min": 4120.3,
          "max": 11520.1,
          "count": 5,
          "mean": 7080.3,
          "p50": 4770.6,
          "median": 4770.6,
          "p75": 10201.2,
          "p90": 10201.2,
          "p95": 10201.2,
          "p99": 10201.2,
          "p999": 10201.2
        }
      },
      "histograms": {
        "browser.page.FCP.https://practice.expandtesting.com/login": {
          "min": 4120.3,
          "max": 11520.1,
          "count": 5,
          "mean": 7080.3,
          "p50": 4770.6,
          "median": 4770.6,
          "p75": 10201.2,
          "p90": 10201.2,
          "p95": 10201.2,
          "p99": 10201.2,
          "p999": 10201.2
        }
      }
    },
    {
      "counters": {
        "browser.page.codes.200": 62,
        "browser.http_requests": 57,
        "vusers.created_by_name.Login Performance Test": 20,
        "vusers.created": 20,
        "browser.page.codes.204": 1
      },
      "rates": {},
      "firstCounterAt": 1745384380174,
      "lastCounterAt": 1745384389784,
      "firstMetricAt": 1745384380174,
      "lastMetricAt": 1745384389784,
      "period": "1745384380000",
      "summaries": {},
      "histograms": {}
    },
    {
      "counters": {
        "browser.page.codes.200": 91,
        "browser.http_requests": 77,
        "vusers.created_by_name.Login Performance Test": 14,
        "vusers.created": 14,
        "browser.page.codes.204": 7,
        "errors.page.goto: Timeout 30000ms exceeded.": 6,
        "vusers.failed": 6
      },
      "rates": {},
      "firstCounterAt": 1745384390008,
      "lastCounterAt": 1745384399422,
      "firstMetricAt": 1745384390008,
      "lastMetricAt": 1745384399422,
      "period": "1745384390000",
      "summaries": {},
      "histograms": {}
    },
    {
      "counters": {
        "browser.page.codes.200": 113,
        "errors.page.goto: Timeout 30000ms exceeded.": 20,
        "vusers.failed": 20,
        "browser.http_requests": 97
      },
      "rates": {},
      "firstCounterAt": 1745384400020,
      "lastCounterAt": 1745384409782,
      "firstMetricAt": 1745384400020,
      "lastMetricAt": 1745384409782,
      "period": "1745384400000",
      "summaries": {},
      "histograms": {}
    },
    {
      "counters": {
        "browser.page.codes.200": 95,
        "browser.http_requests": 99,
        "errors.page.goto: Timeout 30000ms exceeded.": 20,
        "vusers.failed": 20,
        "browser.page.codes.204": 1
      },
      "rates": {},
      "firstCounterAt": 1745384410100,
      "firstHistogramAt": 1745384414602,
      "lastCounterAt": 1745384419889,
      "lastHistogramAt": 1745384416687,
      "firstMetricAt": 1745384410100,
      "lastMetricAt": 1745384419889,
      "period": "1745384410000",
      "summaries": {
        "browser.page.FCP.https://practice.expandtesting.com/login": {
          "min": 19223.6,
          "max": 20262.2,
          "count": 2,
          "mean": 19742.9,
          "p50": 19346.7,
          "median": 19346.7,
          "p75": 19346.7,
          "p90": 19346.7,
          "p95": 19346.7,
          "p99": 19346.7,
          "p999": 19346.7
        }
      },
      "histograms": {
        "browser.page.FCP.https://practice.expandtesting.com/login": {
          "min": 19223.6,
          "max": 20262.2,
          "count": 2,
          "mean": 19742.9,
          "p50": 19346.7,
          "median": 19346.7,
          "p75": 19346.7,
          "p90": 19346.7,
          "p95": 19346.7,
          "p99": 19346.7,
          "p999": 19346.7
        }
      }
    },
    {
      "counters": {
        "browser.page.codes.200": 24,
        "browser.http_requests": 24,
        "errors.page.goto: Timeout 30000ms exceeded.": 14,
        "vusers.failed": 14,
        "browser.page.codes.204": 3
      },
      "rates": {},
      "firstCounterAt": 1745384420003,
      "firstHistogramAt": 1745384421087,
      "lastCounterAt": 1745384426418,
      "lastHistogramAt": 1745384421087,
      "firstMetricAt": 1745384420003,
      "lastMetricAt": 1745384426418,
      "period": "1745384420000",
      "summaries": {
        "browser.page.FCP.https://practice.expandtesting.com/login": {
          "min": 24690.1,
          "max": 24690.1,
          "count": 1,
          "mean": 24690.1,
          "p50": 24594.7,
          "median": 24594.7,
          "p75": 24594.7,
          "p90": 24594.7,
          "p95": 24594.7,
          "p99": 24594.7,
          "p999": 24594.7
        }
      },
      "histograms": {
        "browser.page.FCP.https://practice.expandtesting.com/login": {
          "min": 24690.1,
          "max": 24690.1,
          "count": 1,
          "mean": 24690.1,
          "p50": 24594.7,
          "median": 24594.7,
          "p75": 24594.7,
          "p90": 24594.7,
          "p95": 24594.7,
          "p99": 24594.7,
          "p999": 24594.7
        }
      }
    }
  ]
}