{
  "aggregate": {
    "counters": {
      "vusers.created_by_name.Login Performance Test": 60,
      "vusers.created": 60,
      "browser.page.codes.200": 2986,
      "browser.http_requests": 3908,
      "browser.page.codes.204": 915,
      "browser.page.codes.302": 137,
      "browser.page.codes.304": 294,
      "vusers.failed": 0,
      "vusers.completed": 60,
      "browser.page.codes.307": 1,
      "browser.page.codes.400": 4
    },
    "rates": {},
    "firstCounterAt": 1745345424673,
    "firstHistogramAt": 1745345425982,
    "lastCounterAt": 1745345463260,
    "lastHistogramAt": 1745345463260,
    "firstMetricAt": 1745345424673,
    "lastMetricAt": 1745345463260,
    "period": 1745345460000,
    "summaries": {
      "browser.page.FCP.https://practice.expandtesting.com/login": {
        "min": 889.7,
        "max": 8305.7,
        "count": 60,
        "mean": 3113,
        "p50": 3134.5,
        "median": 3134.5,
        "p75": 3752.7,
        "p90": 4583.6,
        "p95": 6439.7,
        "p99": 7557.1,
        "p999": 7557.1
      },
      "browser.page.TTFB.https://practice.expandtesting.com/login": {
        "min": 325.3,
        "max": 2361.6,
        "count": 60,
        "mean": 770.1,
        "p50": 713.5,
        "median": 713.5,
        "p75": 907,
        "p90": 982.6,
        "p95": 1153.1,
        "p99": 1826.6,
        "p999": 1826.6
      },
      "browser.page.LCP.https://practice.expandtesting.com/login": {
        "min": 889.7,
        "max": 8305.7,
        "count": 60,
        "mean": 3113,
        "p50": 3134.5,
        "median": 3134.5,
        "p75": 3752.7,
        "p90": 4583.6,
        "p95": 6439.7,
        "p99": 7557.1,
        "p999": 7557.1
      },
      "browser.page.FID.https://practice.expandtesting.com/login": {
        "min": 0.4,
        "max": 5.4,
        "count": 60,
        "mean": 0.7,
        "p50": 0.5,
        "median": 0.5,
        "p75": 0.6,
        "p90": 0.7,
        "p95": 2.4,
        "p99": 2.5,
        "p999": 2.5
      },
      "browser.page.INP.https://practice.expandtesting.com/login": {
        "min": 8,
        "max": 32,
        "count": 60,
        "mean": 16.3,
        "p50": 16,
        "median": 16,
        "p75": 16,
        "p90": 16,
        "p95": 23.8,
        "p99": 32.1,
        "p999": 32.1
      },
      "browser.page.CLS.https://practice.expandtesting.com/login": {
        "min": 0.1,
        "max": 0.2,
        "count": 60,
        "mean": 0.1,
        "p50": 0.1,
        "median": 0.1,
        "p75": 0.1,
        "p90": 0.2,
        "p95": 0.2,
        "p99": 0.2,
        "p999": 0.2
      },
      "browser.page.FCP.https://practice.expandtesting.com/secure": {
        "min": 906.6,
        "max": 2350.1,
        "count": 60,
        "mean": 1380.4,
        "p50": 1353.1,
        "median": 1353.1,
        "p75": 1495.5,
        "p90": 1826.6,
        "p95": 1901.1,
        "p99": 1978.7,
        "p999": 1978.7
      },
      "vusers.session_length": {
        "min": 4386.7,
        "max": 12528.3,
        "count": 60,
        "mean": 8169.3,
        "p50": 8352,
        "median": 8352,
        "p75": 9416.8,
        "p90": 10407.3,
        "p95": 10617.5,
        "p99": 11734.2,
        "p999": 11734.2
      },
      "browser.page.TTFB.https://practice.expandtesting.com/secure": {
        "min": 575.1,
        "max": 588,
        "count": 2,
        "mean": 581.5,
        "p50": 572.6,
        "median": 572.6,
        "p75": 572.6,
        "p90": 572.6,
        "p95": 572.6,
        "p99": 572.6,
        "p999": 572.6
      }
    },
    "histograms": {
      "browser.page.FCP.https://practice.expandtesting.com/login": {
        "min": 889.7,
        "max": 8305.7,
        "count": 60,
        "mean": 3113,
        "p50": 3134.5,
        "median": 3134.5,
        "p75": 3752.7,
        "p90": 4583.6,
        "p95": 6439.7,
        "p99": 7557.1,
        "p999": 7557.1
      },
      "browser.page.TTFB.https://practice.expandtesting.com/login": {
        "min": 325.3,
        "max": 2361.6,
        "count": 60,
        "mean": 770.1,
        "p50": 713.5,
        "median": 713.5,
        "p75": 907,
        "p90": 982.6,
        "p95": 1153.1,
        "p99": 1826.6,
        "p999": 1826.6
      },
      "browser.page.LCP.https://practice.expandtesting.com/login": {
        "min": 889.7,
        "max": 8305.7,
        "count": 60,
        "mean": 3113,
        "p50": 3134.5,
        "median": 3134.5,
        "p75": 3752.7,
        "p90": 4583.6,
        "p95": 6439.7,
        "p99": 7557.1,
        "p999": 7557.1
      },
      "browser.page.FID.https://practice.expandtesting.com/login": {
        "min": 0.4,
        "max": 5.4,
        "count": 60,
        "mean": 0.7,
        "p50": 0.5,
        "median": 0.5,
        "p75": 0.6,
        "p90": 0.7,
        "p95": 2.4,
        "p99": 2.5,
        "p999": 2.5
      },
      "browser.page.INP.https://practice.expandtesting.com/login": {
        "min": 8,
        "max": 32,
        "count": 60,
        "mean": 16.3,
        "p50": 16,
        "median": 16,
        "p75": 16,
        "p90": 16,
        "p95": 23.8,
        "p99": 32.1,
        "p999": 32.1
      },
      "browser.page.CLS.https://practice.expandtesting.com/login": {
        "min": 0.1,
        "max": 0.2,
        "count": 60,
        "mean": 0.1,
        "p50": 0.1,
        "median": 0.1,
        "p75": 0.1,
        "p90": 0.2,
        "p95": 0.2,
        "p99": 0.2,
        "p999": 0.2
      },
      "browser.page.FCP.https://practice.expandtesting.com/secure": {
        "min": 906.6,
        "max": 2350.1,
        "count": 60,
        "mean": 1380.4,
        "p50": 1353.1,
        "median": 1353.1,
        "p75": 1495.5,
        "p90": 1826.6,
        "p95": 1901.1,
        "p99": 1978.7,
        "p999": 1978.7
      },
      "vusers.session_length": {
        "min": 4386.7,
        "max": 12528.3,
        "count": 60,
        "mean": 8169.3,
        "p50": 8352,
        "median": 8352,
        "p75": 9416.8,
        "p90": 10407.3,
        "p95": 10617.5,
        "p99": 11734.2,
        "p999": 11734.2
      },
      "browser.page.TTFB.https://practice.expandtesting.com/secure": {
        "min": 575.1,
        "max": 588,
        "count": 2,
        "mean": 581.5,
        "p50": 572.6,
        "median": 572.6,
        "p75": 572.6,
        "p90": 572.6,
        "p95": 572.6,
        "p99": 572.6,
        "p999": 572.6
      }
    }
  },
  "intermediate": [
    {
      "counters": {
        "vusers.created_by_name.Login Performance Test": 12,
        "vusers.created": 12,
        "browser.page.codes.200": 307,
        "browser.http_requests": 373,
        "browser.page.codes.204": 78,
        "browser.page.codes.302": 10,
        "browser.page.codes.304": 13,
        "vusers.failed": 0,
        "vusers.completed": 2
      },
      "rates": {},
      "firstCounterAt": 1745345424673,
      "firstHistogramAt": 1745345425982,
      "lastCounterAt": 1745345429997,
      "lastHistogramAt": 1745345429806,
      "firstMetricAt": 1745345424673,
      "lastMetricAt": 1745345429997,
      "period": "1745345420000",
      "summaries": {
        "browser.page.FCP.https://practice.expandtesting.com/login": {
          "min": 889.7,
          "max": 1253.2,
          "count": 9,
          "mean": 982.2,
          "p50": 907,
          "median": 907,
          "p75": 982.6,
          "p90": 1200.1,
          "p95": 1200.1,
          "p99": 1200.1,
          "p999": 1200.1
        },
        "browser.page.TTFB.https://practice.expandtesting.com/login": {
          "min": 325.3,
          "max": 500.4,
          "count": 6,
          "mean": 418.5,
          "p50": 383.8,
          "median": 383.8,
          "p75": 459.5,
          "p90": 468.8,
          "p95": 468.8,
          "p99": 468.8,
          "p999": 468.8
        },
        "browser.page.LCP.https://practice.expandtesting.com/login": {
          "min": 889.7,
          "max": 982.6,
          "count": 6,
          "mean": 913.8,
          "p50": 889.1,
          "median": 889.1,
          "p75": 907,
          "p90": 907,
          "p95": 907,
          "p99": 907,
          "p999": 907
        },
        "browser.page.FID.https://practice.expandtesting.com/login": {
          "min": 0.4,
          "max": 5.4,
          "count": 6,
          "mean": 2.1,
          "p50": 1.2,
          "median": 1.2,
          "p75": 2.5,
          "p90": 2.5,
          "p95": 2.5,
          "p99": 2.5,
          "p999": 2.5
        },
        "browser.page.INP.https://practice.expandtesting.com/login": {
          "min": 8,
          "max": 16,
          "count": 4,
          "mean": 14,
          "p50": 16,
          "median": 16,
          "p75": 16,
          "p90": 16,
          "p95": 16,
          "p99": 16,
          "p999": 16
        },
        "browser.page.CLS.https://practice.expandtesting.com/login": {
          "min": 0.1,
          "max": 0.1,
          "count": 4,
          "mean": 0.1,
          "p50": 0.1,
          "median": 0.1,
          "p75": 0.1,
          "p90": 0.1,
          "p95": 0.1,
          "p99": 0.1,
          "p999": 0.1
        },
        "browser.page.FCP.https://practice.expandtesting.com/secure": {
          "min": 987.6,
          "max": 1233.4,
          "count": 3,
          "mean": 1084,
          "p50": 1022.7,
          "median": 1022.7,
          "p75": 1022.7,
          "p90": 1022.7,
          "p95": 1022.7,
          "p99": 1022.7,
          "p999": 1022.7
        },
        "vusers.session_length": {
          "min": 4420.2,
          "max": 4471.4,
          "count": 2,
          "mean": 4445.8,
          "p50": 4403.8,
          "median": 4403.8,
          "p75": 4403.8,
          "p90": 4403.8,
          "p95": 4403.8,
          "p99": 4403.8,
          "p999": 4403.8
        }
      },
      "histograms": {
        "browser.page.FCP.https://practice.expandtesting.com/login": {
          "min": 889.7,
          "max": 1253.2,
          "count": 9,
          "mean": 982.2,
          "p50": 907,
          "median": 907,
          "p75": 982.6,
          "p90": 1200.1,
          "p95": 1200.1,
          "p99": 1200.1,
          "p999": 1200.1
        },
        "browser.page.TTFB.https://practice.expandtesting.com/login": {
          "min": 325.3,
          "max": 500.4,
          "count": 6,
          "mean": 418.5,
          "p50": 383.8,
          "median": 383.8,
          "p75": 459.5,
          "p90": 468.8,
          "p95": 468.8,
          "p99": 468.8,
          "p999": 468.8
        },
        "browser.page.LCP.https://practice.expandtesting.com/login": {
          "min": 889.7,
          "max": 982.6,
          "count": 6,
          "mean": 913.8,
          "p50": 889.1,
          "median": 889.1,
          "p75": 907,
          "p90": 907,
          "p95": 907,
          "p99": 907,
          "p999": 907
        },
        "browser.page.FID.https://practice.expandtesting.com/login": {
          "min": 0.4,
          "max": 5.4,
          "count": 6,
          "mean": 2.1,
          "p50": 1.2,
          "median": 1.2,
          "p75": 2.5,
          "p90": 2.5,
          "p95": 2.5,
          "p99": 2.5,
          "p999": 2.5
        },
        "browser.page.INP.https://practice.expandtesting.com/login": {
          "min": 8,
          "max": 16,
          "count": 4,
          "mean": 14,
          "p50": 16,
          "median": 16,
          "p75": 16,
          "p90": 16,
          "p95": 16,
          "p99": 16,
          "p999": 16
        },
        "browser.page.CLS.https://practice.expandtesting.com/login": {
          "min": 0.1,
          "max": 0.1,
          "count": 4,
          "mean": 0.1,
          "p50": 0.1,
          "median": 0.1,
          "p75": 0.1,
          "p90": 0.1,
          "p95": 0.1,
          "p99": 0.1,
          "p999": 0.1
        },
        "browser.page.FCP.https://practice.expandtesting.com/secure": {
          "min": 987.6,
          "max": 1233.4,
          "count": 3,
          "mean": 1084,
          "p50": 1022.7,
          "median": 1022.7,
          "p75": 1022.7,
          "p90": 1022.7,
          "p95": 1022.7,
          "p99": 1022.7,
          "p999": 1022.7
        },
        "vusers.session_length": {
          "min": 4420.2,
          "max": 4471.4,
          "count": 2,
          "mean": 4445.8,
          "p50": 4403.8,
          "median": 4403.8,
          "p75": 4403.8,
          "p90": 4403.8,
          "p95": 4403.8,
          "p99": 4403.8,
          "p999": 4403.8
        }
      }
    },
    {
      "counters": {
        "browser.page.codes.304": 76,
        "browser.http_requests": 1058,
        "browser.page.codes.200": 824,
        "browser.page.codes.204": 226,
        "vusers.failed": 0,
        "vusers.completed": 14,
        "browser.page.codes.302": 36,
        "vusers.created_by_name.Login Performance Test": 20,
        "vusers.created": 20,
        "browser.page.codes.307": 1,
        "browser.page.codes.400": 1
      },
      "rates": {},
      "firstCounterAt": 1745345430002,
      "firstHistogramAt": 1745345430004,
      "lastCounterAt": 1745345439996,
      "lastHistogramAt": 1745345439996,
      "firstMetricAt": 1745345430002,
      "lastMetricAt": 1745345439996,
      "period": "1745345430000",
      "summaries": {
        "browser.page.FCP.https://practice.expandtesting.com/login": {
          "min": 1010.4,
          "max": 3220.3,
          "count": 17,
          "mean": 2277.3,
          "p50": 2671,
          "median": 2671,
          "p75": 2780,
          "p90": 2951.9,
          "p95": 3197.8,
          "p99": 3197.8,
          "p999": 3197.8
        },
        "browser.page.FCP.https://practice.expandtesting.com/secure": {
          "min": 996.9,
          "max": 1905.2,
          "count": 15,
          "mean": 1353.1,
          "p50": 1353.1,
          "median": 1353.1,
          "p75": 1465.9,
          "p90": 1495.5,
          "p95": 1556.5,
          "p99": 1556.5,
          "p999": 1556.5
        },
        "vusers.session_length": {
          "min": 4386.7,
          "max": 7431.1,
          "count": 14,
          "mean": 5784.1,
          "p50": 5487.5,
          "median": 5487.5,
          "p75": 6439.7,
          "p90": 7260.8,
          "p95": 7407.5,
          "p99": 7407.5,
          "p999": 7407.5
        },
        "browser.page.INP.https://practice.expandtesting.com/login": {
          "min": 8,
          "max": 32,
          "count": 15,
          "mean": 17.1,
          "p50": 16,
          "median": 16,
          "p75": 16,
          "p90": 16,
          "p95": 23.8,
          "p99": 23.8,
          "p999": 23.8
        },
        "browser.page.CLS.https://practice.expandtesting.com/login": {
          "min": 0.1,
          "max": 0.2,
          "count": 15,
          "mean": 0.1,
          "p50": 0.1,
          "median": 0.1,
          "p75": 0.1,
          "p90": 0.2,
          "p95": 0.2,
          "p99": 0.2,
          "p999": 0.2
        },
        "browser.page.TTFB.https://practice.expandtesting.com/login": {
          "min": 367.4,
          "max": 983.6,
          "count": 14,
          "mean": 588.9,
          "p50": 507.8,
          "median": 507.8,
          "p75": 620.3,
          "p90": 699.4,
          "p95": 944,
          "p99": 944,
          "p999": 944
        },
        "browser.page.LCP.https://practice.expandtesting.com/login": {
          "min": 906.7,
          "max": 2943.9,
          "count": 13,
          "mean": 1697.2,
          "p50": 1465.9,
          "median": 1465.9,
          "p75": 2018.7,
          "p90": 2618.1,
          "p95": 2893.5,
          "p99": 2893.5,
          "p999": 2893.5
        },
        "browser.page.FID.https://practice.expandtesting.com/login": {
          "min": 0.4,
          "max": 2.4,
          "count": 13,
          "mean": 0.7,
          "p50": 0.5,
          "median": 0.5,
          "p75": 0.5,
          "p90": 0.6,
          "p95": 0.7,
          "p99": 0.7,
          "p999": 0.7
        }
      },
      "histograms": {
        "browser.page.FCP.https://practice.expandtesting.com/login": {
          "min": 1010.4,
          "max": 3220.3,
          "count": 17,
          "mean": 2277.3,
          "p50": 2671,
          "median": 2671,
          "p75": 2780,
          "p90": 2951.9,
          "p95": 3197.8,
          "p99": 3197.8,
          "p999": 3197.8
        },
        "browser.page.FCP.https://practice.expandtesting.com/secure": {
          "min": 996.9,
          "max": 1905.2,
          "count": 15,
          "mean": 1353.1,
          "p50": 1353.1,
          "median": 1353.1,
          "p75": 1465.9,
          "p90": 1495.5,
          "p95": 1556.5,
          "p99": 1556.5,
          "p999": 1556.5
        },
        "vusers.session_length": {
          "min": 4386.7,
          "max": 7431.1,
          "count": 14,
          "mean": 5784.1,
          "p50": 5487.5,
          "median": 5487.5,
          "p75": 6439.7,
          "p90": 7260.8,
          "p95": 7407.5,
          "p99": 7407.5,
          "p999": 7407.5
        },
        "browser.page.INP.https://practice.expandtesting.com/login": {
          "min": 8,
          "max": 32,
          "count": 15,
          "mean": 17.1,
          "p50": 16,
          "median": 16,
          "p75": 16,
          "p90": 16,
          "p95": 23.8,
          "p99": 23.8,
          "p999": 23.8
        },
        "browser.page.CLS.https://practice.expandtesting.com/login": {
          "min": 0.1,
          "max": 0.2,
          "count": 15,
          "mean": 0.1,
          "p50": 0.1,
          "median": 0.1,
          "p75": 0.1,
          "p90": 0.2,
          "p95": 0.2,
          "p99": 0.2,
          "p999": 0.2
        },
        "browser.page.TTFB.https://practice.expandtesting.com/login": {
          "min": 367.4,
          "max": 983.6,
          "count": 14,
          "mean": 588.9,
          "p50": 507.8,
          "median": 507.8,
          "p75": 620.3,
          "p90": 699.4,
          "p95": 944,
          "p99": 944,
          "p999": 944
        },
        "browser.page.LCP.https://practice.expandtesting.com/login": {
          "min": 906.7,
          "max": 2943.9,
          "count": 13,
          "mean": 1697.2,
          "p50": 1465.9,
          "median": 1465.9,
          "p75": 2018.7,
          "p90": 2618.1,
          "p95": 2893.5,
          "p99": 2893.5,
          "p999": 2893.5
        },
        "browser.page.FID.https://practice.expandtesting.com/login": {
          "min": 0.4,
          "max": 2.4,
          "count": 13,
          "mean": 0.7,
          "p50": 0.5,
          "median": 0.5,
          "p75": 0.5,
          "p90": 0.6,
          "p95": 0.7,
          "p99": 0.7,
          "p999": 0.7
        }
      }
    },
    {
      "counters": {
        "browser.page.codes.200": 787,
        "browser.http_requests": 1025,
        "browser.page.codes.204": 266,
        "browser.page.codes.302": 39,
        "vusers.created_by_name.Login Performance Test": 20,
        "vusers.created": 20,
        "browser.page.codes.304": 64,
        "vusers.failed": 0,
        "vusers.completed": 16,
        "browser.page.codes.400": 1
      },
      "rates": {},
      "firstCounterAt": 1745345440010,
      "firstHistogramAt": 1745345440001,
      "lastCounterAt": 1745345449954,
      "lastHistogramAt": 1745345449903,
      "firstMetricAt": 1745345440001,
      "lastMetricAt": 1745345449954,
      "period": "1745345440000",
      "summaries": {
        "browser.page.TTFB.https://practice.expandtesting.com/login": {
          "min": 601.8,
          "max": 1155.6,
          "count": 18,
          "mean": 803.9,
          "p50": 820.7,
          "median": 820.7,
          "p75": 854.2,
          "p90": 944,
          "p95": 1107.9,
          "p99": 1107.9,
          "p999": 1107.9
        },
        "browser.page.FCP.https://practice.expandtesting.com/login": {
          "min": 2074.8,
          "max": 4616.5,
          "count": 18,
          "mean": 3363,
          "p50": 3395.5,
          "median": 3395.5,
          "p75": 3752.7,
          "p90": 3905.8,
          "p95": 3984.7,
          "p99": 3984.7,
          "p999": 3984.7
        },
        "browser.page.LCP.https://practice.expandtesting.com/login": {
          "min": 2074.8,
          "max": 3961.1,
          "count": 18,
          "mean": 3009.8,
          "p50": 2780,
          "median": 2780,
          "p75": 3197.8,
          "p90": 3752.7,
          "p95": 3752.7,
          "p99": 3752.7,
          "p999": 3752.7
        },
        "browser.page.FID.https://practice.expandtesting.com/login": {
          "min": 0.4,
          "max": 0.7,
          "count": 18,
          "mean": 0.5,
          "p50": 0.5,
          "median": 0.5,
          "p75": 0.6,
          "p90": 0.6,
          "p95": 0.7,
          "p99": 0.7,
          "p999": 0.7
        },
        "browser.page.INP.https://practice.expandtesting.com/login": {
          "min": 8,
          "max": 32,
          "count": 13,
          "mean": 16.6,
          "p50": 16,
          "median": 16,
          "p75": 16,
          "p90": 16,
          "p95": 16,
          "p99": 16,
          "p999": 16
        },
        "browser.page.CLS.https://practice.expandtesting.com/login": {
          "min": 0.1,
          "max": 0.2,
          "count": 13,
          "mean": 0.1,
          "p50": 0.1,
          "median": 0.1,
          "p75": 0.1,
          "p90": 0.2,
          "p95": 0.2,
          "p99": 0.2,
          "p999": 0.2
        },
        "browser.page.FCP.https://practice.expandtesting.com/secure": {
          "min": 1147,
          "max": 2350.1,
          "count": 14,
          "mean": 1511.4,
          "p50": 1465.9,
          "median": 1465.9,
          "p75": 1525.7,
          "p90": 1686.1,
          "p95": 1939.5,
          "p99": 1939.5,
          "p999": 1939.5
        },
        "vusers.session_length": {
          "min": 6899.2,
          "max": 9390.2,
          "count": 16,
          "mean": 8273.1,
          "p50": 8352,
          "median": 8352,
          "p75": 8868.4,
          "p90": 9230.4,
          "p95": 9416.8,
          "p99": 9416.8,
          "p999": 9416.8
        }
      },
      "histograms": {
        "browser.page.TTFB.https://practice.expandtesting.com/login": {
          "min": 601.8,
          "max": 1155.6,
          "count": 18,
          "mean": 803.9,
          "p50": 820.7,
          "median": 820.7,
          "p75": 854.2,
          "p90": 944,
          "p95": 1107.9,
          "p99": 1107.9,
          "p999": 1107.9
        },
        "browser.page.FCP.https://practice.expandtesting.com/login": {
          "min": 2074.8,
          "max": 4616.5,
          "count": 18,
          "mean": 3363,
          "p50": 3395.5,
          "median": 3395.5,
          "p75": 3752.7,
          "p90": 3905.8,
          "p95": 3984.7,
          "p99": 3984.7,
          "p999": 3984.7
        },
        "browser.page.LCP.https://practice.expandtesting.com/login": {
          "min": 2074.8,
          "max": 3961.1,
          "count": 18,
          "mean": 3009.8,
          "p50": 2780,
          "median": 2780,
          "p75": 3197.8,
          "p90": 3752.7,
          "p95": 3752.7,
          "p99": 3752.7,
          "p999": 3752.7
        },
        "browser.page.FID.https://practice.expandtesting.com/login": {
          "min": 0.4,
          "max": 0.7,
          "count": 18,
          "mean": 0.5,
          "p50": 0.5,
          "median": 0.5,
          "p75": 0.6,
          "p90": 0.6,
          "p95": 0.7,
          "p99": 0.7,
          "p999": 0.7
        },
        "browser.page.INP.https://practice.expandtesting.com/login": {
          "min": 8,
          "max": 32,
          "count": 13,
          "mean": 16.6,
          "p50": 16,
          "median": 16,
          "p75": 16,
          "p90": 16,
          "p95": 16,
          "p99": 16,
          "p999": 16
        },
        "browser.page.CLS.https://practice.expandtesting.com/login": {
          "min": 0.1,
          "max": 0.2,
          "count": 13,
          "mean": 0.1,
          "p50": 0.1,
          "median": 0.1,
          "p75": 0.1,
          "p90": 0.2,
          "p95": 0.2,
          "p99": 0.2,
          "p999": 0.2
        },
        "browser.page.FCP.https://practice.expandtesting.com/secure": {
          "min": 1147,
          "max": 2350.1,
          "count": 14,
          "mean": 1511.4,
          "p50": 1465.9,
          "median": 1465.9,
          "p75": 1525.7,
          "p90": 1686.1,
          "p95": 1939.5,
          "p99": 1939.5,
          "p999": 1939.5
        },
        "vusers.session_length": {
          "min": 6899.2,
          "max": 9390.2,
          "count": 16,
          "mean": 8273.1,
          "p50": 8352,
          "median": 8352,
          "p75": 8868.4,
          "p90": 9230.4,
          "p95": 9416.8,
          "p99": 9416.8,
          "p999": 9416.8
        }
      }
    },
    {
      "counters": {
        "browser.page.codes.204": 273,
        "browser.page.codes.200": 885,
        "browser.http_requests": 1162,
        "browser.page.codes.302": 40,
        "browser.page.codes.304": 93,
        "vusers.created_by_name.Login Performance Test": 8,
        "vusers.created": 8,
        "vusers.failed": 0,
        "vusers.completed": 19,
        "browser.page.codes.400": 2
      },
      "rates": {},
      "firstCounterAt": 1745345450000,
      "firstHistogramAt": 1745345450064,
      "lastCounterAt": 1745345459995,
      "lastHistogramAt": 1745345459911,
      "firstMetricAt": 1745345450000,
      "lastMetricAt": 1745345459995,
      "period": "1745345450000",
      "summaries": {
        "browser.page.INP.https://practice.expandtesting.com/login": {
          "min": 8,
          "max": 32,
          "count": 20,
          "mean": 16,
          "p50": 16,
          "median": 16,
          "p75": 16,
          "p90": 16,
          "p95": 16,
          "p99": 16,
          "p999": 16
        },
        "browser.page.CLS.https://practice.expandtesting.com/login": {
          "min": 0.1,
          "max": 0.2,
          "count": 20,
          "mean": 0.1,
          "p50": 0.1,
          "median": 0.1,
          "p75": 0.1,
          "p90": 0.2,
          "p95": 0.2,
          "p99": 0.2,
          "p999": 0.2
        },
        "browser.page.FCP.https://practice.expandtesting.com/secure": {
          "min": 1064,
          "max": 1978.9,
          "count": 20,
          "mean": 1529.3,
          "p50": 1436.8,
          "median": 1436.8,
          "p75": 1790.4,
          "p90": 1901.1,
          "p95": 1901.1,
          "p99": 1901.1,
          "p999": 1901.1
        },
        "browser.page.FCP.https://practice.expandtesting.com/login": {
          "min": 3005.6,
          "max": 8305.7,
          "count": 16,
          "mean": 4918.4,
          "p50": 4147.4,
          "median": 4147.4,
          "p75": 5487.5,
          "p90": 7557.1,
          "p95": 7557.1,
          "p99": 7557.1,
          "p999": 7557.1
        },
        "vusers.session_length": {
          "min": 7786.5,
          "max": 10701.1,
          "count": 19,
          "mean": 9559.1,
          "p50": 9801.2,
          "median": 9801.2,
          "p75": 10201.2,
          "p90": 10407.3,
          "p95": 10617.5,
          "p99": 10617.5,
          "p999": 10617.5
        },
        "browser.page.TTFB.https://practice.expandtesting.com/login": {
          "min": 601.4,
          "max": 2361.6,
          "count": 21,
          "mean": 952.3,
          "p50": 820.7,
          "median": 820.7,
          "p75": 963.1,
          "p90": 1249.1,
          "p95": 1826.6,
          "p99": 1826.6,
          "p999": 1826.6
        },
        "browser.page.LCP.https://practice.expandtesting.com/login": {
          "min": 3005.6,
          "max": 7581.8,
          "count": 18,
          "mean": 4312.4,
          "p50": 3984.7,
          "median": 3984.7,
          "p75": 4316.6,
          "p90": 5487.5,
          "p95": 6439.7,
          "p99": 6439.7,
          "p999": 6439.7
        },
        "browser.page.FID.https://practice.expandtesting.com/login": {
          "min": 0.4,
          "max": 0.7,
          "count": 18,
          "mean": 0.5,
          "p50": 0.5,
          "median": 0.5,
          "p75": 0.5,
          "p90": 0.6,
          "p95": 0.7,
          "p99": 0.7,
          "p999": 0.7
        }
      },
      "histograms": {
        "browser.page.INP.https://practice.expandtesting.com/login": {
          "min": 8,
          "max": 32,
          "count": 20,
          "mean": 16,
          "p50": 16,
          "median": 16,
          "p75": 16,
          "p90": 16,
          "p95": 16,
          "p99": 16,
          "p999": 16
        },
        "browser.page.CLS.https://practice.expandtesting.com/login": {
          "min": 0.1,
          "max": 0.2,
          "count": 20,
          "mean": 0.1,
          "p50": 0.1,
          "median": 0.1,
          "p75": 0.1,
          "p90": 0.2,
          "p95": 0.2,
          "p99": 0.2,
          "p999": 0.2
        },
        "browser.page.FCP.https://practice.expandtesting.com/secure": {
          "min": 1064,
          "max": 1978.9,
          "count": 20,
          "mean": 1529.3,
          "p50": 1436.8,
          "median": 1436.8,
          "p75": 1790.4,
          "p90": 1901.1,
          "p95": 1901.1,
          "p99": 1901.1,
          "p999": 1901.1
        },
        "browser.page.FCP.https://practice.expandtesting.com/login": {
          "min": 3005.6,
          "max": 8305.7,
          "count": 16,
          "mean": 4918.4,
          "p50": 4147.4,
          "median": 4147.4,
          "p75": 5487.5,
          "p90": 7557.1,
          "p95": 7557.1,
          "p99": 7557.1,
          "p999": 7557.1
        },
        "vusers.session_length": {
          "min": 7786.5,
          "max": 10701.1,
          "count": 19,
          "mean": 9559.1,
          "p50": 9801.2,
          "median": 9801.2,
          "p75": 10201.2,
          "p90": 10407.3,
          "p95": 10617.5,
          "p99": 10617.5,
          "p999": 10617.5
        },
        "browser.page.TTFB.https://practice.expandtesting.com/login": {
          "min": 601.4,
          "max": 2361.6,
          "count": 21,
          "mean": 952.3,
          "p50": 820.7,
          "median": 820.7,
          "p75": 963.1,
          "p90": 1249.1,
          "p95": 1826.6,
          "p99": 1826.6,
          "p999": 1826.6
        },
        "browser.page.LCP.https://practice.expandtesting.com/login": {
          "min": 3005.6,
          "max": 7581.8,
          "count": 18,
          "mean": 4312.4,
          "p50": 3984.7,
          "median": 3984.7,
          "p75": 4316.6,
          "p90": 5487.5,
          "p95": 6439.7,
          "p99": 6439.7,
          "p999": 6439.7
        },
        "browser.page.FID.https://practice.expandtesting.com/login": {
          "min": 0.4,
          "max": 0.7,
          "count": 18,
          "mean": 0.5,
          "p50": 0.5,
          "median": 0.5,
          "p75": 0.5,
          "p90": 0.6,
          "p95": 0.7,
          "p99": 0.7,
          "p999": 0.7
        }
      }
    },
    {
      "counters": {
        "browser.page.codes.200": 183,
        "browser.page.codes.204": 72,
        "browser.http_requests": 290,
        "browser.page.codes.302": 12,
        "browser.page.codes.304": 48,
        "vusers.failed": 0,
        "vusers.completed": 9
      },
      "rates": {},
      "firstCounterAt": 1745345460017,
      "firstHistogramAt": 1745345460033,
      "lastCounterAt": 1745345463260,
      "lastHistogramAt": 1745345463260,
      "firstMetricAt": 1745345460017,
      "lastMetricAt": 1745345463260,
      "period": "1745345460000",
      "summaries": {
        "browser.page.INP.https://practice.expandtesting.com/login": {
          "min": 16,
          "max": 16,
          "count": 8,
          "mean": 16,
          "p50": 16,
          "median": 16,
          "p75": 16,
          "p90": 16,
          "p95": 16,
          "p99": 16,
          "p999": 16
        },
        "browser.page.CLS.https://practice.expandtesting.com/login": {
          "min": 0.1,
          "max": 0.1,
          "count": 8,
          "mean": 0.1,
          "p50": 0.1,
          "median": 0.1,
          "p75": 0.1,
          "p90": 0.1,
          "p95": 0.1,
          "p99": 0.1,
          "p999": 0.1
        },
        "browser.page.LCP.https://practice.expandtesting.com/login": {
          "min": 3483,
          "max": 8305.7,
          "count": 5,
          "mean": 5487.1,
          "p50": 4492.8,
          "median": 4492.8,
          "p75": 7557.1,
          "p90": 7557.1,
          "p95": 7557.1,
          "p99": 7557.1,
          "p999": 7557.1
        },
        "browser.page.FID.https://practice.expandtesting.com/login": {
          "min": 0.4,
          "max": 0.9,
          "count": 5,
          "mean": 0.5,
          "p50": 0.4,
          "median": 0.4,
          "p75": 0.5,
          "p90": 0.5,
          "p95": 0.5,
          "p99": 0.5,
          "p999": 0.5
        },
        "vusers.session_length": {
          "min": 7815.2,
          "max": 12528.3,
          "count": 9,
          "mean": 9588.8,
          "p50": 9047.6,
          "median": 9047.6,
          "p75": 10617.5,
          "p90": 11734.2,
          "p95": 11734.2,
          "p99": 11734.2,
          "p999": 11734.2
        },
        "browser.page.FCP.https://practice.expandtesting.com/secure": {
          "min": 906.6,
          "max": 991.8,
          "count": 8,
          "mean": 941.5,
          "p50": 925.4,
          "median": 925.4,
          "p75": 944,
          "p90": 982.6,
          "p95": 982.6,
          "p99": 982.6,
          "p999": 982.6
        },
        "browser.page.TTFB.https://practice.expandtesting.com/secure": {
          "min": 575.1,
          "max": 588,
          "count": 2,
          "mean": 581.5,
          "p50": 572.6,
          "median": 572.6,
          "p75": 572.6,
          "p90": 572.6,
          "p95": 572.6,
          "p99": 572.6,
          "p999": 572.6
        },
        "browser.page.TTFB.https://practice.expandtesting.com/login": {
          "min": 979.8,
          "max": 979.8,
          "count": 1,
          "mean": 979.8,
          "p50": 982.6,
          "median": 982.6,
          "p75": 982.6,
          "p90": 982.6,
          "p95": 982.6,
          "p99": 982.6,
          "p999": 982.6
        }
      },
      "histograms": {
        "browser.page.INP.https://practice.expandtesting.com/login": {
          "min": 16,
          "max": 16,
          "count": 8,
          "mean": 16,
          "p50": 16,
          "median": 16,
          "p75": 16,
          "p90": 16,
          "p95": 16,
          "p99": 16,
          "p999": 16
        },
        "browser.page.CLS.https://practice.expandtesting.com/login": {
          "min": 0.1,
          "max": 0.1,
          "count": 8,
          "mean": 0.1,
          "p50": 0.1,
          "median": 0.1,
          "p75": 0.1,
          "p90": 0.1,
          "p95": 0.1,
          "p99": 0.1,
          "p999": 0.1
        },
        "browser.page.LCP.https://practice.expandtesting.com/login": {
          "min": 3483,
          "max": 8305.7,
          "count": 5,
          "mean": 5487.1,
          "p50": 4492.8,
          "median": 4492.8,
          "p75": 7557.1,
          "p90": 7557.1,
          "p95": 7557.1,
          "p99": 7557.1,
          "p999": 7557.1
        },
        "browser.page.FID.https://practice.expandtesting.com/login": {
          "min": 0.4,
          "max": 0.9,
          "count": 5,
          "mean": 0.5,
          "p50": 0.4,
          "median": 0.4,
          "p75": 0.5,
          "p90": 0.5,
          "p95": 0.5,
          "p99": 0.5,
          "p999": 0.5
        },
        "vusers.session_length": {
          "min": 7815.2,
          "max": 12528.3,
          "count": 9,
          "mean": 9588.8,
          "p50": 9047.6,
          "median": 9047.6,
          "p75": 10617.5,
          "p90": 11734.2,
          "p95": 11734.2,
          "p99": 11734.2,
          "p999": 11734.2
        },
        "browser.page.FCP.https://practice.expandtesting.com/secure": {
          "min": 906.6,
          "max": 991.8,
          "count": 8,
          "mean": 941.5,
          "p50": 925.4,
          "median": 925.4,
          "p75": 944,
          "p90": 982.6,
          "p95": 982.6,
          "p99": 982.6,
          "p999": 982.6
        },
        "browser.page.TTFB.https://practice.expandtesting.com/secure": {
          "min": 575.1,
          "max": 588,
          "count": 2,
          "mean": 581.5,
          "p50": 572.6,
          "median": 572.6,
          "p75": 572.6,
          "p90": 572.6,
          "p95": 572.6,
          "p99": 572.6,
          "p999": 572.6
        },
        "browser.page.TTFB.https://practice.expandtesting.com/login": {
          "min": 979.8,
          "max": 979.8,
          "count": 1,
          "mean": 979.8,
          "p50": 982.6,
          "median": 982.6,
          "p75": 982.6,
          "p90": 982.6,
          "p95": 982.6,
          "p99": 982.6,
          "p999": 982.6
        }
      }
    }
  ]
}