{
  "aggregate": {
    "counters": {
      "vusers.created_by_name.Login Performance Test": 30,
      "vusers.created": 30,
      "browser.page.codes.200": 527,
      "browser.http_requests": 591,
      "browser.page.codes.204": 34,
      "browser.page.codes.302": 27,
      "browser.page.codes.304": 44,
      "vusers.failed": 15,
      "vusers.completed": 15,
      "errors.page.goto: Timeout 60000ms exceeded.": 15
    },
    "rates": {},
    "firstCounterAt": 1745384725850,
    "firstHistogramAt": 1745384755457,
    "lastCounterAt": 1745384814909,
    "lastHistogramAt": 1745384810347,
    "firstMetricAt": 1745384725850,
    "lastMetricAt": 1745384814909,
    "period": 1745384810000,
    "summaries": {
      "browser.page.FCP.https://practice.expandtesting.com/login": {
        "min": 23165.2,
        "max": 58542.4,
        "count": 15,
        "mean": 45934.4,
        "p50": 49528.8,
        "median": 49528.8,
        "p75": 55843.8,
        "p90": 56972,
        "p95": 58122.9,
        "p99": 58122.9,
        "p999": 58122.9
      },
      "browser.page.LCP.https://practice.expandtesting.com/login": {
        "min": 23165.2,
        "max": 58542.4,
        "count": 15,
        "mean": 45934.4,
        "p50": 49528.8,
        "median": 49528.8,
        "p75": 55843.8,
        "p90": 56972,
        "p95": 58122.9,
        "p99": 58122.9,
        "p999": 58122.9
      },
      "browser.page.FID.https://practice.expandtesting.com/login": {
        "min": 0.4,
        "max": 1.7,
        "count": 15,
        "mean": 1.3,
        "p50": 1.5,
        "median": 1.5,
        "p75": 1.6,
        "p90": 1.7,
        "p95": 1.7,
        "p99": 1.7,
        "p999": 1.7
      },
      "browser.page.INP.https://practice.expandtesting.com/login": {
        "min": 16,
        "max": 32,
        "count": 15,
        "mean": 19.7,
        "p50": 16,
        "median": 16,
        "p75": 23.8,
        "p90": 23.8,
        "p95": 23.8,
        "p99": 23.8,
        "p999": 23.8
      },
      "browser.page.CLS.https://practice.expandtesting.com/login": {
        "min": 0,
        "max": 0.1,
        "count": 15,
        "mean": 0.1,
        "p50": 0.1,
        "median": 0.1,
        "p75": 0.1,
        "p90": 0.1,
        "p95": 0.1,
        "p99": 0.1,
        "p999": 0.1
      },
      "browser.page.FCP.https://practice.expandtesting.com/secure": {
        "min": 2746.2,
        "max": 8159.2,
        "count": 15,
        "mean": 5429.9,
        "p50": 5378.9,
        "median": 5378.9,
        "p75": 6312.2,
        "p90": 7260.8,
        "p95": 8186.6,
        "p99": 8186.6,
        "p999": 8186.6
      },
      "vusers.session_length": {
        "min": 33677,
        "max": 65408.7,
        "count": 15,
        "mean": 52888.7,
        "p50": 55843.8,
        "median": 55843.8,
        "p75": 61717.2,
        "p90": 62964,
        "p95": 64236,
        "p99": 64236,
        "p999": 64236
      }
    },
    "histograms": {
      "browser.page.FCP.https://practice.expandtesting.com/login": {
        "min": 23165.2,
        "max": 58542.4,
        "count": 15,
        "mean": 45934.4,
        "p50": 49528.8,
        "median": 49528.8,
        "p75": 55843.8,
        "p90": 56972,
        "p95": 58122.9,
        "p99": 58122.9,
        "p999": 58122.9
      },
      "browser.page.LCP.https://practice.expandtesting.com/login": {
        "min": 23165.2,
        "max": 58542.4,
        "count": 15,
        "mean": 45934.4,
        "p50": 49528.8,
        "median": 49528.8,
        "p75": 55843.8,
        "p90": 56972,
        "p95": 58122.9,
        "p99": 58122.9,
        "p999": 58122.9
      },
      "browser.page.FID.https://practice.expandtesting.com/login": {
        "min": 0.4,
        "max": 1.7,
        "count": 15,
        "mean": 1.3,
        "p50": 1.5,
        "median": 1.5,
        "p75": 1.6,
        "p90": 1.7,
        "p95": 1.7,
        "p99": 1.7,
        "p999": 1.7
      },
      "browser.page.INP.https://practice.expandtesting.com/login": {
        "min": 16,
        "max": 32,
        "count": 15,
        "mean": 19.7,
        "p50": 16,
        "median": 16,
        "p75": 23.8,
        "p90": 23.8,
        "p95": 23.8,
        "p99": 23.8,
        "p999": 23.8
      },
      "browser.page.CLS.https://practice.expandtesting.com/login": {
        "min": 0,
        "max": 0.1,
        "count": 15,
        "mean": 0.1,
        "p50": 0.1,
        "median": 0.1,
        "p75": 0.1,
        "p90": 0.1,
        "p95": 0.1,
        "p99": 0.1,
        "p999": 0.1
      },
      "browser.page.FCP.https://practice.expandtesting.com/secure": {
        "min": 2746.2,
        "max": 8159.2,
        "count": 15,
        "mean": 5429.9,
        "p50": 5378.9,
        "median": 5378.9,
        "p75": 6312.2,
        "p90": 7260.8,
        "p95": 8186.6,
        "p99": 8186.6,
        "p999": 8186.6
      },
      "vusers.session_length": {
        "min": 33677,
        "max": 65408.7,
        "count": 15,
        "mean": 52888.7,
        "p50": 55843.8,
        "median": 55843.8,
        "p75": 61717.2,
        "p90": 62964,
        "p95": 64236,
        "p99": 64236,
        "p999": 64236
      }
    }
  },
  "intermediate": [
    {
      "counters": {
        "vusers.created_by_name.Login Performance Test": 5,
        "vusers.created": 5,
        "browser.page.codes.200": 9,
        "browser.http_requests": 7
      },
      "rates": {},
      "firstCounterAt": 1745384725850,
      "lastCounterAt": 1745384729858,
      "firstMetricAt": 1745384725850,
      "lastMetricAt": 1745384729858,
      "period": "1745384720000",
      "summaries": {},
      "histograms": {}
    },
    {
      "counters": {
        "vusers.created_by_name.Login Performance Test": 10,
        "vusers.created": 10,
        "browser.page.codes.200": 45,
        "browser.http_requests": 43
      },
      "rates": {},
      "firstCounterAt": 1745384730849,
      "lastCounterAt": 1745384739997,
      "firstMetricAt": 1745384730849,
      "lastMetricAt": 1745384739997,
      "period": "1745384730000",
      "summaries": {},
      "histograms": {}
    },
    {
      "counters": {
        "browser.page.codes.200": 59,
        "browser.http_requests": 50,
        "vusers.created_by_name.Login Performance Test": 10,
        "vusers.created": 10
      },
      "rates": {},
      "firstCounterAt": 1745384740097,
      "lastCounterAt": 1745384749929,
      "firstMetricAt": 1745384740097,
      "lastMetricAt": 1745384749929,
      "period": "1745384740000",
      "summaries": {},
      "histograms": {}
    },
    {
      "counters": {
        "browser.http_requests": 81,
        "browser.page.codes.200": 88,
        "vusers.created_by_name.Login Performance Test": 5,
        "vusers.created": 5
      },
      "rates": {},
      "firstCounterAt": 1745384750143,
      "firstHistogramAt": 1745384755457,
      "lastCounterAt": 1745384759838,
      "lastHistogramAt": 1745384755457,
      "firstMetricAt": 1745384750143,
      "lastMetricAt": 1745384759838,
      "period": "1745384750000",
      "summaries": {
        "browser.page.FCP.https://practice.expandtesting.com/login": {
          "min": 27551.8,
          "max": 27551.8,
          "count": 1,
          "mean": 27551.8,
          "p50": 27730.6,
          "median": 27730.6,
          "p75": 27730.6,
          "p90": 27730.6,
          "p95": 27730.6,
          "p99": 27730.6,
          "p999": 27730.6
        }
      },
      "histograms": {
        "browser.page.FCP.https://practice.expandtesting.com/login": {
          "min": 27551.8,
          "max": 27551.8,
          "count": 1,
          "mean": 27551.8,
          "p50": 27730.6,
          "median": 27730.6,
          "p75": 27730.6,
          "p90": 27730.6,
          "p95": 27730.6,
          "p99": 27730.6,
          "p999": 27730.6
        }
      }
    },
    {
      "counters": {
        "browser.page.codes.200": 71,
        "browser.http_requests": 88,
        "browser.page.codes.204": 3,
        "browser.page.codes.302": 2,
        "browser.page.codes.304": 4,
        "vusers.failed": 0,
        "vusers.completed": 1
      },
      "rates": {},
      "firstCounterAt": 1745384761197,
      "firstHistogramAt": 1745384763485,
      "lastCounterAt": 1745384769390,
      "lastHistogramAt": 1745384769223,
      "firstMetricAt": 1745384761197,
      "lastMetricAt": 1745384769390,
      "period": "1745384760000",
      "summaries": {
        "browser.page.LCP.https://practice.expandtesting.com/login": {
          "min": 27227.1,
          "max": 27551.8,
          "count": 2,
          "mean": 27389.5,
          "p50": 27181.5,
          "median": 27181.5,
          "p75": 27181.5,
          "p90": 27181.5,
          "p95": 27181.5,
          "p99": 27181.5,
          "p999": 27181.5
        },
        "browser.page.FID.https://practice.expandtesting.com/login": {
          "min": 0.4,
          "max": 1.3,
          "count": 2,
          "mean": 0.9,
          "p50": 0.4,
          "median": 0.4,
          "p75": 0.4,
          "p90": 0.4,
          "p95": 0.4,
          "p99": 0.4,
          "p999": 0.4
        },
        "browser.page.INP.https://practice.expandtesting.com/login": {
          "min": 16,
          "max": 16,
          "count": 1,
          "mean": 16,
          "p50": 16,
          "median": 16,
          "p75": 16,
          "p90": 16,
          "p95": 16,
          "p99": 16,
          "p999": 16
        },
        "browser.page.CLS.https://practice.expandtesting.com/login": {
          "min": 0.1,
          "max": 0.1,
          "count": 1,
          "mean": 0.1,
          "p50": 0.1,
          "median": 0.1,
          "p75": 0.1,
          "p90": 0.1,
          "p95": 0.1,
          "p99": 0.1,
          "p999": 0.1
        },
        "browser.page.FCP.https://practice.expandtesting.com/secure": {
          "min": 2746.2,
          "max": 2746.2,
          "count": 1,
          "mean": 2746.2,
          "p50": 2725,
          "median": 2725,
          "p75": 2725,
          "p90": 2725,
          "p95": 2725,
          "p99": 2725,
          "p999": 2725
        },
        "vusers.session_length": {
          "min": 38570.5,
          "max": 38570.5,
          "count": 1,
          "mean": 38570.5,
          "p50": 38189,
          "median": 38189,
          "p75": 38189,
          "p90": 38189,
          "p95": 38189,
          "p99": 38189,
          "p999": 38189
        },
        "browser.page.FCP.https://practice.expandtesting.com/login": {
          "min": 27227.1,
          "max": 27227.1,
          "count": 1,
          "mean": 27227.1,
          "p50": 27181.5,
          "median": 27181.5,
          "p75": 27181.5,
          "p90": 27181.5,
          "p95": 27181.5,
          "p99": 27181.5,
          "p999": 27181.5
        }
      },
      "histograms": {
        "browser.page.LCP.https://practice.expandtesting.com/login": {
          "min": 27227.1,
          "max": 27551.8,
          "count": 2,
          "mean": 27389.5,
          "p50": 27181.5,
          "median": 27181.5,
          "p75": 27181.5,
          "p90": 27181.5,
          "p95": 27181.5,
          "p99": 27181.5,
          "p999": 27181.5
        },
        "browser.page.FID.https://practice.expandtesting.com/login": {
          "min": 0.4,
          "max": 1.3,
          "count": 2,
          "mean": 0.9,
          "p50": 0.4,
          "median": 0.4,
          "p75": 0.4,
          "p90": 0.4,
          "p95": 0.4,
          "p99": 0.4,
          "p999": 0.4
        },
        "browser.page.INP.https://practice.expandtesting.com/login": {
          "min": 16,
          "max": 16,
          "count": 1,
          "mean": 16,
          "p50": 16,
          "median": 16,
          "p75": 16,
          "p90": 16,
          "p95": 16,
          "p99": 16,
          "p999": 16
        },
        "browser.page.CLS.https://practice.expandtesting.com/login": {
          "min": 0.1,
          "max": 0.1,
          "count": 1,
          "mean": 0.1,
          "p50": 0.1,
          "median": 0.1,
          "p75": 0.1,
          "p90": 0.1,
          "p95": 0.1,
          "p99": 0.1,
          "p999": 0.1
        },
        "browser.page.FCP.https://practice.expandtesting.com/secure": {
          "min": 2746.2,
          "max": 2746.2,
          "count": 1,
          "mean": 2746.2,
          "p50": 2725,
          "median": 2725,
          "p75": 2725,
          "p90": 2725,
          "p95": 2725,
          "p99": 2725,
          "p999": 2725
        },
        "vusers.session_length": {
          "min": 38570.5,
          "max": 38570.5,
          "count": 1,
          "mean": 38570.5,
          "p50": 38189,
          "median": 38189,
          "p75": 38189,
          "p90": 38189,
          "p95": 38189,
          "p99": 38189,
          "p999": 38189
        },
        "browser.page.FCP.https://practice.expandtesting.com/login": {
          "min": 27227.1,
          "max": 27227.1,
          "count": 1,
          "mean": 27227.1,
          "p50": 27181.5,
          "median": 27181.5,
          "p75": 27181.5,
          "p90": 27181.5,
          "p95": 27181.5,
          "p99": 27181.5,
          "p999": 27181.5
        }
      }
    },
    {
      "counters": {
        "browser.page.codes.200": 63,
        "browser.http_requests": 70,
        "browser.page.codes.302": 2,
        "browser.page.codes.304": 1,
        "vusers.failed": 0,
        "vusers.completed": 1,
        "browser.page.codes.204": 2
      },
      "rates": {},
      "firstCounterAt": 1745384770831,
      "firstHistogramAt": 1745384774207,
      "lastCounterAt": 1745384779728,
      "lastHistogramAt": 1745384778672,
      "firstMetricAt": 1745384770831,
      "lastMetricAt": 1745384779728,
      "period": "1745384770000",
      "summaries": {
        "browser.page.INP.https://practice.expandtesting.com/login": {
          "min": 32,
          "max": 32,
          "count": 1,
          "mean": 32,
          "p50": 32.1,
          "median": 32.1,
          "p75": 32.1,
          "p90": 32.1,
          "p95": 32.1,
          "p99": 32.1,
          "p999": 32.1
        },
        "browser.page.CLS.https://practice.expandtesting.com/login": {
          "min": 0,
          "max": 0,
          "count": 1,
          "mean": 0,
          "p50": 0,
          "median": 0,
          "p75": 0,
          "p90": 0,
          "p95": 0,
          "p99": 0,
          "p999": 0
        },
        "browser.page.FCP.https://practice.expandtesting.com/secure": {
          "min": 5857.5,
          "max": 5857.5,
          "count": 1,
          "mean": 5857.5,
          "p50": 5826.9,
          "median": 5826.9,
          "p75": 5826.9,
          "p90": 5826.9,
          "p95": 5826.9,
          "p99": 5826.9,
          "p999": 5826.9
        },
        "browser.page.FCP.https://practice.expandtesting.com/login": {
          "min": 23165.2,
          "max": 46549.3,
          "count": 2,
          "mean": 34857.2,
          "p50": 23162.4,
          "median": 23162.4,
          "p75": 23162.4,
          "p90": 23162.4,
          "p95": 23162.4,
          "p99": 23162.4,
          "p999": 23162.4
        },
        "vusers.session_length": {
          "min": 33677,
          "max": 33677,
          "count": 1,
          "mean": 33677,
          "p50": 33870.4,
          "median": 33870.4,
          "p75": 33870.4,
          "p90": 33870.4,
          "p95": 33870.4,
          "p99": 33870.4,
          "p999": 33870.4
        },
        "browser.page.LCP.https://practice.expandtesting.com/login": {
          "min": 23165.2,
          "max": 46549.3,
          "count": 2,
          "mean": 34857.2,
          "p50": 23162.4,
          "median": 23162.4,
          "p75": 23162.4,
          "p90": 23162.4,
          "p95": 23162.4,
          "p99": 23162.4,
          "p999": 23162.4
        },
        "browser.page.FID.https://practice.expandtesting.com/login": {
          "min": 0.7,
          "max": 1.7,
          "count": 2,
          "mean": 1.2,
          "p50": 0.7,
          "median": 0.7,
          "p75": 0.7,
          "p90": 0.7,
          "p95": 0.7,
          "p99": 0.7,
          "p999": 0.7
        }
      },
      "histograms": {
        "browser.page.INP.https://practice.expandtesting.com/login": {
          "min": 32,
          "max": 32,
          "count": 1,
          "mean": 32,
          "p50": 32.1,
          "median": 32.1,
          "p75": 32.1,
          "p90": 32.1,
          "p95": 32.1,
          "p99": 32.1,
          "p999": 32.1
        },
        "browser.page.CLS.https://practice.expandtesting.com/login": {
          "min": 0,
          "max": 0,
          "count": 1,
          "mean": 0,
          "p50": 0,
          "median": 0,
          "p75": 0,
          "p90": 0,
          "p95": 0,
          "p99": 0,
          "p999": 0
        },
        "browser.page.FCP.https://practice.expandtesting.com/secure": {
          "min": 5857.5,
          "max": 5857.5,
          "count": 1,
          "mean": 5857.5,
          "p50": 5826.9,
          "median": 5826.9,
          "p75": 5826.9,
          "p90": 5826.9,
          "p95": 5826.9,
          "p99": 5826.9,
          "p999": 5826.9
        },
        "browser.page.FCP.https://practice.expandtesting.com/login": {
          "min": 23165.2,
          "max": 46549.3,
          "count": 2,
          "mean": 34857.2,
          "p50": 23162.4,
          "median": 23162.4,
          "p75": 23162.4,
          "p90": 23162.4,
          "p95": 23162.4,
          "p99": 23162.4,
          "p999": 23162.4
        },
        "vusers.session_length": {
          "min": 33677,
          "max": 33677,
          "count": 1,
          "mean": 33677,
          "p50": 33870.4,
          "median": 33870.4,
          "p75": 33870.4,
          "p90": 33870.4,
          "p95": 33870.4,
          "p99": 33870.4,
          "p999": 33870.4
        },
        "browser.page.LCP.https://practice.expandtesting.com/login": {
          "min": 23165.2,
          "max": 46549.3,
          "count": 2,
          "mean": 34857.2,
          "p50": 23162.4,
          "median": 23162.4,
          "p75": 23162.4,
          "p90": 23162.4,
          "p95": 23162.4,
          "p99": 23162.4,
          "p999": 23162.4
        },
        "browser.page.FID.https://practice.expandtesting.com/login": {
          "min": 0.7,
          "max": 1.7,
          "count": 2,
          "mean": 1.2,
          "p50": 0.7,
          "median": 0.7,
          "p75": 0.7,
          "p90": 0.7,
          "p95": 0.7,
          "p99": 0.7,
          "p999": 0.7
        }
      }
    },
    {
      "counters": {
        "browser.page.codes.204": 4,
        "browser.page.codes.302": 3,
        "browser.http_requests": 68,
        "browser.page.codes.200": 55,
        "browser.page.codes.304": 8,
        "errors.page.goto: Timeout 60000ms exceeded.": 4,
        "vusers.failed": 4,
        "vusers.completed": 2
      },
      "rates": {},
      "firstCounterAt": 1745384780241,
      "firstHistogramAt": 1745384785072,
      "lastCounterAt": 1745384789883,
      "lastHistogramAt": 1745384789672,
      "firstMetricAt": 1745384780241,
      "lastMetricAt": 1745384789883,
      "period": "1745384780000",
      "summaries": {
        "browser.page.INP.https://practice.expandtesting.com/login": {
          "min": 16,
          "max": 24,
          "count": 2,
          "mean": 20,
          "p50": 16,
          "median": 16,
          "p75": 16,
          "p90": 16,
          "p95": 16,
          "p99": 16,
          "p999": 16
        },
        "browser.page.CLS.https://practice.expandtesting.com/login": {
          "min": 0,
          "max": 0.1,
          "count": 2,
          "mean": 0.1,
          "p50": 0,
          "median": 0,
          "p75": 0,
          "p90": 0,
          "p95": 0,
          "p99": 0,
          "p999": 0
        },
        "browser.page.FCP.https://practice.expandtesting.com/secure": {
          "min": 8118.1,
          "max": 8159.2,
          "count": 2,
          "mean": 8138.7,
          "p50": 8186.6,
          "median": 8186.6,
          "p75": 8186.6,
          "p90": 8186.6,
          "p95": 8186.6,
          "p99": 8186.6,
          "p999": 8186.6
        },
        "vusers.session_length": {
          "min": 35247.9,
          "max": 55545,
          "count": 2,
          "mean": 45396.4,
          "p50": 35252.8,
          "median": 35252.8,
          "p75": 35252.8,
          "p90": 35252.8,
          "p95": 35252.8,
          "p99": 35252.8,
          "p999": 35252.8
        },
        "browser.page.FCP.https://practice.expandtesting.com/login": {
          "min": 34811.3,
          "max": 39813,
          "count": 2,
          "mean": 37312.2,
          "p50": 34554.7,
          "median": 34554.7,
          "p75": 34554.7,
          "p90": 34554.7,
          "p95": 34554.7,
          "p99": 34554.7,
          "p999": 34554.7
        },
        "browser.page.LCP.https://practice.expandtesting.com/login": {
          "min": 34811.3,
          "max": 39813,
          "count": 2,
          "mean": 37312.2,
          "p50": 34554.7,
          "median": 34554.7,
          "p75": 34554.7,
          "p90": 34554.7,
          "p95": 34554.7,
          "p99": 34554.7,
          "p999": 34554.7
        },
        "browser.page.FID.https://practice.expandtesting.com/login": {
          "min": 0.7,
          "max": 1.6,
          "count": 2,
          "mean": 1.2,
          "p50": 0.7,
          "median": 0.7,
          "p75": 0.7,
          "p90": 0.7,
          "p95": 0.7,
          "p99": 0.7,
          "p999": 0.7
        }
      },
      "histograms": {
        "browser.page.INP.https://practice.expandtesting.com/login": {
          "min": 16,
          "max": 24,
          "count": 2,
          "mean": 20,
          "p50": 16,
          "median": 16,
          "p75": 16,
          "p90": 16,
          "p95": 16,
          "p99": 16,
          "p999": 16
        },
        "browser.page.CLS.https://practice.expandtesting.com/login": {
          "min": 0,
          "max": 0.1,
          "count": 2,
          "mean": 0.1,
          "p50": 0,
          "median": 0,
          "p75": 0,
          "p90": 0,
          "p95": 0,
          "p99": 0,
          "p999": 0
        },
        "browser.page.FCP.https://practice.expandtesting.com/secure": {
          "min": 8118.1,
          "max": 8159.2,
          "count": 2,
          "mean": 8138.7,
          "p50": 8186.6,
          "median": 8186.6,
          "p75": 8186.6,
          "p90": 8186.6,
          "p95": 8186.6,
          "p99": 8186.6,
          "p999": 8186.6
        },
        "vusers.session_length": {
          "min": 35247.9,
          "max": 55545,
          "count": 2,
          "mean": 45396.4,
          "p50": 35252.8,
          "median": 35252.8,
          "p75": 35252.8,
          "p90": 35252.8,
          "p95": 35252.8,
          "p99": 35252.8,
          "p999": 35252.8
        },
        "browser.page.FCP.https://practice.expandtesting.com/login": {
          "min": 34811.3,
          "max": 39813,
          "count": 2,
          "mean": 37312.2,
          "p50": 34554.7,
          "median": 34554.7,
          "p75": 34554.7,
          "p90": 34554.7,
          "p95": 34554.7,
          "p99": 34554.7,
          "p999": 34554.7
        },
        "browser.page.LCP.https://practice.expandtesting.com/login": {
          "min": 34811.3,
          "max": 39813,
          "count": 2,
          "mean": 37312.2,
          "p50": 34554.7,
          "median": 34554.7,
          "p75": 34554.7,
          "p90": 34554.7,
          "p95": 34554.7,
          "p99": 34554.7,
          "p999": 34554.7
        },
        "browser.page.FID.https://practice.expandtesting.com/login": {
          "min": 0.7,
          "max": 1.6,
          "count": 2,
          "mean": 1.2,
          "p50": 0.7,
          "median": 0.7,
          "p75": 0.7,
          "p90": 0.7,
          "p95": 0.7,
          "p99": 0.7,
          "p999": 0.7
        }
      }
    },
    {
      "counters": {
        "browser.page.codes.302": 12,
        "browser.http_requests": 111,
        "browser.page.codes.204": 12,
        "browser.page.codes.200": 89,
        "errors.page.goto: Timeout 60000ms exceeded.": 5,
        "vusers.failed": 5,
        "browser.page.codes.304": 14,
        "vusers.completed": 5
      },
      "rates": {},
      "firstCounterAt": 1745384790172,
      "firstHistogramAt": 1745384790683,
      "lastCounterAt": 1745384799890,
      "lastHistogramAt": 1745384799842,
      "firstMetricAt": 1745384790172,
      "lastMetricAt": 1745384799890,
      "period": "1745384790000",
      "summaries": {
        "browser.page.FCP.https://practice.expandtesting.com/login": {
          "min": 46267.1,
          "max": 58246.5,
          "count": 5,
          "mean": 54508.1,
          "p50": 56972,
          "median": 56972,
          "p75": 56972,
          "p90": 56972,
          "p95": 56972,
          "p99": 56972,
          "p999": 56972
        },
        "browser.page.LCP.https://practice.expandtesting.com/login": {
          "min": 46267.1,
          "max": 58246.5,
          "count": 5,
          "mean": 54508.1,
          "p50": 56972,
          "median": 56972,
          "p75": 56972,
          "p90": 56972,
          "p95": 56972,
          "p99": 56972,
          "p999": 56972
        },
        "browser.page.FID.https://practice.expandtesting.com/login": {
          "min": 0.8,
          "max": 1.7,
          "count": 5,
          "mean": 1.4,
          "p50": 1.6,
          "median": 1.6,
          "p75": 1.7,
          "p90": 1.7,
          "p95": 1.7,
          "p99": 1.7,
          "p999": 1.7
        },
        "browser.page.INP.https://practice.expandtesting.com/login": {
          "min": 16,
          "max": 24,
          "count": 7,
          "mean": 18.3,
          "p50": 16,
          "median": 16,
          "p75": 16,
          "p90": 23.8,
          "p95": 23.8,
          "p99": 23.8,
          "p999": 23.8
        },
        "browser.page.CLS.https://practice.expandtesting.com/login": {
          "min": 0,
          "max": 0.1,
          "count": 7,
          "mean": 0.1,
          "p50": 0.1,
          "median": 0.1,
          "p75": 0.1,
          "p90": 0.1,
          "p95": 0.1,
          "p99": 0.1,
          "p999": 0.1
        },
        "browser.page.FCP.https://practice.expandtesting.com/secure": {
          "min": 3234.9,
          "max": 7189.1,
          "count": 6,
          "mean": 4759.3,
          "p50": 3828.5,
          "median": 3828.5,
          "p75": 5378.9,
          "p90": 5487.5,
          "p95": 5487.5,
          "p99": 5487.5,
          "p999": 5487.5
        },
        "vusers.session_length": {
          "min": 39992.3,
          "max": 64615,
          "count": 5,
          "mean": 54390.8,
          "p50": 60495.1,
          "median": 60495.1,
          "p75": 62964,
          "p90": 62964,
          "p95": 62964,
          "p99": 62964,
          "p999": 62964
        }
      },
      "histograms": {
        "browser.page.FCP.https://practice.expandtesting.com/login": {
          "min": 46267.1,
          "max": 58246.5,
          "count": 5,
          "mean": 54508.1,
          "p50": 56972,
          "median": 56972,
          "p75": 56972,
          "p90": 56972,
          "p95": 56972,
          "p99": 56972,
          "p999": 56972
        },
        "browser.page.LCP.https://practice.expandtesting.com/login": {
          "min": 46267.1,
          "max": 58246.5,
          "count": 5,
          "mean": 54508.1,
          "p50": 56972,
          "median": 56972,
          "p75": 56972,
          "p90": 56972,
          "p95": 56972,
          "p99": 56972,
          "p999": 56972
        },
        "browser.page.FID.https://practice.expandtesting.com/login": {
          "min": 0.8,
          "max": 1.7,
          "count": 5,
          "mean": 1.4,
          "p50": 1.6,
          "median": 1.6,
          "p75": 1.7,
          "p90": 1.7,
          "p95": 1.7,
          "p99": 1.7,
          "p999": 1.7
        },
        "browser.page.INP.https://practice.expandtesting.com/login": {
          "min": 16,
          "max": 24,
          "count": 7,
          "mean": 18.3,
          "p50": 16,
          "median": 16,
          "p75": 16,
          "p90": 23.8,
          "p95": 23.8,
          "p99": 23.8,
          "p999": 23.8
        },
        "browser.page.CLS.https://practice.expandtesting.com/login": {
          "min": 0,
          "max": 0.1,
          "count": 7,
          "mean": 0.1,
          "p50": 0.1,
          "median": 0.1,
          "p75": 0.1,
          "p90": 0.1,
          "p95": 0.1,
          "p99": 0.1,
          "p999": 0.1
        },
        "browser.page.FCP.https://practice.expandtesting.com/secure": {
          "min": 3234.9,
          "max": 7189.1,
          "count": 6,
          "mean": 4759.3,
          "p50": 3828.5,
          "median": 3828.5,
          "p75": 5378.9,
          "p90": 5487.5,
          "p95": 5487.5,
          "p99": 5487.5,
          "p999": 5487.5
        },
        "vusers.session_length": {
          "min": 39992.3,
          "max": 64615,
          "count": 5,
          "mean": 54390.8,
          "p50": 60495.1,
          "median": 60495.1,
          "p75": 62964,
          "p90": 62964,
          "p95": 62964,
          "p99": 62964,
          "p999": 62964
        }
      }
    },
    {
      "counters": {
        "browser.page.codes.200": 47,
        "browser.http_requests": 64,
        "vusers.failed": 5,
        "vusers.completed": 4,
        "errors.page.goto: Timeout 60000ms exceeded.": 5,
        "browser.page.codes.304": 9,
        "browser.page.codes.204": 13,
        "browser.page.codes.302": 8
      },
      "rates": {},
      "firstCounterAt": 1745384800108,
      "firstHistogramAt": 1745384800301,
      "lastCounterAt": 1745384809547,
      "lastHistogramAt": 1745384809542,
      "firstMetricAt": 1745384800108,
      "lastMetricAt": 1745384809547,
      "period": "1745384800000",
      "summaries": {
        "vusers.session_length": {
          "min": 52454.7,
          "max": 62452.4,
          "count": 4,
          "mean": 58357.4,
          "p50": 55843.8,
          "median": 55843.8,
          "p75": 61717.2,
          "p90": 61717.2,
          "p95": 61717.2,
          "p99": 61717.2,
          "p999": 61717.2
        },
        "browser.page.FCP.https://practice.expandtesting.com/secure": {
          "min": 5066.9,
          "max": 6255.6,
          "count": 3,
          "mean": 5553.3,
          "p50": 5378.9,
          "median": 5378.9,
          "p75": 5378.9,
          "p90": 5378.9,
          "p95": 5378.9,
          "p99": 5378.9,
          "p999": 5378.9
        },
        "browser.page.FCP.https://practice.expandtesting.com/login": {
          "min": 49515.1,
          "max": 58542.4,
          "count": 4,
          "mean": 54339.4,
          "p50": 53654.1,
          "median": 53654.1,
          "p75": 55843.8,
          "p90": 55843.8,
          "p95": 55843.8,
          "p99": 55843.8,
          "p999": 55843.8
        },
        "browser.page.LCP.https://practice.expandtesting.com/login": {
          "min": 49515.1,
          "max": 58542.4,
          "count": 4,
          "mean": 54339.4,
          "p50": 53654.1,
          "median": 53654.1,
          "p75": 55843.8,
          "p90": 55843.8,
          "p95": 55843.8,
          "p99": 55843.8,
          "p999": 55843.8
        },
        "browser.page.FID.https://practice.expandtesting.com/login": {
          "min": 1.3,
          "max": 1.6,
          "count": 4,
          "mean": 1.5,
          "p50": 1.5,
          "median": 1.5,
          "p75": 1.6,
          "p90": 1.6,
          "p95": 1.6,
          "p99": 1.6,
          "p999": 1.6
        },
        "browser.page.INP.https://practice.expandtesting.com/login": {
          "min": 16,
          "max": 24,
          "count": 4,
          "mean": 20,
          "p50": 16,
          "median": 16,
          "p75": 23.8,
          "p90": 23.8,
          "p95": 23.8,
          "p99": 23.8,
          "p999": 23.8
        },
        "browser.page.CLS.https://practice.expandtesting.com/login": {
          "min": 0,
          "max": 0.1,
          "count": 4,
          "mean": 0.1,
          "p50": 0.1,
          "median": 0.1,
          "p75": 0.1,
          "p90": 0.1,
          "p95": 0.1,
          "p99": 0.1,
          "p999": 0.1
        }
      },
      "histograms": {
        "vusers.session_length": {
          "min": 52454.7,
          "max": 62452.4,
          "count": 4,
          "mean": 58357.4,
          "p50": 55843.8,
          "median": 55843.8,
          "p75": 61717.2,
          "p90": 61717.2,
          "p95": 61717.2,
          "p99": 61717.2,
          "p999": 61717.2
        },
        "browser.page.FCP.https://practice.expandtesting.com/secure": {
          "min": 5066.9,
          "max": 6255.6,
          "count": 3,
          "mean": 5553.3,
          "p50": 5378.9,
          "median": 5378.9,
          "p75": 5378.9,
          "p90": 5378.9,
          "p95": 5378.9,
          "p99": 5378.9,
          "p999": 5378.9
        },
        "browser.page.FCP.https://practice.expandtesting.com/login": {
          "min": 49515.1,
          "max": 58542.4,
          "count": 4,
          "mean": 54339.4,
          "p50": 53654.1,
          "median": 53654.1,
          "p75": 55843.8,
          "p90": 55843.8,
          "p95": 55843.8,
          "p99": 55843.8,
          "p999": 55843.8
        },
        "browser.page.LCP.https://practice.expandtesting.com/login": {
          "min": 49515.1,
          "max": 58542.4,
          "count": 4,
          "mean": 54339.4,
          "p50": 53654.1,
          "median": 53654.1,
          "p75": 55843.8,
          "p90": 55843.8,
          "p95": 55843.8,
          "p99": 55843.8,
          "p999": 55843.8
        },
        "browser.page.FID.https://practice.expandtesting.com/login": {
          "min": 1.3,
          "max": 1.6,
          "count": 4,
          "mean": 1.5,
          "p50": 1.5,
          "median": 1.5,
          "p75": 1.6,
          "p90": 1.6,
          "p95": 1.6,
          "p99": 1.6,
          "p999": 1.6
        },
        "browser.page.INP.https://practice.expandtesting.com/login": {
          "min": 16,
          "max": 24,
          "count": 4,
          "mean": 20,
          "p50": 16,
          "median": 16,
          "p75": 23.8,
          "p90": 23.8,
          "p95": 23.8,
          "p99": 23.8,
          "p999": 23.8
        },
        "browser.page.CLS.https://practice.expandtesting.com/login": {
          "min": 0,
          "max": 0.1,
          "count": 4,
          "mean": 0.1,
          "p50": 0.1,
          "median": 0.1,
          "p75": 0.1,
          "p90": 0.1,
          "p95": 0.1,
          "p99": 0.1,
          "p999": 0.1
        }
      }
    },
    {
      "counters": {
        "browser.page.codes.304": 8,
        "browser.http_requests": 9,
        "browser.page.codes.200": 1,
        "vusers.failed": 1,
        "vusers.completed": 2,
        "errors.page.goto: Timeout 60000ms exceeded.": 1
      },
      "rates": {},
      "firstCounterAt": 1745384810147,
      "firstHistogramAt": 1745384810196,
      "lastCounterAt": 1745384814909,
      "lastHistogramAt": 1745384810347,
      "firstMetricAt": 1745384810147,
      "lastMetricAt": 1745384814909,
      "period": "1745384810000",
      "summaries": {
        "browser.page.FCP.https://practice.expandtesting.com/secure": {
          "min": 5047,
          "max": 6304.7,
          "count": 2,
          "mean": 5675.8,
          "p50": 5065.6,
          "median": 5065.6,
          "p75": 5065.6,
          "p90": 5065.6,
          "p95": 5065.6,
          "p99": 5065.6,
          "p999": 5065.6
        },
        "vusers.session_length": {
          "min": 59497.4,
          "max": 65408.7,
          "count": 2,
          "mean": 62453,
          "p50": 59297.1,
          "median": 59297.1,
          "p75": 59297.1,
          "p90": 59297.1,
          "p95": 59297.1,
          "p99": 59297.1,
          "p999": 59297.1
        }
      },
      "histograms": {
        "browser.page.FCP.https://practice.expandtesting.com/secure": {
          "min": 5047,
          "max": 6304.7,
          "count": 2,
          "mean": 5675.8,
          "p50": 5065.6,
          "median": 5065.6,
          "p75": 5065.6,
          "p90": 5065.6,
          "p95": 5065.6,
          "p99": 5065.6,
          "p999": 5065.6
        },
        "vusers.session_length": {
          "min": 59497.4,
          "max": 65408.7,
          "count": 2,
          "mean": 62453,
          "p50": 59297.1,
          "median": 59297.1,
          "p75": 59297.1,
          "p90": 59297.1,
          "p95": 59297.1,
          "p99": 59297.1,
          "p999": 59297.1
        }
      }
    }
  ]
}