{
  "aggregate": {
    "counters": {
      "vusers.created_by_name.Login Performance Test": 120,
      "vusers.created": 120,
      "browser.page.codes.200": 4772,
      "browser.http_requests": 5926,
      "browser.page.codes.204": 960,
      "browser.page.codes.302": 279,
      "browser.page.codes.304": 598,
      "vusers.failed": 0,
      "vusers.completed": 120
    },
    "rates": {},
    "firstCounterAt": 1745385032098,
    "firstHistogramAt": 1745385033011,
    "lastCounterAt": 1745385093978,
    "lastHistogramAt": 1745385093978,
    "firstMetricAt": 1745385032098,
    "lastMetricAt": 1745385093978,
    "period": 1745385090000,
    "summaries": {
      "browser.page.FCP.https://practice.expandtesting.com/login": {
        "min": 612.6,
        "max": 940.9,
        "count": 120,
        "mean": 667.7,
        "p50": 658.6,
        "median": 658.6,
        "p75": 685.5,
        "p90": 699.4,
        "p95": 713.5,
        "p99": 788.5,
        "p999": 837.3
      },
      "browser.page.LCP.https://practice.expandtesting.com/login": {
        "min": 612.6,
        "max": 940.9,
        "count": 120,
        "mean": 667.7,
        "p50": 658.6,
        "median": 658.6,
        "p75": 685.5,
        "p90": 699.4,
        "p95": 713.5,
        "p99": 788.5,
        "p999": 837.3
      },
      "browser.page.FID.https://practice.expandtesting.com/login": {
        "min": 0.4,
        "max": 20.3,
        "count": 120,
        "mean": 0.8,
        "p50": 0.5,
        "median": 0.5,
        "p75": 0.5,
        "p90": 0.6,
        "p95": 0.6,
        "p99": 0.8,
        "p999": 16.9
      },
      "browser.page.INP.https://practice.expandtesting.com/login": {
        "min": 0,
        "max": 40,
        "count": 120,
        "mean": 18.4,
        "p50": 16,
        "median": 16,
        "p75": 16,
        "p90": 32.1,
        "p95": 32.1,
        "p99": 32.1,
        "p999": 32.1
      },
      "browser.page.CLS.https://practice.expandtesting.com/login": {
        "min": 0,
        "max": 0.1,
        "count": 120,
        "mean": 0.1,
        "p50": 0.1,
        "median": 0.1,
        "p75": 0.1,
        "p90": 0.1,
        "p95": 0.1,
        "p99": 0.1,
        "p999": 0.1
      },
      "browser.page.FCP.https://practice.expandtesting.com/secure": {
        "min": 810.8,
        "max": 1138,
        "count": 120,
        "mean": 901.8,
        "p50": 889.1,
        "median": 889.1,
        "p75": 925.4,
        "p90": 944,
        "p95": 982.6,
        "p99": 1064.4,
        "p999": 1130.2
      },
      "vusers.session_length": {
        "min": 2248.8,
        "max": 3396.7,
        "count": 120,
        "mean": 2645.5,
        "p50": 2780,
        "median": 2780,
        "p75": 2836.2,
        "p90": 2951.9,
        "p95": 3011.6,
        "p99": 3072.4,
        "p999": 3072.4
      },
      "browser.page.TTFB.https://practice.expandtesting.com/secure": {
        "min": 536.4,
        "max": 624.5,
        "count": 23,
        "mean": 585,
        "p50": 584.2,
        "median": 584.2,
        "p75": 596,
        "p90": 608,
        "p95": 620.3,
        "p99": 620.3,
        "p999": 620.3
      },
      "browser.page.TTFB.https://practice.expandtesting.com/login": {
        "min": 308.3,
        "max": 349.1,
        "count": 7,
        "mean": 324.9,
        "p50": 320.6,
        "median": 320.6,
        "p75": 327.1,
        "p90": 340.4,
        "p95": 340.4,
        "p99": 340.4,
        "p999": 340.4
      }
    },
    "histograms": {
      "browser.page.FCP.https://practice.expandtesting.com/login": {
        "min": 612.6,
        "max": 940.9,
        "count": 120,
        "mean": 667.7,
        "p50": 658.6,
        "median": 658.6,
        "p75": 685.5,
        "p90": 699.4,
        "p95": 713.5,
        "p99": 788.5,
        "p999": 837.3
      },
      "browser.page.LCP.https://practice.expandtesting.com/login": {
        "min": 612.6,
        "max": 940.9,
        "count": 120,
        "mean": 667.7,
        "p50": 658.6,
        "median": 658.6,
        "p75": 685.5,
        "p90": 699.4,
        "p95": 713.5,
        "p99": 788.5,
        "p999": 837.3
      },
      "browser.page.FID.https://practice.expandtesting.com/login": {
        "min": 0.4,
        "max": 20.3,
        "count": 120,
        "mean": 0.8,
        "p50": 0.5,
        "median": 0.5,
        "p75": 0.5,
        "p90": 0.6,
        "p95": 0.6,
        "p99": 0.8,
        "p999": 16.9
      },
      "browser.page.INP.https://practice.expandtesting.com/login": {
        "min": 0,
        "max": 40,
        "count": 120,
        "mean": 18.4,
        "p50": 16,
        "median": 16,
        "p75": 16,
        "p90": 32.1,
        "p95": 32.1,
        "p99": 32.1,
        "p999": 32.1
      },
      "browser.page.CLS.https://practice.expandtesting.com/login": {
        "min": 0,
        "max": 0.1,
        "count": 120,
        "mean": 0.1,
        "p50": 0.1,
        "median": 0.1,
        "p75": 0.1,
        "p90": 0.1,
        "p95": 0.1,
        "p99": 0.1,
        "p999": 0.1
      },
      "browser.page.FCP.https://practice.expandtesting.com/secure": {
        "min": 810.8,
        "max": 1138,
        "count": 120,
        "mean": 901.8,
        "p50": 889.1,
        "median": 889.1,
        "p75": 925.4,
        "p90": 944,
        "p95": 982.6,
        "p99": 1064.4,
        "p999": 1130.2
      },
      "vusers.session_length": {
        "min": 2248.8,
        "max": 3396.7,
        "count": 120,
        "mean": 2645.5,
        "p50": 2780,
        "median": 2780,
        "p75": 2836.2,
        "p90": 2951.9,
        "p95": 3011.6,
        "p99": 3072.4,
        "p999": 3072.4
      },
      "browser.page.TTFB.https://practice.expandtesting.com/secure": {
        "min": 536.4,
        "max": 624.5,
        "count": 23,
        "mean": 585,
        "p50": 584.2,
        "median": 584.2,
        "p75": 596,
        "p90": 608,
        "p95": 620.3,
        "p99": 620.3,
        "p999": 620.3
      },
      "browser.page.TTFB.https://practice.expandtesting.com/login": {
        "min": 308.3,
        "max": 349.1,
        "count": 7,
        "mean": 324.9,
        "p50": 320.6,
        "median": 320.6,
        "p75": 327.1,
        "p90": 340.4,
        "p95": 340.4,
        "p99": 340.4,
        "p999": 340.4
      }
    }
  },
  "intermediate": [
    {
      "counters": {
        "vusers.created_by_name.Login Performance Test": 16,
        "vusers.created": 16,
        "browser.page.codes.200": 522,
        "browser.http_requests": 643,
        "browser.page.codes.204": 103,
        "browser.page.codes.302": 26,
        "browser.page.codes.304": 66,
        "vusers.failed": 0,
        "vusers.completed": 12
      },
      "rates": {},
      "firstCounterAt": 1745385032098,
      "firstHistogramAt": 1745385033011,
      "lastCounterAt": 1745385039978,
      "lastHistogramAt": 1745385039953,
      "firstMetricAt": 1745385032098,
      "lastMetricAt": 1745385039978,
      "period": "1745385030000",
      "summaries": {
        "browser.page.FCP.https://practice.expandtesting.com/login": {
          "min": 622.5,
          "max": 788.4,
          "count": 16,
          "mean": 680.9,
          "p50": 658.6,
          "median": 658.6,
          "p75": 699.4,
          "p90": 713.5,
          "p95": 727.9,
          "p99": 727.9,
          "p999": 727.9
        },
        "browser.page.LCP.https://practice.expandtesting.com/login": {
          "min": 622.5,
          "max": 724.7,
          "count": 13,
          "mean": 675.7,
          "p50": 658.6,
          "median": 658.6,
          "p75": 699.4,
          "p90": 713.5,
          "p95": 713.5,
          "p99": 713.5,
          "p999": 713.5
        },
        "browser.page.FID.https://practice.expandtesting.com/login": {
          "min": 0.4,
          "max": 16.9,
          "count": 13,
          "mean": 1.8,
          "p50": 0.5,
          "median": 0.5,
          "p75": 0.5,
          "p90": 0.6,
          "p95": 0.6,
          "p99": 0.6,
          "p999": 0.6
        },
        "browser.page.INP.https://practice.expandtesting.com/login": {
          "min": 16,
          "max": 40,
          "count": 12,
          "mean": 22,
          "p50": 16,
          "median": 16,
          "p75": 23.8,
          "p90": 32.1,
          "p95": 32.1,
          "p99": 32.1,
          "p999": 32.1
        },
        "browser.page.CLS.https://practice.expandtesting.com/login": {
          "min": 0.1,
          "max": 0.1,
          "count": 12,
          "mean": 0.1,
          "p50": 0.1,
          "median": 0.1,
          "p75": 0.1,
          "p90": 0.1,
          "p95": 0.1,
          "p99": 0.1,
          "p999": 0.1
        },
        "browser.page.FCP.https://practice.expandtesting.com/secure": {
          "min": 824.7,
          "max": 939.8,
          "count": 12,
          "mean": 884.1,
          "p50": 889.1,
          "median": 889.1,
          "p75": 907,
          "p90": 907,
          "p95": 907,
          "p99": 907,
          "p999": 907
        },
        "vusers.session_length": {
          "min": 2305.5,
          "max": 2994.8,
          "count": 12,
          "mean": 2723.6,
          "p50": 2780,
          "median": 2780,
          "p75": 2836.2,
          "p90": 2836.2,
          "p95": 2836.2,
          "p99": 2836.2,
          "p999": 2836.2
        },
        "browser.page.TTFB.https://practice.expandtesting.com/secure": {
          "min": 563.2,
          "max": 618.5,
          "count": 4,
          "mean": 584,
          "p50": 572.6,
          "median": 572.6,
          "p75": 584.2,
          "p90": 584.2,
          "p95": 584.2,
          "p99": 584.2,
          "p999": 584.2
        }
      },
      "histograms": {
        "browser.page.FCP.https://practice.expandtesting.com/login": {
          "min": 622.5,
          "max": 788.4,
          "count": 16,
          "mean": 680.9,
          "p50": 658.6,
          "median": 658.6,
          "p75": 699.4,
          "p90": 713.5,
          "p95": 727.9,
          "p99": 727.9,
          "p999": 727.9
        },
        "browser.page.LCP.https://practice.expandtesting.com/login": {
          "min": 622.5,
          "max": 724.7,
          "count": 13,
          "mean": 675.7,
          "p50": 658.6,
          "median": 658.6,
          "p75": 699.4,
          "p90": 713.5,
          "p95": 713.5,
          "p99": 713.5,
          "p999": 713.5
        },
        "browser.page.FID.https://practice.expandtesting.com/login": {
          "min": 0.4,
          "max": 16.9,
          "count": 13,
          "mean": 1.8,
          "p50": 0.5,
          "median": 0.5,
          "p75": 0.5,
          "p90": 0.6,
          "p95": 0.6,
          "p99": 0.6,
          "p999": 0.6
        },
        "browser.page.INP.https://practice.expandtesting.com/login": {
          "min": 16,
          "max": 40,
          "count": 12,
          "mean": 22,
          "p50": 16,
          "median": 16,
          "p75": 23.8,
          "p90": 32.1,
          "p95": 32.1,
          "p99": 32.1,
          "p999": 32.1
        },
        "browser.page.CLS.https://practice.expandtesting.com/login": {
          "min": 0.1,
          "max": 0.1,
          "count": 12,
          "mean": 0.1,
          "p50": 0.1,
          "median": 0.1,
          "p75": 0.1,
          "p90": 0.1,
          "p95": 0.1,
          "p99": 0.1,
          "p999": 0.1
        },
        "browser.page.FCP.https://practice.expandtesting.com/secure": {
          "min": 824.7,
          "max": 939.8,
          "count": 12,
          "mean": 884.1,
          "p50": 889.1,
          "median": 889.1,
          "p75": 907,
          "p90": 907,
          "p95": 907,
          "p99": 907,
          "p999": 907
        },
        "vusers.session_length": {
          "min": 2305.5,
          "max": 2994.8,
          "count": 12,
          "mean": 2723.6,
          "p50": 2780,
          "median": 2780,
          "p75": 2836.2,
          "p90": 2836.2,
          "p95": 2836.2,
          "p99": 2836.2,
          "p999": 2836.2
        },
        "browser.page.TTFB.https://practice.expandtesting.com/secure": {
          "min": 563.2,
          "max": 618.5,
          "count": 4,
          "mean": 584,
          "p50": 572.6,
          "median": 572.6,
          "p75": 584.2,
          "p90": 584.2,
          "p95": 584.2,
          "p99": 584.2,
          "p999": 584.2
        }
      }
    },
    {
      "counters": {
        "browser.page.codes.200": 827,
        "browser.http_requests": 1034,
        "browser.page.codes.204": 180,
        "vusers.created_by_name.Login Performance Test": 20,
        "vusers.created": 20,
        "browser.page.codes.302": 49,
        "browser.page.codes.304": 94,
        "vusers.failed": 0,
        "vusers.completed": 19
      },
      "rates": {},
      "firstCounterAt": 1745385040032,
      "firstHistogramAt": 1745385040119,
      "lastCounterAt": 1745385049964,
      "lastHistogramAt": 1745385049861,
      "firstMetricAt": 1745385040032,
      "lastMetricAt": 1745385049964,
      "period": "1745385040000",
      "summaries": {
        "browser.page.TTFB.https://practice.expandtesting.com/login": {
          "min": 308.3,
          "max": 349.1,
          "count": 4,
          "mean": 331.6,
          "p50": 327.1,
          "median": 327.1,
          "p75": 340.4,
          "p90": 340.4,
          "p95": 340.4,
          "p99": 340.4,
          "p999": 340.4
        },
        "browser.page.LCP.https://practice.expandtesting.com/login": {
          "min": 612.6,
          "max": 788.4,
          "count": 21,
          "mean": 665.7,
          "p50": 658.6,
          "median": 658.6,
          "p75": 685.5,
          "p90": 699.4,
          "p95": 713.5,
          "p99": 713.5,
          "p999": 713.5
        },
        "browser.page.FID.https://practice.expandtesting.com/login": {
          "min": 0.4,
          "max": 0.7,
          "count": 21,
          "mean": 0.5,
          "p50": 0.5,
          "median": 0.5,
          "p75": 0.6,
          "p90": 0.6,
          "p95": 0.6,
          "p99": 0.6,
          "p999": 0.6
        },
        "browser.page.FCP.https://practice.expandtesting.com/login": {
          "min": 612.6,
          "max": 707.3,
          "count": 20,
          "mean": 659.2,
          "p50": 658.6,
          "median": 658.6,
          "p75": 685.5,
          "p90": 699.4,
          "p95": 699.4,
          "p99": 699.4,
          "p999": 699.4
        },
        "browser.page.INP.https://practice.expandtesting.com/login": {
          "min": 16,
          "max": 32,
          "count": 20,
          "mean": 17.2,
          "p50": 16,
          "median": 16,
          "p75": 16,
          "p90": 16,
          "p95": 23.8,
          "p99": 23.8,
          "p999": 23.8
        },
        "browser.page.CLS.https://practice.expandtesting.com/login": {
          "min": 0,
          "max": 0.1,
          "count": 20,
          "mean": 0.1,
          "p50": 0.1,
          "median": 0.1,
          "p75": 0.1,
          "p90": 0.1,
          "p95": 0.1,
          "p99": 0.1,
          "p999": 0.1
        },
        "browser.page.FCP.https://practice.expandtesting.com/secure": {
          "min": 850.6,
          "max": 1138,
          "count": 20,
          "mean": 922.1,
          "p50": 907,
          "median": 907,
          "p75": 944,
          "p90": 982.6,
          "p95": 982.6,
          "p99": 982.6,
          "p999": 982.6
        },
        "vusers.session_length": {
          "min": 2302.2,
          "max": 3065.3,
          "count": 19,
          "mean": 2660.3,
          "p50": 2515.5,
          "median": 2515.5,
          "p75": 2893.5,
          "p90": 3011.6,
          "p95": 3011.6,
          "p99": 3011.6,
          "p999": 3011.6
        },
        "browser.page.TTFB.https://practice.expandtesting.com/secure": {
          "min": 569.3,
          "max": 624.5,
          "count": 4,
          "mean": 594,
          "p50": 572.6,
          "median": 572.6,
          "p75": 608,
          "p90": 608,
          "p95": 608,
          "p99": 608,
          "p999": 608
        }
      },
      "histograms": {
        "browser.page.TTFB.https://practice.expandtesting.com/login": {
          "min": 308.3,
          "max": 349.1,
          "count": 4,
          "mean": 331.6,
          "p50": 327.1,
          "median": 327.1,
          "p75": 340.4,
          "p90": 340.4,
          "p95": 340.4,
          "p99": 340.4,
          "p999": 340.4
        },
        "browser.page.LCP.https://practice.expandtesting.com/login": {
          "min": 612.6,
          "max": 788.4,
          "count": 21,
          "mean": 665.7,
          "p50": 658.6,
          "median": 658.6,
          "p75": 685.5,
          "p90": 699.4,
          "p95": 713.5,
          "p99": 713.5,
          "p999": 713.5
        },
        "browser.page.FID.https://practice.expandtesting.com/login": {
          "min": 0.4,
          "max": 0.7,
          "count": 21,
          "mean": 0.5,
          "p50": 0.5,
          "median": 0.5,
          "p75": 0.6,
          "p90": 0.6,
          "p95": 0.6,
          "p99": 0.6,
          "p999": 0.6
        },
        "browser.page.FCP.https://practice.expandtesting.com/login": {
          "min": 612.6,
          "max": 707.3,
          "count": 20,
          "mean": 659.2,
          "p50": 658.6,
          "median": 658.6,
          "p75": 685.5,
          "p90": 699.4,
          "p95": 699.4,
          "p99": 699.4,
          "p999": 699.4
        },
        "browser.page.INP.https://practice.expandtesting.com/login": {
          "min": 16,
          "max": 32,
          "count": 20,
          "mean": 17.2,
          "p50": 16,
          "median": 16,
          "p75": 16,
          "p90": 16,
          "p95": 23.8,
          "p99": 23.8,
          "p999": 23.8
        },
        "browser.page.CLS.https://practice.expandtesting.com/login": {
          "min": 0,
          "max": 0.1,
          "count": 20,
          "mean": 0.1,
          "p50": 0.1,
          "median": 0.1,
          "p75": 0.1,
          "p90": 0.1,
          "p95": 0.1,
          "p99": 0.1,
          "p999": 0.1
        },
        "browser.page.FCP.https://practice.expandtesting.com/secure": {
          "min": 850.6,
          "max": 1138,
          "count": 20,
          "mean": 922.1,
          "p50": 907,
          "median": 907,
          "p75": 944,
          "p90": 982.6,
          "p95": 982.6,
          "p99": 982.6,
          "p999": 982.6
        },
        "vusers.session_length": {
          "min": 2302.2,
          "max": 3065.3,
          "count": 19,
          "mean": 2660.3,
          "p50": 2515.5,
          "median": 2515.5,
          "p75": 2893.5,
          "p90": 3011.6,
          "p95": 3011.6,
          "p99": 3011.6,
          "p999": 3011.6
        },
        "browser.page.TTFB.https://practice.expandtesting.com/secure": {
          "min": 569.3,
          "max": 624.5,
          "count": 4,
          "mean": 594,
          "p50": 572.6,
          "median": 572.6,
          "p75": 608,
          "p90": 608,
          "p95": 608,
          "p99": 608,
          "p999": 608
        }
      }
    },
    {
      "counters": {
        "browser.page.codes.200": 840,
        "browser.http_requests": 1029,
        "vusers.created_by_name.Login Performance Test": 20,
        "vusers.created": 20,
        "browser.page.codes.204": 165,
        "browser.page.codes.304": 94,
        "browser.page.codes.302": 54,
        "vusers.failed": 0,
        "vusers.completed": 21
      },
      "rates": {},
      "firstCounterAt": 1745385050002,
      "firstHistogramAt": 1745385050122,
      "lastCounterAt": 1745385059992,
      "lastHistogramAt": 1745385059859,
      "firstMetricAt": 1745385050002,
      "lastMetricAt": 1745385059992,
      "period": "1745385050000",
      "summaries": {
        "browser.page.INP.https://practice.expandtesting.com/login": {
          "min": 0,
          "max": 32,
          "count": 20,
          "mean": 19.2,
          "p50": 16,
          "median": 16,
          "p75": 23.8,
          "p90": 32.1,
          "p95": 32.1,
          "p99": 32.1,
          "p999": 32.1
        },
        "browser.page.CLS.https://practice.expandtesting.com/login": {
          "min": 0.1,
          "max": 0.1,
          "count": 20,
          "mean": 0.1,
          "p50": 0.1,
          "median": 0.1,
          "p75": 0.1,
          "p90": 0.1,
          "p95": 0.1,
          "p99": 0.1,
          "p999": 0.1
        },
        "browser.page.FCP.https://practice.expandtesting.com/secure": {
          "min": 834.8,
          "max": 1137.3,
          "count": 20,
          "mean": 906.8,
          "p50": 889.1,
          "median": 889.1,
          "p75": 907,
          "p90": 944,
          "p95": 944,
          "p99": 944,
          "p999": 944
        },
        "browser.page.LCP.https://practice.expandtesting.com/login": {
          "min": 620.2,
          "max": 758,
          "count": 20,
          "mean": 664,
          "p50": 658.6,
          "median": 658.6,
          "p75": 671.9,
          "p90": 699.4,
          "p95": 713.5,
          "p99": 713.5,
          "p999": 713.5
        },
        "browser.page.FID.https://practice.expandtesting.com/login": {
          "min": 0.4,
          "max": 0.6,
          "count": 20,
          "mean": 0.5,
          "p50": 0.5,
          "median": 0.5,
          "p75": 0.5,
          "p90": 0.5,
          "p95": 0.5,
          "p99": 0.5,
          "p999": 0.5
        },
        "browser.page.FCP.https://practice.expandtesting.com/login": {
          "min": 620.2,
          "max": 758,
          "count": 20,
          "mean": 664.4,
          "p50": 658.6,
          "median": 658.6,
          "p75": 671.9,
          "p90": 699.4,
          "p95": 713.5,
          "p99": 713.5,
          "p999": 713.5
        },
        "browser.page.TTFB.https://practice.expandtesting.com/secure": {
          "min": 536.4,
          "max": 614,
          "count": 4,
          "mean": 583.2,
          "p50": 584.2,
          "median": 584.2,
          "p75": 596,
          "p90": 596,
          "p95": 596,
          "p99": 596,
          "p999": 596
        },
        "vusers.session_length": {
          "min": 2248.8,
          "max": 3007.9,
          "count": 21,
          "mean": 2631.1,
          "p50": 2671,
          "median": 2671,
          "p75": 2836.2,
          "p90": 2893.5,
          "p95": 2951.9,
          "p99": 2951.9,
          "p999": 2951.9
        },
        "browser.page.TTFB.https://practice.expandtesting.com/login": {
          "min": 309.2,
          "max": 309.2,
          "count": 1,
          "mean": 309.2,
          "p50": 308,
          "median": 308,
          "p75": 308,
          "p90": 308,
          "p95": 308,
          "p99": 308,
          "p999": 308
        }
      },
      "histograms": {
        "browser.page.INP.https://practice.expandtesting.com/login": {
          "min": 0,
          "max": 32,
          "count": 20,
          "mean": 19.2,
          "p50": 16,
          "median": 16,
          "p75": 23.8,
          "p90": 32.1,
          "p95": 32.1,
          "p99": 32.1,
          "p999": 32.1
        },
        "browser.page.CLS.https://practice.expandtesting.com/login": {
          "min": 0.1,
          "max": 0.1,
          "count": 20,
          "mean": 0.1,
          "p50": 0.1,
          "median": 0.1,
          "p75": 0.1,
          "p90": 0.1,
          "p95": 0.1,
          "p99": 0.1,
          "p999": 0.1
        },
        "browser.page.FCP.https://practice.expandtesting.com/secure": {
          "min": 834.8,
          "max": 1137.3,
          "count": 20,
          "mean": 906.8,
          "p50": 889.1,
          "median": 889.1,
          "p75": 907,
          "p90": 944,
          "p95": 944,
          "p99": 944,
          "p999": 944
        },
        "browser.page.LCP.https://practice.expandtesting.com/login": {
          "min": 620.2,
          "max": 758,
          "count": 20,
          "mean": 664,
          "p50": 658.6,
          "median": 658.6,
          "p75": 671.9,
          "p90": 699.4,
          "p95": 713.5,
          "p99": 713.5,
          "p999": 713.5
        },
        "browser.page.FID.https://practice.expandtesting.com/login": {
          "min": 0.4,
          "max": 0.6,
          "count": 20,
          "mean": 0.5,
          "p50": 0.5,
          "median": 0.5,
          "p75": 0.5,
          "p90": 0.5,
          "p95": 0.5,
          "p99": 0.5,
          "p999": 0.5
        },
        "browser.page.FCP.https://practice.expandtesting.com/login": {
          "min": 620.2,
          "max": 758,
          "count": 20,
          "mean": 664.4,
          "p50": 658.6,
          "median": 658.6,
          "p75": 671.9,
          "p90": 699.4,
          "p95": 713.5,
          "p99": 713.5,
          "p999": 713.5
        },
        "browser.page.TTFB.https://practice.expandtesting.com/secure": {
          "min": 536.4,
          "max": 614,
          "count": 4,
          "mean": 583.2,
          "p50": 584.2,
          "median": 584.2,
          "p75": 596,
          "p90": 596,
          "p95": 596,
          "p99": 596,
          "p999": 596
        },
        "vusers.session_length": {
          "min": 2248.8,
          "max": 3007.9,
          "count": 21,
          "mean": 2631.1,
          "p50": 2671,
          "median": 2671,
          "p75": 2836.2,
          "p90": 2893.5,
          "p95": 2951.9,
          "p99": 2951.9,
          "p999": 2951.9
        },
        "browser.page.TTFB.https://practice.expandtesting.com/login": {
          "min": 309.2,
          "max": 309.2,
          "count": 1,
          "mean": 309.2,
          "p50": 308,
          "median": 308,
          "p75": 308,
          "p90": 308,
          "p95": 308,
          "p99": 308,
          "p999": 308
        }
      }
    },
    {
      "counters": {
        "browser.page.codes.200": 771,
        "browser.http_requests": 993,
        "vusers.created_by_name.Login Performance Test": 20,
        "vusers.created": 20,
        "browser.page.codes.204": 183,
        "browser.page.codes.304": 106,
        "vusers.failed": 0,
        "vusers.completed": 20,
        "browser.page.codes.302": 41
      },
      "rates": {},
      "firstCounterAt": 1745385060047,
      "firstHistogramAt": 1745385060141,
      "lastCounterAt": 1745385069985,
      "lastHistogramAt": 1745385069941,
      "firstMetricAt": 1745385060047,
      "lastMetricAt": 1745385069985,
      "period": "1745385060000",
      "summaries": {
        "browser.page.INP.https://practice.expandtesting.com/login": {
          "min": 8,
          "max": 24,
          "count": 20,
          "mean": 15.2,
          "p50": 16,
          "median": 16,
          "p75": 16,
          "p90": 16,
          "p95": 23.8,
          "p99": 23.8,
          "p999": 23.8
        },
        "browser.page.CLS.https://practice.expandtesting.com/login": {
          "min": 0.1,
          "max": 0.1,
          "count": 20,
          "mean": 0.1,
          "p50": 0.1,
          "median": 0.1,
          "p75": 0.1,
          "p90": 0.1,
          "p95": 0.1,
          "p99": 0.1,
          "p999": 0.1
        },
        "browser.page.FCP.https://practice.expandtesting.com/secure": {
          "min": 853.3,
          "max": 1055.2,
          "count": 20,
          "mean": 926.2,
          "p50": 907,
          "median": 907,
          "p75": 944,
          "p90": 1002.4,
          "p95": 1022.7,
          "p99": 1022.7,
          "p999": 1022.7
        },
        "vusers.session_length": {
          "min": 2332.1,
          "max": 3015.5,
          "count": 20,
          "mean": 2702.1,
          "p50": 2836.2,
          "median": 2836.2,
          "p75": 2836.2,
          "p90": 2951.9,
          "p95": 2951.9,
          "p99": 2951.9,
          "p999": 2951.9
        },
        "browser.page.LCP.https://practice.expandtesting.com/login": {
          "min": 620.6,
          "max": 829.1,
          "count": 20,
          "mean": 674.5,
          "p50": 658.6,
          "median": 658.6,
          "p75": 685.5,
          "p90": 699.4,
          "p95": 788.5,
          "p99": 788.5,
          "p999": 788.5
        },
        "browser.page.FID.https://practice.expandtesting.com/login": {
          "min": 0.4,
          "max": 20.3,
          "count": 20,
          "mean": 1.5,
          "p50": 0.5,
          "median": 0.5,
          "p75": 0.5,
          "p90": 0.6,
          "p95": 0.8,
          "p99": 0.8,
          "p999": 0.8
        },
        "browser.page.FCP.https://practice.expandtesting.com/login": {
          "min": 620.6,
          "max": 829.1,
          "count": 20,
          "mean": 673.6,
          "p50": 658.6,
          "median": 658.6,
          "p75": 685.5,
          "p90": 699.4,
          "p95": 788.5,
          "p99": 788.5,
          "p999": 788.5
        },
        "browser.page.TTFB.https://practice.expandtesting.com/secure": {
          "min": 572.1,
          "max": 615.2,
          "count": 4,
          "mean": 593.5,
          "p50": 572.6,
          "median": 572.6,
          "p75": 608,
          "p90": 608,
          "p95": 608,
          "p99": 608,
          "p999": 608
        }
      },
      "histograms": {
        "browser.page.INP.https://practice.expandtesting.com/login": {
          "min": 8,
          "max": 24,
          "count": 20,
          "mean": 15.2,
          "p50": 16,
          "median": 16,
          "p75": 16,
          "p90": 16,
          "p95": 23.8,
          "p99": 23.8,
          "p999": 23.8
        },
        "browser.page.CLS.https://practice.expandtesting.com/login": {
          "min": 0.1,
          "max": 0.1,
          "count": 20,
          "mean": 0.1,
          "p50": 0.1,
          "median": 0.1,
          "p75": 0.1,
          "p90": 0.1,
          "p95": 0.1,
          "p99": 0.1,
          "p999": 0.1
        },
        "browser.page.FCP.https://practice.expandtesting.com/secure": {
          "min": 853.3,
          "max": 1055.2,
          "count": 20,
          "mean": 926.2,
          "p50": 907,
          "median": 907,
          "p75": 944,
          "p90": 1002.4,
          "p95": 1022.7,
          "p99": 1022.7,
          "p999": 1022.7
        },
        "vusers.session_length": {
          "min": 2332.1,
          "max": 3015.5,
          "count": 20,
          "mean": 2702.1,
          "p50": 2836.2,
          "median": 2836.2,
          "p75": 2836.2,
          "p90": 2951.9,
          "p95": 2951.9,
          "p99": 2951.9,
          "p999": 2951.9
        },
        "browser.page.LCP.https://practice.expandtesting.com/login": {
          "min": 620.6,
          "max": 829.1,
          "count": 20,
          "mean": 674.5,
          "p50": 658.6,
          "median": 658.6,
          "p75": 685.5,
          "p90": 699.4,
          "p95": 788.5,
          "p99": 788.5,
          "p999": 788.5
        },
        "browser.page.FID.https://practice.expandtesting.com/login": {
          "min": 0.4,
          "max": 20.3,
          "count": 20,
          "mean": 1.5,
          "p50": 0.5,
          "median": 0.5,
          "p75": 0.5,
          "p90": 0.6,
          "p95": 0.8,
          "p99": 0.8,
          "p999": 0.8
        },
        "browser.page.FCP.https://practice.expandtesting.com/login": {
          "min": 620.6,
          "max": 829.1,
          "count": 20,
          "mean": 673.6,
          "p50": 658.6,
          "median": 658.6,
          "p75": 685.5,
          "p90": 699.4,
          "p95": 788.5,
          "p99": 788.5,
          "p999": 788.5
        },
        "browser.page.TTFB.https://practice.expandtesting.com/secure": {
          "min": 572.1,
          "max": 615.2,
          "count": 4,
          "mean": 593.5,
          "p50": 572.6,
          "median": 572.6,
          "p75": 608,
          "p90": 608,
          "p95": 608,
          "p99": 608,
          "p999": 608
        }
      }
    },
    {
      "counters": {
        "browser.page.codes.200": 763,
        "browser.http_requests": 932,
        "browser.page.codes.204": 134,
        "vusers.created_by_name.Login Performance Test": 20,
        "vusers.created": 20,
        "browser.page.codes.304": 98,
        "browser.page.codes.302": 46,
        "vusers.failed": 0,
        "vusers.completed": 19
      },
      "rates": {},
      "firstCounterAt": 1745385070005,
      "firstHistogramAt": 1745385070115,
      "lastCounterAt": 1745385079998,
      "lastHistogramAt": 1745385079857,
      "firstMetricAt": 1745385070005,
      "lastMetricAt": 1745385079998,
      "period": "1745385070000",
      "summaries": {
        "browser.page.INP.https://practice.expandtesting.com/login": {
          "min": 8,
          "max": 32,
          "count": 20,
          "mean": 18,
          "p50": 16,
          "median": 16,
          "p75": 16,
          "p90": 32.1,
          "p95": 32.1,
          "p99": 32.1,
          "p999": 32.1
        },
        "browser.page.CLS.https://practice.expandtesting.com/login": {
          "min": 0.1,
          "max": 0.1,
          "count": 20,
          "mean": 0.1,
          "p50": 0.1,
          "median": 0.1,
          "p75": 0.1,
          "p90": 0.1,
          "p95": 0.1,
          "p99": 0.1,
          "p999": 0.1
        },
        "browser.page.FCP.https://practice.expandtesting.com/secure": {
          "min": 816.5,
          "max": 936.9,
          "count": 20,
          "mean": 878.9,
          "p50": 889.1,
          "median": 889.1,
          "p75": 889.1,
          "p90": 925.4,
          "p95": 925.4,
          "p99": 925.4,
          "p999": 925.4
        },
        "browser.page.LCP.https://practice.expandtesting.com/login": {
          "min": 614.1,
          "max": 695.5,
          "count": 20,
          "mean": 657.6,
          "p50": 658.6,
          "median": 658.6,
          "p75": 685.5,
          "p90": 685.5,
          "p95": 685.5,
          "p99": 685.5,
          "p999": 685.5
        },
        "browser.page.FID.https://practice.expandtesting.com/login": {
          "min": 0.4,
          "max": 0.6,
          "count": 20,
          "mean": 0.5,
          "p50": 0.4,
          "median": 0.4,
          "p75": 0.5,
          "p90": 0.5,
          "p95": 0.6,
          "p99": 0.6,
          "p999": 0.6
        },
        "browser.page.FCP.https://practice.expandtesting.com/login": {
          "min": 614.1,
          "max": 695.5,
          "count": 20,
          "mean": 658.2,
          "p50": 658.6,
          "median": 658.6,
          "p75": 685.5,
          "p90": 685.5,
          "p95": 685.5,
          "p99": 685.5,
          "p999": 685.5
        },
        "browser.page.TTFB.https://practice.expandtesting.com/secure": {
          "min": 572.4,
          "max": 597.4,
          "count": 4,
          "mean": 580.8,
          "p50": 572.6,
          "median": 572.6,
          "p75": 584.2,
          "p90": 584.2,
          "p95": 584.2,
          "p99": 584.2,
          "p999": 584.2
        },
        "vusers.session_length": {
          "min": 2278.6,
          "max": 2849.9,
          "count": 19,
          "mean": 2543.9,
          "p50": 2416.8,
          "median": 2416.8,
          "p75": 2780,
          "p90": 2836.2,
          "p95": 2836.2,
          "p99": 2836.2,
          "p999": 2836.2
        }
      },
      "histograms": {
        "browser.page.INP.https://practice.expandtesting.com/login": {
          "min": 8,
          "max": 32,
          "count": 20,
          "mean": 18,
          "p50": 16,
          "median": 16,
          "p75": 16,
          "p90": 32.1,
          "p95": 32.1,
          "p99": 32.1,
          "p999": 32.1
        },
        "browser.page.CLS.https://practice.expandtesting.com/login": {
          "min": 0.1,
          "max": 0.1,
          "count": 20,
          "mean": 0.1,
          "p50": 0.1,
          "median": 0.1,
          "p75": 0.1,
          "p90": 0.1,
          "p95": 0.1,
          "p99": 0.1,
          "p999": 0.1
        },
        "browser.page.FCP.https://practice.expandtesting.com/secure": {
          "min": 816.5,
          "max": 936.9,
          "count": 20,
          "mean": 878.9,
          "p50": 889.1,
          "median": 889.1,
          "p75": 889.1,
          "p90": 925.4,
          "p95": 925.4,
          "p99": 925.4,
          "p999": 925.4
        },
        "browser.page.LCP.https://practice.expandtesting.com/login": {
          "min": 614.1,
          "max": 695.5,
          "count": 20,
          "mean": 657.6,
          "p50": 658.6,
          "median": 658.6,
          "p75": 685.5,
          "p90": 685.5,
          "p95": 685.5,
          "p99": 685.5,
          "p999": 685.5
        },
        "browser.page.FID.https://practice.expandtesting.com/login": {
          "min": 0.4,
          "max": 0.6,
          "count": 20,
          "mean": 0.5,
          "p50": 0.4,
          "median": 0.4,
          "p75": 0.5,
          "p90": 0.5,
          "p95": 0.6,
          "p99": 0.6,
          "p999": 0.6
        },
        "browser.page.FCP.https://practice.expandtesting.com/login": {
          "min": 614.1,
          "max": 695.5,
          "count": 20,
          "mean": 658.2,
          "p50": 658.6,
          "median": 658.6,
          "p75": 685.5,
          "p90": 685.5,
          "p95": 685.5,
          "p99": 685.5,
          "p999": 685.5
        },
        "browser.page.TTFB.https://practice.expandtesting.com/secure": {
          "min": 572.4,
          "max": 597.4,
          "count": 4,
          "mean": 580.8,
          "p50": 572.6,
          "median": 572.6,
          "p75": 584.2,
          "p90": 584.2,
          "p95": 584.2,
          "p99": 584.2,
          "p999": 584.2
        },
        "vusers.session_length": {
          "min": 2278.6,
          "max": 2849.9,
          "count": 19,
          "mean": 2543.9,
          "p50": 2416.8,
          "median": 2416.8,
          "p75": 2780,
          "p90": 2836.2,
          "p95": 2836.2,
          "p99": 2836.2,
          "p999": 2836.2
        }
      }
    },
    {
      "counters": {
        "browser.page.codes.200": 777,
        "browser.http_requests": 947,
        "vusers.created_by_name.Login Performance Test": 20,
        "vusers.created": 20,
        "browser.page.codes.204": 140,
        "browser.page.codes.304": 98,
        "browser.page.codes.302": 47,
        "vusers.failed": 0,
        "vusers.completed": 21
      },
      "rates": {},
      "firstCounterAt": 1745385080006,
      "firstHistogramAt": 1745385080006,
      "lastCounterAt": 1745385089935,
      "lastHistogramAt": 1745385089858,
      "firstMetricAt": 1745385080006,
      "lastMetricAt": 1745385089935,
      "period": "1745385080000",
      "summaries": {
        "browser.page.INP.https://practice.expandtesting.com/login": {
          "min": 16,
          "max": 32,
          "count": 20,
          "mean": 19.6,
          "p50": 16,
          "median": 16,
          "p75": 23.8,
          "p90": 23.8,
          "p95": 32.1,
          "p99": 32.1,
          "p999": 32.1
        },
        "browser.page.CLS.https://practice.expandtesting.com/login": {
          "min": 0.1,
          "max": 0.1,
          "count": 20,
          "mean": 0.1,
          "p50": 0.1,
          "median": 0.1,
          "p75": 0.1,
          "p90": 0.1,
          "p95": 0.1,
          "p99": 0.1,
          "p999": 0.1
        },
        "browser.page.FCP.https://practice.expandtesting.com/secure": {
          "min": 810.8,
          "max": 972,
          "count": 20,
          "mean": 891.4,
          "p50": 889.1,
          "median": 889.1,
          "p75": 907,
          "p90": 925.4,
          "p95": 963.1,
          "p99": 963.1,
          "p999": 963.1
        },
        "browser.page.LCP.https://practice.expandtesting.com/login": {
          "min": 617.2,
          "max": 940.9,
          "count": 20,
          "mean": 670,
          "p50": 658.6,
          "median": 658.6,
          "p75": 658.6,
          "p90": 713.5,
          "p95": 713.5,
          "p99": 713.5,
          "p999": 713.5
        },
        "browser.page.FID.https://practice.expandtesting.com/login": {
          "min": 0.4,
          "max": 0.6,
          "count": 20,
          "mean": 0.5,
          "p50": 0.5,
          "median": 0.5,
          "p75": 0.5,
          "p90": 0.6,
          "p95": 0.6,
          "p99": 0.6,
          "p999": 0.6
        },
        "browser.page.FCP.https://practice.expandtesting.com/login": {
          "min": 617.2,
          "max": 940.9,
          "count": 20,
          "mean": 670.3,
          "p50": 658.6,
          "median": 658.6,
          "p75": 658.6,
          "p90": 713.5,
          "p95": 713.5,
          "p99": 713.5,
          "p999": 713.5
        },
        "browser.page.TTFB.https://practice.expandtesting.com/secure": {
          "min": 562.1,
          "max": 571.4,
          "count": 2,
          "mean": 566.8,
          "p50": 561.2,
          "median": 561.2,
          "p75": 561.2,
          "p90": 561.2,
          "p95": 561.2,
          "p99": 561.2,
          "p999": 561.2
        },
        "vusers.session_length": {
          "min": 2263.8,
          "max": 3396.7,
          "count": 21,
          "mean": 2613.3,
          "p50": 2416.8,
          "median": 2416.8,
          "p75": 2836.2,
          "p90": 2893.5,
          "p95": 3072.4,
          "p99": 3072.4,
          "p999": 3072.4
        },
        "browser.page.TTFB.https://practice.expandtesting.com/login": {
          "min": 317.7,
          "max": 317.7,
          "count": 1,
          "mean": 317.7,
          "p50": 320.6,
          "median": 320.6,
          "p75": 320.6,
          "p90": 320.6,
          "p95": 320.6,
          "p99": 320.6,
          "p999": 320.6
        }
      },
      "histograms": {
        "browser.page.INP.https://practice.expandtesting.com/login": {
          "min": 16,
          "max": 32,
          "count": 20,
          "mean": 19.6,
          "p50": 16,
          "median": 16,
          "p75": 23.8,
          "p90": 23.8,
          "p95": 32.1,
          "p99": 32.1,
          "p999": 32.1
        },
        "browser.page.CLS.https://practice.expandtesting.com/login": {
          "min": 0.1,
          "max": 0.1,
          "count": 20,
          "mean": 0.1,
          "p50": 0.1,
          "median": 0.1,
          "p75": 0.1,
          "p90": 0.1,
          "p95": 0.1,
          "p99": 0.1,
          "p999": 0.1
        },
        "browser.page.FCP.https://practice.expandtesting.com/secure": {
          "min": 810.8,
          "max": 972,
          "count": 20,
          "mean": 891.4,
          "p50": 889.1,
          "median": 889.1,
          "p75": 907,
          "p90": 925.4,
          "p95": 963.1,
          "p99": 963.1,
          "p999": 963.1
        },
        "browser.page.LCP.https://practice.expandtesting.com/login": {
          "min": 617.2,
          "max": 940.9,
          "count": 20,
          "mean": 670,
          "p50": 658.6,
          "median": 658.6,
          "p75": 658.6,
          "p90": 713.5,
          "p95": 713.5,
          "p99": 713.5,
          "p999": 713.5
        },
        "browser.page.FID.https://practice.expandtesting.com/login": {
          "min": 0.4,
          "max": 0.6,
          "count": 20,
          "mean": 0.5,
          "p50": 0.5,
          "median": 0.5,
          "p75": 0.5,
          "p90": 0.6,
          "p95": 0.6,
          "p99": 0.6,
          "p999": 0.6
        },
        "browser.page.FCP.https://practice.expandtesting.com/login": {
          "min": 617.2,
          "max": 940.9,
          "count": 20,
          "mean": 670.3,
          "p50": 658.6,
          "median": 658.6,
          "p75": 658.6,
          "p90": 713.5,
          "p95": 713.5,
          "p99": 713.5,
          "p999": 713.5
        },
        "browser.page.TTFB.https://practice.expandtesting.com/secure": {
          "min": 562.1,
          "max": 571.4,
          "count": 2,
          "mean": 566.8,
          "p50": 561.2,
          "median": 561.2,
          "p75": 561.2,
          "p90": 561.2,
          "p95": 561.2,
          "p99": 561.2,
          "p999": 561.2
        },
        "vusers.session_length": {
          "min": 2263.8,
          "max": 3396.7,
          "count": 21,
          "mean": 2613.3,
          "p50": 2416.8,
          "median": 2416.8,
          "p75": 2836.2,
          "p90": 2893.5,
          "p95": 3072.4,
          "p99": 3072.4,
          "p999": 3072.4
        },
        "browser.page.TTFB.https://practice.expandtesting.com/login": {
          "min": 317.7,
          "max": 317.7,
          "count": 1,
          "mean": 317.7,
          "p50": 320.6,
          "median": 320.6,
          "p75": 320.6,
          "p90": 320.6,
          "p95": 320.6,
          "p99": 320.6,
          "p999": 320.6
        }
      }
    },
    {
      "counters": {
        "browser.page.codes.200": 272,
        "browser.http_requests": 348,
        "vusers.created_by_name.Login Performance Test": 4,
        "vusers.created": 4,
        "browser.page.codes.304": 42,
        "browser.page.codes.204": 55,
        "browser.page.codes.302": 16,
        "vusers.failed": 0,
        "vusers.completed": 8
      },
      "rates": {},
      "firstCounterAt": 1745385090001,
      "firstHistogramAt": 1745385090068,
      "lastCounterAt": 1745385093978,
      "lastHistogramAt": 1745385093978,
      "firstMetricAt": 1745385090001,
      "lastMetricAt": 1745385093978,
      "period": "1745385090000",
      "summaries": {
        "browser.page.INP.https://practice.expandtesting.com/login": {
          "min": 16,
          "max": 32,
          "count": 8,
          "mean": 20,
          "p50": 16,
          "median": 16,
          "p75": 23.8,
          "p90": 23.8,
          "p95": 23.8,
          "p99": 23.8,
          "p999": 23.8
        },
        "browser.page.CLS.https://practice.expandtesting.com/login": {
          "min": 0.1,
          "max": 0.1,
          "count": 8,
          "mean": 0.1,
          "p50": 0.1,
          "median": 0.1,
          "p75": 0.1,
          "p90": 0.1,
          "p95": 0.1,
          "p99": 0.1,
          "p999": 0.1
        },
        "browser.page.FCP.https://practice.expandtesting.com/secure": {
          "min": 859.9,
          "max": 910.5,
          "count": 8,
          "mean": 887.6,
          "p50": 889.1,
          "median": 889.1,
          "p75": 889.1,
          "p90": 907,
          "p95": 907,
          "p99": 907,
          "p999": 907
        },
        "browser.page.LCP.https://practice.expandtesting.com/login": {
          "min": 646.7,
          "max": 703.1,
          "count": 6,
          "mean": 673.1,
          "p50": 658.6,
          "median": 658.6,
          "p75": 671.9,
          "p90": 685.5,
          "p95": 685.5,
          "p99": 685.5,
          "p999": 685.5
        },
        "browser.page.FID.https://practice.expandtesting.com/login": {
          "min": 0.4,
          "max": 0.5,
          "count": 6,
          "mean": 0.5,
          "p50": 0.5,
          "median": 0.5,
          "p75": 0.5,
          "p90": 0.5,
          "p95": 0.5,
          "p99": 0.5,
          "p999": 0.5
        },
        "browser.page.FCP.https://practice.expandtesting.com/login": {
          "min": 646.7,
          "max": 703.1,
          "count": 4,
          "mean": 678.9,
          "p50": 671.9,
          "median": 671.9,
          "p75": 685.5,
          "p90": 685.5,
          "p95": 685.5,
          "p99": 685.5,
          "p999": 685.5
        },
        "vusers.session_length": {
          "min": 2332.6,
          "max": 2942.4,
          "count": 8,
          "mean": 2715.2,
          "p50": 2780,
          "median": 2780,
          "p75": 2836.2,
          "p90": 2836.2,
          "p95": 2836.2,
          "p99": 2836.2,
          "p999": 2836.2
        },
        "browser.page.TTFB.https://practice.expandtesting.com/login": {
          "min": 320.8,
          "max": 320.8,
          "count": 1,
          "mean": 320.8,
          "p50": 320.6,
          "median": 320.6,
          "p75": 320.6,
          "p90": 320.6,
          "p95": 320.6,
          "p99": 320.6,
          "p999": 320.6
        },
        "browser.page.TTFB.https://practice.expandtesting.com/secure": {
          "min": 579.4,
          "max": 579.4,
          "count": 1,
          "mean": 579.4,
          "p50": 584.2,
          "median": 584.2,
          "p75": 584.2,
          "p90": 584.2,
          "p95": 584.2,
          "p99": 584.2,
          "p999": 584.2
        }
      },
      "histograms": {
        "browser.page.INP.https://practice.expandtesting.com/login": {
          "min": 16,
          "max": 32,
          "count": 8,
          "mean": 20,
          "p50": 16,
          "median": 16,
          "p75": 23.8,
          "p90": 23.8,
          "p95": 23.8,
          "p99": 23.8,
          "p999": 23.8
        },
        "browser.page.CLS.https://practice.expandtesting.com/login": {
          "min": 0.1,
          "max": 0.1,
          "count": 8,
          "mean": 0.1,
          "p50": 0.1,
          "median": 0.1,
          "p75": 0.1,
          "p90": 0.1,
          "p95": 0.1,
          "p99": 0.1,
          "p999": 0.1
        },
        "browser.page.FCP.https://practice.expandtesting.com/secure": {
          "min": 859.9,
          "max": 910.5,
          "count": 8,
          "mean": 887.6,
          "p50": 889.1,
          "median": 889.1,
          "p75": 889.1,
          "p90": 907,
          "p95": 907,
          "p99": 907,
          "p999": 907
        },
        "browser.page.LCP.https://practice.expandtesting.com/login": {
          "min": 646.7,
          "max": 703.1,
          "count": 6,
          "mean": 673.1,
          "p50": 658.6,
          "median": 658.6,
          "p75": 671.9,
          "p90": 685.5,
          "p95": 685.5,
          "p99": 685.5,
          "p999": 685.5
        },
        "browser.page.FID.https://practice.expandtesting.com/login": {
          "min": 0.4,
          "max": 0.5,
          "count": 6,
          "mean": 0.5,
          "p50": 0.5,
          "median": 0.5,
          "p75": 0.5,
          "p90": 0.5,
          "p95": 0.5,
          "p99": 0.5,
          "p999": 0.5
        },
        "browser.page.FCP.https://practice.expandtesting.com/login": {
          "min": 646.7,
          "max": 703.1,
          "count": 4,
          "mean": 678.9,
          "p50": 671.9,
          "median": 671.9,
          "p75": 685.5,
          "p90": 685.5,
          "p95": 685.5,
          "p99": 685.5,
          "p999": 685.5
        },
        "vusers.session_length": {
          "min": 2332.6,
          "max": 2942.4,
          "count": 8,
          "mean": 2715.2,
          "p50": 2780,
          "median": 2780,
          "p75": 2836.2,
          "p90": 2836.2,
          "p95": 2836.2,
          "p99": 2836.2,
          "p999": 2836.2
        },
        "browser.page.TTFB.https://practice.expandtesting.com/login": {
          "min": 320.8,
          "max": 320.8,
          "count": 1,
          "mean": 320.8,
          "p50": 320.6,
          "median": 320.6,
          "p75": 320.6,
          "p90": 320.6,
          "p95": 320.6,
          "p99": 320.6,
          "p999": 320.6
        },
        "browser.page.TTFB.https://practice.expandtesting.com/secure": {
          "min": 579.4,
          "max": 579.4,
          "count": 1,
          "mean": 579.4,
          "p50": 584.2,
          "median": 584.2,
          "p75": 584.2,
          "p90": 584.2,
          "p95": 584.2,
          "p99": 584.2,
          "p999": 584.2
        }
      }
    }
  ]
}