{
  "aggregate": {
    "counters": {
      "vusers.created_by_name.Login Performance Test": 60,
      "vusers.created": 60,
      "browser.page.codes.200": 3030,
      "browser.http_requests": 3942,
      "browser.page.codes.204": 950,
      "browser.page.codes.302": 168,
      "browser.page.codes.304": 257,
      "vusers.failed": 0,
      "vusers.completed": 60,
      "browser.page.codes.307": 2,
      "browser.page.codes.400": 2
    },
    "rates": {},
    "firstCounterAt": 1745343377019,
    "firstHistogramAt": 1745343379601,
    "lastCounterAt": 1745343425923,
    "lastHistogramAt": 1745343425923,
    "firstMetricAt": 1745343377019,
    "lastMetricAt": 1745343425923,
    "period": 1745343420000,
    "summaries": {
      "browser.page.FCP.https://practice.expandtesting.com/login": {
        "min": 1090,
        "max": 25632,
        "count": 60,
        "mean": 9742.4,
        "p50": 7407.5,
        "median": 7407.5,
        "p75": 13230.3,
        "p90": 20136.3,
        "p95": 20958.1,
        "p99": 22703.7,
        "p999": 22703.7
      },
      "browser.page.TTFB.https://practice.expandtesting.com/login": {
        "min": 406.6,
        "max": 2135.2,
        "count": 60,
        "mean": 1007.5,
        "p50": 907,
        "median": 907,
        "p75": 1153.1,
        "p90": 1525.7,
        "p95": 1720.2,
        "p99": 2101.1,
        "p999": 2101.1
      },
      "browser.page.LCP.https://practice.expandtesting.com/login": {
        "min": 1090,
        "max": 25632,
        "count": 60,
        "mean": 9742.4,
        "p50": 7407.5,
        "median": 7407.5,
        "p75": 13230.3,
        "p90": 20136.3,
        "p95": 20958.1,
        "p99": 22703.7,
        "p999": 22703.7
      },
      "browser.page.FID.https://practice.expandtesting.com/login": {
        "min": 0.4,
        "max": 2.7,
        "count": 60,
        "mean": 0.6,
        "p50": 0.5,
        "median": 0.5,
        "p75": 0.6,
        "p90": 0.6,
        "p95": 0.7,
        "p99": 2.7,
        "p999": 2.7
      },
      "browser.page.INP.https://practice.expandtesting.com/login": {
        "min": 8,
        "max": 40,
        "count": 60,
        "mean": 16,
        "p50": 16,
        "median": 16,
        "p75": 16,
        "p90": 16,
        "p95": 16,
        "p99": 23.8,
        "p999": 23.8
      },
      "browser.page.CLS.https://practice.expandtesting.com/login": {
        "min": 0.1,
        "max": 0.3,
        "count": 60,
        "mean": 0.1,
        "p50": 0.1,
        "median": 0.1,
        "p75": 0.1,
        "p90": 0.1,
        "p95": 0.2,
        "p99": 0.2,
        "p999": 0.2
      },
      "browser.page.FCP.https://practice.expandtesting.com/secure": {
        "min": 928.2,
        "max": 3969.4,
        "count": 60,
        "mean": 1806.4,
        "p50": 1556.5,
        "median": 1556.5,
        "p75": 2101.1,
        "p90": 2836.2,
        "p95": 2893.5,
        "p99": 3905.8,
        "p999": 3905.8
      },
      "vusers.session_length": {
        "min": 7844.3,
        "max": 30754.5,
        "count": 60,
        "mean": 16681.2,
        "p50": 15839.7,
        "median": 15839.7,
        "p75": 20543.1,
        "p90": 26643.2,
        "p95": 28290.8,
        "p99": 30040.3,
        "p999": 30040.3
      }
    },
    "histograms": {
      "browser.page.FCP.https://practice.expandtesting.com/login": {
        "min": 1090,
        "max": 25632,
        "count": 60,
        "mean": 9742.4,
        "p50": 7407.5,
        "median": 7407.5,
        "p75": 13230.3,
        "p90": 20136.3,
        "p95": 20958.1,
        "p99": 22703.7,
        "p999": 22703.7
      },
      "browser.page.TTFB.https://practice.expandtesting.com/login": {
        "min": 406.6,
        "max": 2135.2,
        "count": 60,
        "mean": 1007.5,
        "p50": 907,
        "median": 907,
        "p75": 1153.1,
        "p90": 1525.7,
        "p95": 1720.2,
        "p99": 2101.1,
        "p999": 2101.1
      },
      "browser.page.LCP.https://practice.expandtesting.com/login": {
        "min": 1090,
        "max": 25632,
        "count": 60,
        "mean": 9742.4,
        "p50": 7407.5,
        "median": 7407.5,
        "p75": 13230.3,
        "p90": 20136.3,
        "p95": 20958.1,
        "p99": 22703.7,
        "p999": 22703.7
      },
      "browser.page.FID.https://practice.expandtesting.com/login": {
        "min": 0.4,
        "max": 2.7,
        "count": 60,
        "mean": 0.6,
        "p50": 0.5,
        "median": 0.5,
        "p75": 0.6,
        "p90": 0.6,
        "p95": 0.7,
        "p99": 2.7,
        "p999": 2.7
      },
      "browser.page.INP.https://practice.expandtesting.com/login": {
        "min": 8,
        "max": 40,
        "count": 60,
        "mean": 16,
        "p50": 16,
        "median": 16,
        "p75": 16,
        "p90": 16,
        "p95": 16,
        "p99": 23.8,
        "p999": 23.8
      },
      "browser.page.CLS.https://practice.expandtesting.com/login": {
        "min": 0.1,
        "max": 0.3,
        "count": 60,
        "mean": 0.1,
        "p50": 0.1,
        "median": 0.1,
        "p75": 0.1,
        "p90": 0.1,
        "p95": 0.2,
        "p99": 0.2,
        "p999": 0.2
      },
      "browser.page.FCP.https://practice.expandtesting.com/secure": {
        "min": 928.2,
        "max": 3969.4,
        "count": 60,
        "mean": 1806.4,
        "p50": 1556.5,
        "median": 1556.5,
        "p75": 2101.1,
        "p90": 2836.2,
        "p95": 2893.5,
        "p99": 3905.8,
        "p999": 3905.8
      },
      "vusers.session_length": {
        "min": 7844.3,
        "max": 30754.5,
        "count": 60,
        "mean": 16681.2,
        "p50": 15839.7,
        "median": 15839.7,
        "p75": 20543.1,
        "p90": 26643.2,
        "p95": 28290.8,
        "p99": 30040.3,
        "p999": 30040.3
      }
    }
  },
  "intermediate": [
    {
      "counters": {
        "vusers.created_by_name.Login Performance Test": 6,
        "vusers.created": 6,
        "browser.page.codes.200": 51,
        "browser.http_requests": 49
      },
      "rates": {},
      "firstCounterAt": 1745343377019,
      "firstHistogramAt": 1745343379601,
      "lastCounterAt": 1745343379994,
      "lastHistogramAt": 1745343379601,
      "firstMetricAt": 1745343377019,
      "lastMetricAt": 1745343379994,
      "period": "1745343370000",
      "summaries": {
        "browser.page.FCP.https://practice.expandtesting.com/login": {
          "min": 1480.1,
          "max": 2167.7,
          "count": 4,
          "mean": 1834.3,
          "p50": 1525.7,
          "median": 1525.7,
          "p75": 2143.5,
          "p90": 2143.5,
          "p95": 2143.5,
          "p99": 2143.5,
          "p999": 2143.5
        }
      },
      "histograms": {
        "browser.page.FCP.https://practice.expandtesting.com/login": {
          "min": 1480.1,
          "max": 2167.7,
          "count": 4,
          "mean": 1834.3,
          "p50": 1525.7,
          "median": 1525.7,
          "p75": 2143.5,
          "p90": 2143.5,
          "p95": 2143.5,
          "p99": 2143.5,
          "p999": 2143.5
        }
      }
    },
    {
      "counters": {
        "vusers.created_by_name.Login Performance Test": 20,
        "vusers.created": 20,
        "browser.page.codes.200": 481,
        "browser.http_requests": 574,
        "browser.page.codes.204": 119,
        "browser.page.codes.302": 18,
        "browser.page.codes.304": 26,
        "vusers.failed": 0,
        "vusers.completed": 7
      },
      "rates": {},
      "firstCounterAt": 1745343380019,
      "firstHistogramAt": 1745343380148,
      "lastCounterAt": 1745343389967,
      "lastHistogramAt": 1745343389973,
      "firstMetricAt": 1745343380019,
      "lastMetricAt": 1745343389973,
      "period": "1745343380000",
      "summaries": {
        "browser.page.FCP.https://practice.expandtesting.com/login": {
          "min": 1090,
          "max": 6058.1,
          "count": 9,
          "mean": 3878.1,
          "p50": 5065.6,
          "median": 5065.6,
          "p75": 5487.5,
          "p90": 5944.6,
          "p95": 5944.6,
          "p99": 5944.6,
          "p999": 5944.6
        },
        "browser.page.TTFB.https://practice.expandtesting.com/login": {
          "min": 406.6,
          "max": 1537.1,
          "count": 10,
          "mean": 937,
          "p50": 871.5,
          "median": 871.5,
          "p75": 1022.7,
          "p90": 1525.7,
          "p95": 1525.7,
          "p99": 1525.7,
          "p999": 1525.7
        },
        "browser.page.LCP.https://practice.expandtesting.com/login": {
          "min": 1090,
          "max": 5315.7,
          "count": 9,
          "mean": 2176.9,
          "p50": 2143.5,
          "median": 2143.5,
          "p75": 2231,
          "p90": 2276.1,
          "p95": 2276.1,
          "p99": 2276.1,
          "p999": 2276.1
        },
        "browser.page.FID.https://practice.expandtesting.com/login": {
          "min": 0.4,
          "max": 2.7,
          "count": 9,
          "mean": 1.2,
          "p50": 0.6,
          "median": 0.6,
          "p75": 2.5,
          "p90": 2.7,
          "p95": 2.7,
          "p99": 2.7,
          "p999": 2.7
        },
        "browser.page.INP.https://practice.expandtesting.com/login": {
          "min": 16,
          "max": 16,
          "count": 7,
          "mean": 16,
          "p50": 16,
          "median": 16,
          "p75": 16,
          "p90": 16,
          "p95": 16,
          "p99": 16,
          "p999": 16
        },
        "browser.page.CLS.https://practice.expandtesting.com/login": {
          "min": 0.1,
          "max": 0.1,
          "count": 7,
          "mean": 0.1,
          "p50": 0.1,
          "median": 0.1,
          "p75": 0.1,
          "p90": 0.1,
          "p95": 0.1,
          "p99": 0.1,
          "p999": 0.1
        },
        "browser.page.FCP.https://practice.expandtesting.com/secure": {
          "min": 1556.6,
          "max": 2081.7,
          "count": 7,
          "mean": 1743.4,
          "p50": 1720.2,
          "median": 1720.2,
          "p75": 1790.4,
          "p90": 1790.4,
          "p95": 1790.4,
          "p99": 1790.4,
          "p999": 1790.4
        },
        "vusers.session_length": {
          "min": 7844.3,
          "max": 9234.1,
          "count": 7,
          "mean": 8602.5,
          "p50": 8520.7,
          "median": 8520.7,
          "p75": 8868.4,
          "p90": 9047.6,
          "p95": 9047.6,
          "p99": 9047.6,
          "p999": 9047.6
        }
      },
      "histograms": {
        "browser.page.FCP.https://practice.expandtesting.com/login": {
          "min": 1090,
          "max": 6058.1,
          "count": 9,
          "mean": 3878.1,
          "p50": 5065.6,
          "median": 5065.6,
          "p75": 5487.5,
          "p90": 5944.6,
          "p95": 5944.6,
          "p99": 5944.6,
          "p999": 5944.6
        },
        "browser.page.TTFB.https://practice.expandtesting.com/login": {
          "min": 406.6,
          "max": 1537.1,
          "count": 10,
          "mean": 937,
          "p50": 871.5,
          "median": 871.5,
          "p75": 1022.7,
          "p90": 1525.7,
          "p95": 1525.7,
          "p99": 1525.7,
          "p999": 1525.7
        },
        "browser.page.LCP.https://practice.expandtesting.com/login": {
          "min": 1090,
          "max": 5315.7,
          "count": 9,
          "mean": 2176.9,
          "p50": 2143.5,
          "median": 2143.5,
          "p75": 2231,
          "p90": 2276.1,
          "p95": 2276.1,
          "p99": 2276.1,
          "p999": 2276.1
        },
        "browser.page.FID.https://practice.expandtesting.com/login": {
          "min": 0.4,
          "max": 2.7,
          "count": 9,
          "mean": 1.2,
          "p50": 0.6,
          "median": 0.6,
          "p75": 2.5,
          "p90": 2.7,
          "p95": 2.7,
          "p99": 2.7,
          "p999": 2.7
        },
        "browser.page.INP.https://practice.expandtesting.com/login": {
          "min": 16,
          "max": 16,
          "count": 7,
          "mean": 16,
          "p50": 16,
          "median": 16,
          "p75": 16,
          "p90": 16,
          "p95": 16,
          "p99": 16,
          "p999": 16
        },
        "browser.page.CLS.https://practice.expandtesting.com/login": {
          "min": 0.1,
          "max": 0.1,
          "count": 7,
          "mean": 0.1,
          "p50": 0.1,
          "median": 0.1,
          "p75": 0.1,
          "p90": 0.1,
          "p95": 0.1,
          "p99": 0.1,
          "p999": 0.1
        },
        "browser.page.FCP.https://practice.expandtesting.com/secure": {
          "min": 1556.6,
          "max": 2081.7,
          "count": 7,
          "mean": 1743.4,
          "p50": 1720.2,
          "median": 1720.2,
          "p75": 1790.4,
          "p90": 1790.4,
          "p95": 1790.4,
          "p99": 1790.4,
          "p999": 1790.4
        },
        "vusers.session_length": {
          "min": 7844.3,
          "max": 9234.1,
          "count": 7,
          "mean": 8602.5,
          "p50": 8520.7,
          "median": 8520.7,
          "p75": 8868.4,
          "p90": 9047.6,
          "p95": 9047.6,
          "p99": 9047.6,
          "p999": 9047.6
        }
      }
    },
    {
      "counters": {
        "browser.page.codes.200": 756,
        "browser.http_requests": 962,
        "vusers.created_by_name.Login Performance Test": 20,
        "vusers.created": 20,
        "browser.page.codes.204": 232,
        "browser.page.codes.304": 59,
        "browser.page.codes.302": 34,
        "vusers.failed": 0,
        "vusers.completed": 12
      },
      "rates": {},
      "firstCounterAt": 1745343390008,
      "firstHistogramAt": 1745343390069,
      "lastCounterAt": 1745343399992,
      "lastHistogramAt": 1745343399818,
      "firstMetricAt": 1745343390008,
      "lastMetricAt": 1745343399992,
      "period": "1745343390000",
      "summaries": {
        "browser.page.INP.https://practice.expandtesting.com/login": {
          "min": 8,
          "max": 24,
          "count": 15,
          "mean": 15.5,
          "p50": 16,
          "median": 16,
          "p75": 16,
          "p90": 16,
          "p95": 16,
          "p99": 16,
          "p999": 16
        },
        "browser.page.CLS.https://practice.expandtesting.com/login": {
          "min": 0.1,
          "max": 0.3,
          "count": 15,
          "mean": 0.1,
          "p50": 0.1,
          "median": 0.1,
          "p75": 0.1,
          "p90": 0.1,
          "p95": 0.2,
          "p99": 0.2,
          "p999": 0.2
        },
        "browser.page.LCP.https://practice.expandtesting.com/login": {
          "min": 4054.2,
          "max": 6293.9,
          "count": 14,
          "mean": 5323.3,
          "p50": 5378.9,
          "median": 5378.9,
          "p75": 5487.5,
          "p90": 6064.7,
          "p95": 6064.7,
          "p99": 6064.7,
          "p999": 6064.7
        },
        "browser.page.FID.https://practice.expandtesting.com/login": {
          "min": 0.4,
          "max": 0.6,
          "count": 14,
          "mean": 0.5,
          "p50": 0.5,
          "median": 0.5,
          "p75": 0.5,
          "p90": 0.5,
          "p95": 0.6,
          "p99": 0.6,
          "p999": 0.6
        },
        "browser.page.TTFB.https://practice.expandtesting.com/login": {
          "min": 506.1,
          "max": 1321.6,
          "count": 13,
          "mean": 900.8,
          "p50": 854.2,
          "median": 854.2,
          "p75": 1085.9,
          "p90": 1274.3,
          "p95": 1300.1,
          "p99": 1300.1,
          "p999": 1300.1
        },
        "browser.page.FCP.https://practice.expandtesting.com/secure": {
          "min": 1222,
          "max": 2829,
          "count": 13,
          "mean": 1590.6,
          "p50": 1465.9,
          "median": 1465.9,
          "p75": 1620,
          "p90": 1901.1,
          "p95": 2101.1,
          "p99": 2101.1,
          "p999": 2101.1
        },
        "vusers.session_length": {
          "min": 10166.6,
          "max": 15073.8,
          "count": 12,
          "mean": 11817.6,
          "p50": 11050.8,
          "median": 11050.8,
          "p75": 11971.2,
          "p90": 13230.3,
          "p95": 14332.3,
          "p99": 14332.3,
          "p999": 14332.3
        },
        "browser.page.FCP.https://practice.expandtesting.com/login": {
          "min": 4054.2,
          "max": 11598,
          "count": 15,
          "mean": 6507.4,
          "p50": 5378.9,
          "median": 5378.9,
          "p75": 6312.2,
          "p90": 10407.3,
          "p95": 11501.8,
          "p99": 11501.8,
          "p999": 11501.8
        }
      },
      "histograms": {
        "browser.page.INP.https://practice.expandtesting.com/login": {
          "min": 8,
          "max": 24,
          "count": 15,
          "mean": 15.5,
          "p50": 16,
          "median": 16,
          "p75": 16,
          "p90": 16,
          "p95": 16,
          "p99": 16,
          "p999": 16
        },
        "browser.page.CLS.https://practice.expandtesting.com/login": {
          "min": 0.1,
          "max": 0.3,
          "count": 15,
          "mean": 0.1,
          "p50": 0.1,
          "median": 0.1,
          "p75": 0.1,
          "p90": 0.1,
          "p95": 0.2,
          "p99": 0.2,
          "p999": 0.2
        },
        "browser.page.LCP.https://practice.expandtesting.com/login": {
          "min": 4054.2,
          "max": 6293.9,
          "count": 14,
          "mean": 5323.3,
          "p50": 5378.9,
          "median": 5378.9,
          "p75": 5487.5,
          "p90": 6064.7,
          "p95": 6064.7,
          "p99": 6064.7,
          "p999": 6064.7
        },
        "browser.page.FID.https://practice.expandtesting.com/login": {
          "min": 0.4,
          "max": 0.6,
          "count": 14,
          "mean": 0.5,
          "p50": 0.5,
          "median": 0.5,
          "p75": 0.5,
          "p90": 0.5,
          "p95": 0.6,
          "p99": 0.6,
          "p999": 0.6
        },
        "browser.page.TTFB.https://practice.expandtesting.com/login": {
          "min": 506.1,
          "max": 1321.6,
          "count": 13,
          "mean": 900.8,
          "p50": 854.2,
          "median": 854.2,
          "p75": 1085.9,
          "p90": 1274.3,
          "p95": 1300.1,
          "p99": 1300.1,
          "p999": 1300.1
        },
        "browser.page.FCP.https://practice.expandtesting.com/secure": {
          "min": 1222,
          "max": 2829,
          "count": 13,
          "mean": 1590.6,
          "p50": 1465.9,
          "median": 1465.9,
          "p75": 1620,
          "p90": 1901.1,
          "p95": 2101.1,
          "p99": 2101.1,
          "p999": 2101.1
        },
        "vusers.session_length": {
          "min": 10166.6,
          "max": 15073.8,
          "count": 12,
          "mean": 11817.6,
          "p50": 11050.8,
          "median": 11050.8,
          "p75": 11971.2,
          "p90": 13230.3,
          "p95": 14332.3,
          "p99": 14332.3,
          "p999": 14332.3
        },
        "browser.page.FCP.https://practice.expandtesting.com/login": {
          "min": 4054.2,
          "max": 11598,
          "count": 15,
          "mean": 6507.4,
          "p50": 5378.9,
          "median": 5378.9,
          "p75": 6312.2,
          "p90": 10407.3,
          "p95": 11501.8,
          "p99": 11501.8,
          "p999": 11501.8
        }
      }
    },
    {
      "counters": {
        "browser.http_requests": 773,
        "vusers.created_by_name.Login Performance Test": 14,
        "vusers.created": 14,
        "browser.page.codes.204": 184,
        "browser.page.codes.200": 625,
        "vusers.failed": 0,
        "vusers.completed": 10,
        "browser.page.codes.302": 31,
        "browser.page.codes.304": 33,
        "browser.page.codes.307": 1
      },
      "rates": {},
      "firstCounterAt": 1745343400011,
      "firstHistogramAt": 1745343400005,
      "lastCounterAt": 1745343409997,
      "lastHistogramAt": 1745343409986,
      "firstMetricAt": 1745343400005,
      "lastMetricAt": 1745343409997,
      "period": "1745343400000",
      "summaries": {
        "browser.page.FCP.https://practice.expandtesting.com/secure": {
          "min": 1313.9,
          "max": 2908.4,
          "count": 10,
          "mean": 2027,
          "p50": 1978.7,
          "median": 1978.7,
          "p75": 2322.1,
          "p90": 2780,
          "p95": 2780,
          "p99": 2780,
          "p999": 2780
        },
        "vusers.session_length": {
          "min": 9395.4,
          "max": 27783.9,
          "count": 10,
          "mean": 14864.5,
          "p50": 12459.8,
          "median": 12459.8,
          "p75": 16819.2,
          "p90": 17859.2,
          "p95": 17859.2,
          "p99": 17859.2,
          "p999": 17859.2
        },
        "browser.page.TTFB.https://practice.expandtesting.com/login": {
          "min": 747.2,
          "max": 1399.2,
          "count": 12,
          "mean": 1039.2,
          "p50": 944,
          "median": 944,
          "p75": 1153.1,
          "p90": 1200.1,
          "p95": 1380.5,
          "p99": 1380.5,
          "p999": 1380.5
        },
        "browser.page.LCP.https://practice.expandtesting.com/login": {
          "min": 4815.8,
          "max": 21107.5,
          "count": 12,
          "mean": 9763.9,
          "p50": 7260.8,
          "median": 7260.8,
          "p75": 11501.8,
          "p90": 11501.8,
          "p95": 20958.1,
          "p99": 20958.1,
          "p999": 20958.1
        },
        "browser.page.FID.https://practice.expandtesting.com/login": {
          "min": 0.4,
          "max": 0.7,
          "count": 12,
          "mean": 0.5,
          "p50": 0.5,
          "median": 0.5,
          "p75": 0.6,
          "p90": 0.6,
          "p95": 0.6,
          "p99": 0.6,
          "p999": 0.6
        },
        "browser.page.INP.https://practice.expandtesting.com/login": {
          "min": 8,
          "max": 24,
          "count": 8,
          "mean": 16,
          "p50": 16,
          "median": 16,
          "p75": 16,
          "p90": 16,
          "p95": 16,
          "p99": 16,
          "p999": 16
        },
        "browser.page.CLS.https://practice.expandtesting.com/login": {
          "min": 0.1,
          "max": 0.1,
          "count": 8,
          "mean": 0.1,
          "p50": 0.1,
          "median": 0.1,
          "p75": 0.1,
          "p90": 0.1,
          "p95": 0.1,
          "p99": 0.1,
          "p999": 0.1
        },
        "browser.page.FCP.https://practice.expandtesting.com/login": {
          "min": 4815.8,
          "max": 22513.1,
          "count": 12,
          "mean": 11909.4,
          "p50": 9999.2,
          "median": 9999.2,
          "p75": 13770.3,
          "p90": 20958.1,
          "p95": 20958.1,
          "p99": 20958.1,
          "p999": 20958.1
        }
      },
      "histograms": {
        "browser.page.FCP.https://practice.expandtesting.com/secure": {
          "min": 1313.9,
          "max": 2908.4,
          "count": 10,
          "mean": 2027,
          "p50": 1978.7,
          "median": 1978.7,
          "p75": 2322.1,
          "p90": 2780,
          "p95": 2780,
          "p99": 2780,
          "p999": 2780
        },
        "vusers.session_length": {
          "min": 9395.4,
          "max": 27783.9,
          "count": 10,
          "mean": 14864.5,
          "p50": 12459.8,
          "median": 12459.8,
          "p75": 16819.2,
          "p90": 17859.2,
          "p95": 17859.2,
          "p99": 17859.2,
          "p999": 17859.2
        },
        "browser.page.TTFB.https://practice.expandtesting.com/login": {
          "min": 747.2,
          "max": 1399.2,
          "count": 12,
          "mean": 1039.2,
          "p50": 944,
          "median": 944,
          "p75": 1153.1,
          "p90": 1200.1,
          "p95": 1380.5,
          "p99": 1380.5,
          "p999": 1380.5
        },
        "browser.page.LCP.https://practice.expandtesting.com/login": {
          "min": 4815.8,
          "max": 21107.5,
          "count": 12,
          "mean": 9763.9,
          "p50": 7260.8,
          "median": 7260.8,
          "p75": 11501.8,
          "p90": 11501.8,
          "p95": 20958.1,
          "p99": 20958.1,
          "p999": 20958.1
        },
        "browser.page.FID.https://practice.expandtesting.com/login": {
          "min": 0.4,
          "max": 0.7,
          "count": 12,
          "mean": 0.5,
          "p50": 0.5,
          "median": 0.5,
          "p75": 0.6,
          "p90": 0.6,
          "p95": 0.6,
          "p99": 0.6,
          "p999": 0.6
        },
        "browser.page.INP.https://practice.expandtesting.com/login": {
          "min": 8,
          "max": 24,
          "count": 8,
          "mean": 16,
          "p50": 16,
          "median": 16,
          "p75": 16,
          "p90": 16,
          "p95": 16,
          "p99": 16,
          "p999": 16
        },
        "browser.page.CLS.https://practice.expandtesting.com/login": {
          "min": 0.1,
          "max": 0.1,
          "count": 8,
          "mean": 0.1,
          "p50": 0.1,
          "median": 0.1,
          "p75": 0.1,
          "p90": 0.1,
          "p95": 0.1,
          "p99": 0.1,
          "p999": 0.1
        },
        "browser.page.FCP.https://practice.expandtesting.com/login": {
          "min": 4815.8,
          "max": 22513.1,
          "count": 12,
          "mean": 11909.4,
          "p50": 9999.2,
          "median": 9999.2,
          "p75": 13770.3,
          "p90": 20958.1,
          "p95": 20958.1,
          "p99": 20958.1,
          "p999": 20958.1
        }
      }
    },
    {
      "counters": {
        "browser.page.codes.204": 188,
        "browser.http_requests": 729,
        "browser.page.codes.200": 525,
        "browser.page.codes.302": 34,
        "browser.page.codes.304": 59,
        "vusers.failed": 0,
        "vusers.completed": 14,
        "browser.page.codes.307": 1
      },
      "rates": {},
      "firstCounterAt": 1745343410000,
      "firstHistogramAt": 1745343410360,
      "lastCounterAt": 1745343419985,
      "lastHistogramAt": 1745343419837,
      "firstMetricAt": 1745343410000,
      "lastMetricAt": 1745343419985,
      "period": "1745343410000",
      "summaries": {
        "browser.page.INP.https://practice.expandtesting.com/login": {
          "min": 16,
          "max": 16,
          "count": 14,
          "mean": 16,
          "p50": 16,
          "median": 16,
          "p75": 16,
          "p90": 16,
          "p95": 16,
          "p99": 16,
          "p999": 16
        },
        "browser.page.CLS.https://practice.expandtesting.com/login": {
          "min": 0.1,
          "max": 0.1,
          "count": 14,
          "mean": 0.1,
          "p50": 0.1,
          "median": 0.1,
          "p75": 0.1,
          "p90": 0.1,
          "p95": 0.1,
          "p99": 0.1,
          "p999": 0.1
        },
        "browser.page.TTFB.https://practice.expandtesting.com/login": {
          "min": 608.1,
          "max": 2135.2,
          "count": 13,
          "mean": 937.5,
          "p50": 772.9,
          "median": 772.9,
          "p75": 1085.9,
          "p90": 1107.9,
          "p95": 1200.1,
          "p99": 1200.1,
          "p999": 1200.1
        },
        "browser.page.FCP.https://practice.expandtesting.com/secure": {
          "min": 1213,
          "max": 3969.4,
          "count": 13,
          "mean": 2445.9,
          "p50": 2322.1,
          "median": 2322.1,
          "p75": 2893.5,
          "p90": 2893.5,
          "p95": 3464.1,
          "p99": 3464.1,
          "p999": 3464.1
        },
        "vusers.session_length": {
          "min": 12988.1,
          "max": 30754.5,
          "count": 14,
          "mean": 19414,
          "p50": 17505.6,
          "median": 17505.6,
          "p75": 20136.3,
          "p90": 26643.2,
          "p95": 28290.8,
          "p99": 28290.8,
          "p999": 28290.8
        },
        "browser.page.LCP.https://practice.expandtesting.com/login": {
          "min": 7428.3,
          "max": 22513.1,
          "count": 10,
          "mean": 14208.9,
          "p50": 12459.8,
          "median": 12459.8,
          "p75": 13770.3,
          "p90": 20136.3,
          "p95": 20136.3,
          "p99": 20136.3,
          "p999": 20136.3
        },
        "browser.page.FID.https://practice.expandtesting.com/login": {
          "min": 0.4,
          "max": 0.6,
          "count": 10,
          "mean": 0.5,
          "p50": 0.4,
          "median": 0.4,
          "p75": 0.5,
          "p90": 0.6,
          "p95": 0.6,
          "p99": 0.6,
          "p999": 0.6
        },
        "browser.page.FCP.https://practice.expandtesting.com/login": {
          "min": 7428.3,
          "max": 21126.8,
          "count": 18,
          "mean": 14120.8,
          "p50": 13230.3,
          "median": 13230.3,
          "p75": 17859.2,
          "p90": 19737.6,
          "p95": 20136.3,
          "p99": 20136.3,
          "p999": 20136.3
        }
      },
      "histograms": {
        "browser.page.INP.https://practice.expandtesting.com/login": {
          "min": 16,
          "max": 16,
          "count": 14,
          "mean": 16,
          "p50": 16,
          "median": 16,
          "p75": 16,
          "p90": 16,
          "p95": 16,
          "p99": 16,
          "p999": 16
        },
        "browser.page.CLS.https://practice.expandtesting.com/login": {
          "min": 0.1,
          "max": 0.1,
          "count": 14,
          "mean": 0.1,
          "p50": 0.1,
          "median": 0.1,
          "p75": 0.1,
          "p90": 0.1,
          "p95": 0.1,
          "p99": 0.1,
          "p999": 0.1
        },
        "browser.page.TTFB.https://practice.expandtesting.com/login": {
          "min": 608.1,
          "max": 2135.2,
          "count": 13,
          "mean": 937.5,
          "p50": 772.9,
          "median": 772.9,
          "p75": 1085.9,
          "p90": 1107.9,
          "p95": 1200.1,
          "p99": 1200.1,
          "p999": 1200.1
        },
        "browser.page.FCP.https://practice.expandtesting.com/secure": {
          "min": 1213,
          "max": 3969.4,
          "count": 13,
          "mean": 2445.9,
          "p50": 2322.1,
          "median": 2322.1,
          "p75": 2893.5,
          "p90": 2893.5,
          "p95": 3464.1,
          "p99": 3464.1,
          "p999": 3464.1
        },
        "vusers.session_length": {
          "min": 12988.1,
          "max": 30754.5,
          "count": 14,
          "mean": 19414,
          "p50": 17505.6,
          "median": 17505.6,
          "p75": 20136.3,
          "p90": 26643.2,
          "p95": 28290.8,
          "p99": 28290.8,
          "p999": 28290.8
        },
        "browser.page.LCP.https://practice.expandtesting.com/login": {
          "min": 7428.3,
          "max": 22513.1,
          "count": 10,
          "mean": 14208.9,
          "p50": 12459.8,
          "median": 12459.8,
          "p75": 13770.3,
          "p90": 20136.3,
          "p95": 20136.3,
          "p99": 20136.3,
          "p999": 20136.3
        },
        "browser.page.FID.https://practice.expandtesting.com/login": {
          "min": 0.4,
          "max": 0.6,
          "count": 10,
          "mean": 0.5,
          "p50": 0.4,
          "median": 0.4,
          "p75": 0.5,
          "p90": 0.6,
          "p95": 0.6,
          "p99": 0.6,
          "p999": 0.6
        },
        "browser.page.FCP.https://practice.expandtesting.com/login": {
          "min": 7428.3,
          "max": 21126.8,
          "count": 18,
          "mean": 14120.8,
          "p50": 13230.3,
          "median": 13230.3,
          "p75": 17859.2,
          "p90": 19737.6,
          "p95": 20136.3,
          "p99": 20136.3,
          "p999": 20136.3
        }
      }
    },
    {
      "counters": {
        "browser.http_requests": 855,
        "browser.page.codes.204": 227,
        "browser.page.codes.200": 592,
        "browser.page.codes.304": 80,
        "browser.page.codes.302": 51,
        "vusers.failed": 0,
        "vusers.completed": 17,
        "browser.page.codes.400": 2
      },
      "rates": {},
      "firstCounterAt": 1745343420008,
      "firstHistogramAt": 1745343420153,
      "lastCounterAt": 1745343425923,
      "lastHistogramAt": 1745343425923,
      "firstMetricAt": 1745343420008,
      "lastMetricAt": 1745343425923,
      "period": "1745343420000",
      "summaries": {
        "browser.page.FCP.https://practice.expandtesting.com/secure": {
          "min": 928.2,
          "max": 3886.8,
          "count": 17,
          "mean": 1378.4,
          "p50": 1249.1,
          "median": 1249.1,
          "p75": 1300.1,
          "p90": 1465.9,
          "p95": 1755,
          "p99": 1755,
          "p999": 1755
        },
        "browser.page.LCP.https://practice.expandtesting.com/login": {
          "min": 7994.6,
          "max": 25632,
          "count": 15,
          "mean": 15411.5,
          "p50": 13497.6,
          "median": 13497.6,
          "p75": 18220,
          "p90": 20958.1,
          "p95": 21813.5,
          "p99": 21813.5,
          "p999": 21813.5
        },
        "browser.page.FID.https://practice.expandtesting.com/login": {
          "min": 0.4,
          "max": 0.6,
          "count": 15,
          "mean": 0.5,
          "p50": 0.4,
          "median": 0.4,
          "p75": 0.5,
          "p90": 0.5,
          "p95": 0.6,
          "p99": 0.6,
          "p999": 0.6
        },
        "vusers.session_length": {
          "min": 15943.3,
          "max": 30161.2,
          "count": 17,
          "mean": 22258.9,
          "p50": 20958.1,
          "median": 20958.1,
          "p75": 24594.7,
          "p90": 27730.6,
          "p95": 28290.8,
          "p99": 28290.8,
          "p999": 28290.8
        },
        "browser.page.TTFB.https://practice.expandtesting.com/login": {
          "min": 660.5,
          "max": 2081.1,
          "count": 12,
          "mean": 1226.1,
          "p50": 907,
          "median": 907,
          "p75": 1720.2,
          "p90": 1720.2,
          "p95": 2018.7,
          "p99": 2018.7,
          "p999": 2018.7
        },
        "browser.page.FCP.https://practice.expandtesting.com/login": {
          "min": 21976.1,
          "max": 25632,
          "count": 2,
          "mean": 23804.1,
          "p50": 21813.5,
          "median": 21813.5,
          "p75": 21813.5,
          "p90": 21813.5,
          "p95": 21813.5,
          "p99": 21813.5,
          "p999": 21813.5
        },
        "browser.page.INP.https://practice.expandtesting.com/login": {
          "min": 8,
          "max": 40,
          "count": 16,
          "mean": 16.5,
          "p50": 16,
          "median": 16,
          "p75": 16,
          "p90": 16,
          "p95": 16,
          "p99": 16,
          "p999": 16
        },
        "browser.page.CLS.https://practice.expandtesting.com/login": {
          "min": 0.1,
          "max": 0.2,
          "count": 16,
          "mean": 0.1,
          "p50": 0.1,
          "median": 0.1,
          "p75": 0.1,
          "p90": 0.2,
          "p95": 0.2,
          "p99": 0.2,
          "p999": 0.2
        }
      },
      "histograms": {
        "browser.page.FCP.https://practice.expandtesting.com/secure": {
          "min": 928.2,
          "max": 3886.8,
          "count": 17,
          "mean": 1378.4,
          "p50": 1249.1,
          "median": 1249.1,
          "p75": 1300.1,
          "p90": 1465.9,
          "p95": 1755,
          "p99": 1755,
          "p999": 1755
        },
        "browser.page.LCP.https://practice.expandtesting.com/login": {
          "min": 7994.6,
          "max": 25632,
          "count": 15,
          "mean": 15411.5,
          "p50": 13497.6,
          "median": 13497.6,
          "p75": 18220,
          "p90": 20958.1,
          "p95": 21813.5,
          "p99": 21813.5,
          "p999": 21813.5
        },
        "browser.page.FID.https://practice.expandtesting.com/login": {
          "min": 0.4,
          "max": 0.6,
          "count": 15,
          "mean": 0.5,
          "p50": 0.4,
          "median": 0.4,
          "p75": 0.5,
          "p90": 0.5,
          "p95": 0.6,
          "p99": 0.6,
          "p999": 0.6
        },
        "vusers.session_length": {
          "min": 15943.3,
          "max": 30161.2,
          "count": 17,
          "mean": 22258.9,
          "p50": 20958.1,
          "median": 20958.1,
          "p75": 24594.7,
          "p90": 27730.6,
          "p95": 28290.8,
          "p99": 28290.8,
          "p999": 28290.8
        },
        "browser.page.TTFB.https://practice.expandtesting.com/login": {
          "min": 660.5,
          "max": 2081.1,
          "count": 12,
          "mean": 1226.1,
          "p50": 907,
          "median": 907,
          "p75": 1720.2,
          "p90": 1720.2,
          "p95": 2018.7,
          "p99": 2018.7,
          "p999": 2018.7
        },
        "browser.page.FCP.https://practice.expandtesting.com/login": {
          "min": 21976.1,
          "max": 25632,
          "count": 2,
          "mean": 23804.1,
          "p50": 21813.5,
          "median": 21813.5,
          "p75": 21813.5,
          "p90": 21813.5,
          "p95": 21813.5,
          "p99": 21813.5,
          "p999": 21813.5
        },
        "browser.page.INP.https://practice.expandtesting.com/login": {
          "min": 8,
          "max": 40,
          "count": 16,
          "mean": 16.5,
          "p50": 16,
          "median": 16,
          "p75": 16,
          "p90": 16,
          "p95": 16,
          "p99": 16,
          "p999": 16
        },
        "browser.page.CLS.https://practice.expandtesting.com/login": {
          "min": 0.1,
          "max": 0.2,
          "count": 16,
          "mean": 0.1,
          "p50": 0.1,
          "median": 0.1,
          "p75": 0.1,
          "p90": 0.2,
          "p95": 0.2,
          "p99": 0.2,
          "p999": 0.2
        }
      }
    }
  ]
}