{
  "aggregate": {
    "counters": {
      "vusers.created_by_name.Login Performance Test": 60,
      "vusers.created": 60,
      "browser.page.codes.200": 2837,
      "browser.http_requests": 3684,
      "browser.page.codes.204": 861,
      "browser.page.codes.302": 130,
      "browser.page.codes.304": 255,
      "vusers.failed": 0,
      "vusers.completed": 60,
      "browser.page.codes.400": 7
    },
    "rates": {},
    "firstCounterAt": 1745342646682,
    "firstHistogramAt": 1745342647708,
    "lastCounterAt": 1745342698834,
    "lastHistogramAt": 1745342698834,
    "firstMetricAt": 1745342646682,
    "lastMetricAt": 1745342698834,
    "period": 1745342690000,
    "summaries": {
      "browser.page.FCP.https://practice.expandtesting.com/login": {
        "min": 738.4,
        "max": 26798.9,
        "count": 60,
        "mean": 6627.7,
        "p50": 4583.6,
        "median": 4583.6,
        "p75": 8024.5,
        "p90": 14332.3,
        "p95": 20543.1,
        "p99": 26115.6,
        "p999": 26115.6
      },
      "browser.page.TTFB.https://practice.expandtesting.com/login": {
        "min": 363,
        "max": 5218.8,
        "count": 60,
        "mean": 1196.7,
        "p50": 944,
        "median": 944,
        "p75": 1465.9,
        "p90": 2059.5,
        "p95": 2416.8,
        "p99": 3011.6,
        "p999": 3011.6
      },
      "browser.page.LCP.https://practice.expandtesting.com/login": {
        "min": 738.4,
        "max": 26798.9,
        "count": 60,
        "mean": 6627.7,
        "p50": 4583.6,
        "median": 4583.6,
        "p75": 8024.5,
        "p90": 14332.3,
        "p95": 20543.1,
        "p99": 26115.6,
        "p999": 26115.6
      },
      "browser.page.FID.https://practice.expandtesting.com/login": {
        "min": 0.3,
        "max": 2.7,
        "count": 60,
        "mean": 0.6,
        "p50": 0.5,
        "median": 0.5,
        "p75": 0.6,
        "p90": 0.8,
        "p95": 1.2,
        "p99": 1.9,
        "p999": 1.9
      },
      "browser.page.INP.https://practice.expandtesting.com/login": {
        "min": 8,
        "max": 40,
        "count": 60,
        "mean": 16.5,
        "p50": 16,
        "median": 16,
        "p75": 16,
        "p90": 16,
        "p95": 23.8,
        "p99": 32.1,
        "p999": 32.1
      },
      "browser.page.CLS.https://practice.expandtesting.com/login": {
        "min": 0.1,
        "max": 0.3,
        "count": 60,
        "mean": 0.1,
        "p50": 0.1,
        "median": 0.1,
        "p75": 0.1,
        "p90": 0.2,
        "p95": 0.2,
        "p99": 0.2,
        "p999": 0.2
      },
      "browser.page.FCP.https://practice.expandtesting.com/secure": {
        "min": 886.9,
        "max": 5831.7,
        "count": 60,
        "mean": 1980.1,
        "p50": 1686.1,
        "median": 1686.1,
        "p75": 2231,
        "p90": 3011.6,
        "p95": 3678.4,
        "p99": 3752.7,
        "p999": 3752.7
      },
      "vusers.session_length": {
        "min": 5321.1,
        "max": 31240.7,
        "count": 60,
        "mean": 13040.7,
        "p50": 11501.8,
        "median": 11501.8,
        "p75": 14048.5,
        "p90": 18963.6,
        "p95": 23162.4,
        "p99": 30040.3,
        "p999": 30040.3
      }
    },
    "histograms": {
      "browser.page.FCP.https://practice.expandtesting.com/login": {
        "min": 738.4,
        "max": 26798.9,
        "count": 60,
        "mean": 6627.7,
        "p50": 4583.6,
        "median": 4583.6,
        "p75": 8024.5,
        "p90": 14332.3,
        "p95": 20543.1,
        "p99": 26115.6,
        "p999": 26115.6
      },
      "browser.page.TTFB.https://practice.expandtesting.com/login": {
        "min": 363,
        "max": 5218.8,
        "count": 60,
        "mean": 1196.7,
        "p50": 944,
        "median": 944,
        "p75": 1465.9,
        "p90": 2059.5,
        "p95": 2416.8,
        "p99": 3011.6,
        "p999": 3011.6
      },
      "browser.page.LCP.https://practice.expandtesting.com/login": {
        "min": 738.4,
        "max": 26798.9,
        "count": 60,
        "mean": 6627.7,
        "p50": 4583.6,
        "median": 4583.6,
        "p75": 8024.5,
        "p90": 14332.3,
        "p95": 20543.1,
        "p99": 26115.6,
        "p999": 26115.6
      },
      "browser.page.FID.https://practice.expandtesting.com/login": {
        "min": 0.3,
        "max": 2.7,
        "count": 60,
        "mean": 0.6,
        "p50": 0.5,
        "median": 0.5,
        "p75": 0.6,
        "p90": 0.8,
        "p95": 1.2,
        "p99": 1.9,
        "p999": 1.9
      },
      "browser.page.INP.https://practice.expandtesting.com/login": {
        "min": 8,
        "max": 40,
        "count": 60,
        "mean": 16.5,
        "p50": 16,
        "median": 16,
        "p75": 16,
        "p90": 16,
        "p95": 23.8,
        "p99": 32.1,
        "p999": 32.1
      },
      "browser.page.CLS.https://practice.expandtesting.com/login": {
        "min": 0.1,
        "max": 0.3,
        "count": 60,
        "mean": 0.1,
        "p50": 0.1,
        "median": 0.1,
        "p75": 0.1,
        "p90": 0.2,
        "p95": 0.2,
        "p99": 0.2,
        "p999": 0.2
      },
      "browser.page.FCP.https://practice.expandtesting.com/secure": {
        "min": 886.9,
        "max": 5831.7,
        "count": 60,
        "mean": 1980.1,
        "p50": 1686.1,
        "median": 1686.1,
        "p75": 2231,
        "p90": 3011.6,
        "p95": 3678.4,
        "p99": 3752.7,
        "p999": 3752.7
      },
      "vusers.session_length": {
        "min": 5321.1,
        "max": 31240.7,
        "count": 60,
        "mean": 13040.7,
        "p50": 11501.8,
        "median": 11501.8,
        "p75": 14048.5,
        "p90": 18963.6,
        "p95": 23162.4,
        "p99": 30040.3,
        "p999": 30040.3
      }
    }
  },
  "intermediate": [
    {
      "counters": {
        "vusers.created_by_name.Login Performance Test": 8,
        "vusers.created": 8,
        "browser.page.codes.200": 82,
        "browser.http_requests": 85,
        "browser.page.codes.204": 10
      },
      "rates": {},
      "firstCounterAt": 1745342646682,
      "firstHistogramAt": 1745342647708,
      "lastCounterAt": 1745342649805,
      "lastHistogramAt": 1745342649841,
      "firstMetricAt": 1745342646682,
      "lastMetricAt": 1745342649841,
      "period": "1745342640000",
      "summaries": {
        "browser.page.FCP.https://practice.expandtesting.com/login": {
          "min": 738.4,
          "max": 1876.3,
          "count": 4,
          "mean": 1049.4,
          "p50": 788.5,
          "median": 788.5,
          "p75": 804.5,
          "p90": 804.5,
          "p95": 804.5,
          "p99": 804.5,
          "p999": 804.5
        },
        "browser.page.TTFB.https://practice.expandtesting.com/login": {
          "min": 396.8,
          "max": 397.2,
          "count": 2,
          "mean": 397,
          "p50": 399.5,
          "median": 399.5,
          "p75": 399.5,
          "p90": 399.5,
          "p95": 399.5,
          "p99": 399.5,
          "p999": 399.5
        },
        "browser.page.LCP.https://practice.expandtesting.com/login": {
          "min": 797.9,
          "max": 797.9,
          "count": 1,
          "mean": 797.9,
          "p50": 804.5,
          "median": 804.5,
          "p75": 804.5,
          "p90": 804.5,
          "p95": 804.5,
          "p99": 804.5,
          "p999": 804.5
        },
        "browser.page.FID.https://practice.expandtesting.com/login": {
          "min": 0.4,
          "max": 0.4,
          "count": 1,
          "mean": 0.4,
          "p50": 0.4,
          "median": 0.4,
          "p75": 0.4,
          "p90": 0.4,
          "p95": 0.4,
          "p99": 0.4,
          "p999": 0.4
        }
      },
      "histograms": {
        "browser.page.FCP.https://practice.expandtesting.com/login": {
          "min": 738.4,
          "max": 1876.3,
          "count": 4,
          "mean": 1049.4,
          "p50": 788.5,
          "median": 788.5,
          "p75": 804.5,
          "p90": 804.5,
          "p95": 804.5,
          "p99": 804.5,
          "p999": 804.5
        },
        "browser.page.TTFB.https://practice.expandtesting.com/login": {
          "min": 396.8,
          "max": 397.2,
          "count": 2,
          "mean": 397,
          "p50": 399.5,
          "median": 399.5,
          "p75": 399.5,
          "p90": 399.5,
          "p95": 399.5,
          "p99": 399.5,
          "p999": 399.5
        },
        "browser.page.LCP.https://practice.expandtesting.com/login": {
          "min": 797.9,
          "max": 797.9,
          "count": 1,
          "mean": 797.9,
          "p50": 804.5,
          "median": 804.5,
          "p75": 804.5,
          "p90": 804.5,
          "p95": 804.5,
          "p99": 804.5,
          "p999": 804.5
        },
        "browser.page.FID.https://practice.expandtesting.com/login": {
          "min": 0.4,
          "max": 0.4,
          "count": 1,
          "mean": 0.4,
          "p50": 0.4,
          "median": 0.4,
          "p75": 0.4,
          "p90": 0.4,
          "p95": 0.4,
          "p99": 0.4,
          "p999": 0.4
        }
      }
    },
    {
      "counters": {
        "browser.page.codes.200": 610,
        "browser.http_requests": 722,
        "browser.page.codes.204": 151,
        "browser.page.codes.302": 24,
        "vusers.created_by_name.Login Performance Test": 20,
        "vusers.created": 20,
        "browser.page.codes.304": 23,
        "vusers.failed": 0,
        "vusers.completed": 6
      },
      "rates": {},
      "firstCounterAt": 1745342650013,
      "firstHistogramAt": 1745342650528,
      "lastCounterAt": 1745342659972,
      "lastHistogramAt": 1745342659814,
      "firstMetricAt": 1745342650013,
      "lastMetricAt": 1745342659972,
      "period": "1745342650000",
      "summaries": {
        "browser.page.FCP.https://practice.expandtesting.com/login": {
          "min": 2093.4,
          "max": 6506.8,
          "count": 18,
          "mean": 3981,
          "p50": 3605.5,
          "median": 3605.5,
          "p75": 4492.8,
          "p90": 5272.4,
          "p95": 5487.5,
          "p99": 5487.5,
          "p999": 5487.5
        },
        "browser.page.INP.https://practice.expandtesting.com/login": {
          "min": 16,
          "max": 24,
          "count": 8,
          "mean": 17,
          "p50": 16,
          "median": 16,
          "p75": 16,
          "p90": 16,
          "p95": 16,
          "p99": 16,
          "p999": 16
        },
        "browser.page.CLS.https://practice.expandtesting.com/login": {
          "min": 0.1,
          "max": 0.3,
          "count": 8,
          "mean": 0.1,
          "p50": 0.1,
          "median": 0.1,
          "p75": 0.1,
          "p90": 0.2,
          "p95": 0.2,
          "p99": 0.2,
          "p999": 0.2
        },
        "browser.page.FCP.https://practice.expandtesting.com/secure": {
          "min": 1510.8,
          "max": 2402.6,
          "count": 6,
          "mean": 1847.8,
          "p50": 1652.8,
          "median": 1652.8,
          "p75": 1939.5,
          "p90": 2018.7,
          "p95": 2018.7,
          "p99": 2018.7,
          "p999": 2018.7
        },
        "vusers.session_length": {
          "min": 5321.1,
          "max": 10089.2,
          "count": 6,
          "mean": 7880.2,
          "p50": 7407.5,
          "median": 7407.5,
          "p75": 8868.4,
          "p90": 9047.6,
          "p95": 9047.6,
          "p99": 9047.6,
          "p999": 9047.6
        },
        "browser.page.TTFB.https://practice.expandtesting.com/login": {
          "min": 363,
          "max": 2162,
          "count": 11,
          "mean": 1202.1,
          "p50": 1436.8,
          "median": 1436.8,
          "p75": 1495.5,
          "p90": 1620,
          "p95": 1620,
          "p99": 1620,
          "p999": 1620
        },
        "browser.page.LCP.https://practice.expandtesting.com/login": {
          "min": 738.4,
          "max": 5498.3,
          "count": 12,
          "mean": 3457.3,
          "p50": 3328.3,
          "median": 3328.3,
          "p75": 4492.8,
          "p90": 5168,
          "p95": 5272.4,
          "p99": 5272.4,
          "p999": 5272.4
        },
        "browser.page.FID.https://practice.expandtesting.com/login": {
          "min": 0.3,
          "max": 0.8,
          "count": 12,
          "mean": 0.6,
          "p50": 0.5,
          "median": 0.5,
          "p75": 0.6,
          "p90": 0.7,
          "p95": 0.8,
          "p99": 0.8,
          "p999": 0.8
        }
      },
      "histograms": {
        "browser.page.FCP.https://practice.expandtesting.com/login": {
          "min": 2093.4,
          "max": 6506.8,
          "count": 18,
          "mean": 3981,
          "p50": 3605.5,
          "median": 3605.5,
          "p75": 4492.8,
          "p90": 5272.4,
          "p95": 5487.5,
          "p99": 5487.5,
          "p999": 5487.5
        },
        "browser.page.INP.https://practice.expandtesting.com/login": {
          "min": 16,
          "max": 24,
          "count": 8,
          "mean": 17,
          "p50": 16,
          "median": 16,
          "p75": 16,
          "p90": 16,
          "p95": 16,
          "p99": 16,
          "p999": 16
        },
        "browser.page.CLS.https://practice.expandtesting.com/login": {
          "min": 0.1,
          "max": 0.3,
          "count": 8,
          "mean": 0.1,
          "p50": 0.1,
          "median": 0.1,
          "p75": 0.1,
          "p90": 0.2,
          "p95": 0.2,
          "p99": 0.2,
          "p999": 0.2
        },
        "browser.page.FCP.https://practice.expandtesting.com/secure": {
          "min": 1510.8,
          "max": 2402.6,
          "count": 6,
          "mean": 1847.8,
          "p50": 1652.8,
          "median": 1652.8,
          "p75": 1939.5,
          "p90": 2018.7,
          "p95": 2018.7,
          "p99": 2018.7,
          "p999": 2018.7
        },
        "vusers.session_length": {
          "min": 5321.1,
          "max": 10089.2,
          "count": 6,
          "mean": 7880.2,
          "p50": 7407.5,
          "median": 7407.5,
          "p75": 8868.4,
          "p90": 9047.6,
          "p95": 9047.6,
          "p99": 9047.6,
          "p999": 9047.6
        },
        "browser.page.TTFB.https://practice.expandtesting.com/login": {
          "min": 363,
          "max": 2162,
          "count": 11,
          "mean": 1202.1,
          "p50": 1436.8,
          "median": 1436.8,
          "p75": 1495.5,
          "p90": 1620,
          "p95": 1620,
          "p99": 1620,
          "p999": 1620
        },
        "browser.page.LCP.https://practice.expandtesting.com/login": {
          "min": 738.4,
          "max": 5498.3,
          "count": 12,
          "mean": 3457.3,
          "p50": 3328.3,
          "median": 3328.3,
          "p75": 4492.8,
          "p90": 5168,
          "p95": 5272.4,
          "p99": 5272.4,
          "p999": 5272.4
        },
        "browser.page.FID.https://practice.expandtesting.com/login": {
          "min": 0.3,
          "max": 0.8,
          "count": 12,
          "mean": 0.6,
          "p50": 0.5,
          "median": 0.5,
          "p75": 0.6,
          "p90": 0.7,
          "p95": 0.8,
          "p99": 0.8,
          "p999": 0.8
        }
      }
    },
    {
      "counters": {
        "browser.page.codes.200": 764,
        "browser.http_requests": 965,
        "browser.page.codes.204": 185,
        "browser.page.codes.304": 77,
        "vusers.failed": 0,
        "vusers.completed": 18,
        "vusers.created_by_name.Login Performance Test": 20,
        "vusers.created": 20,
        "browser.page.codes.302": 25,
        "browser.page.codes.400": 2
      },
      "rates": {},
      "firstCounterAt": 1745342660012,
      "firstHistogramAt": 1745342660410,
      "lastCounterAt": 1745342669997,
      "lastHistogramAt": 1745342669611,
      "firstMetricAt": 1745342660012,
      "lastMetricAt": 1745342669997,
      "period": "1745342660000",
      "summaries": {
        "browser.page.FCP.https://practice.expandtesting.com/secure": {
          "min": 1216.1,
          "max": 3715.7,
          "count": 18,
          "mean": 1901.8,
          "p50": 1587.9,
          "median": 1587.9,
          "p75": 1901.1,
          "p90": 2618.1,
          "p95": 3262.4,
          "p99": 3262.4,
          "p999": 3262.4
        },
        "browser.page.TTFB.https://practice.expandtesting.com/login": {
          "min": 478.3,
          "max": 1451.6,
          "count": 12,
          "mean": 854.2,
          "p50": 757.6,
          "median": 757.6,
          "p75": 1064.4,
          "p90": 1085.9,
          "p95": 1107.9,
          "p99": 1107.9,
          "p999": 1107.9
        },
        "vusers.session_length": {
          "min": 9051.6,
          "max": 12367.3,
          "count": 18,
          "mean": 10772.1,
          "p50": 11050.8,
          "median": 11050.8,
          "p75": 11501.8,
          "p90": 11501.8,
          "p95": 11734.2,
          "p99": 11734.2,
          "p999": 11734.2
        },
        "browser.page.INP.https://practice.expandtesting.com/login": {
          "min": 8,
          "max": 32,
          "count": 16,
          "mean": 16,
          "p50": 16,
          "median": 16,
          "p75": 16,
          "p90": 16,
          "p95": 16,
          "p99": 16,
          "p999": 16
        },
        "browser.page.CLS.https://practice.expandtesting.com/login": {
          "min": 0.1,
          "max": 0.2,
          "count": 16,
          "mean": 0.1,
          "p50": 0.1,
          "median": 0.1,
          "p75": 0.1,
          "p90": 0.1,
          "p95": 0.1,
          "p99": 0.1,
          "p999": 0.1
        },
        "browser.page.LCP.https://practice.expandtesting.com/login": {
          "min": 2575.6,
          "max": 6506.8,
          "count": 11,
          "mean": 4202,
          "p50": 3605.5,
          "median": 3605.5,
          "p75": 3905.8,
          "p90": 6439.7,
          "p95": 6439.7,
          "p99": 6439.7,
          "p999": 6439.7
        },
        "browser.page.FID.https://practice.expandtesting.com/login": {
          "min": 0.4,
          "max": 1.1,
          "count": 11,
          "mean": 0.6,
          "p50": 0.5,
          "median": 0.5,
          "p75": 0.6,
          "p90": 0.7,
          "p95": 0.7,
          "p99": 0.7,
          "p999": 0.7
        },
        "browser.page.FCP.https://practice.expandtesting.com/login": {
          "min": 1299.1,
          "max": 9389.4,
          "count": 15,
          "mean": 5094.2,
          "p50": 4583.6,
          "median": 4583.6,
          "p75": 6439.7,
          "p90": 7260.8,
          "p95": 9416.8,
          "p99": 9416.8,
          "p999": 9416.8
        }
      },
      "histograms": {
        "browser.page.FCP.https://practice.expandtesting.com/secure": {
          "min": 1216.1,
          "max": 3715.7,
          "count": 18,
          "mean": 1901.8,
          "p50": 1587.9,
          "median": 1587.9,
          "p75": 1901.1,
          "p90": 2618.1,
          "p95": 3262.4,
          "p99": 3262.4,
          "p999": 3262.4
        },
        "browser.page.TTFB.https://practice.expandtesting.com/login": {
          "min": 478.3,
          "max": 1451.6,
          "count": 12,
          "mean": 854.2,
          "p50": 757.6,
          "median": 757.6,
          "p75": 1064.4,
          "p90": 1085.9,
          "p95": 1107.9,
          "p99": 1107.9,
          "p999": 1107.9
        },
        "vusers.session_length": {
          "min": 9051.6,
          "max": 12367.3,
          "count": 18,
          "mean": 10772.1,
          "p50": 11050.8,
          "median": 11050.8,
          "p75": 11501.8,
          "p90": 11501.8,
          "p95": 11734.2,
          "p99": 11734.2,
          "p999": 11734.2
        },
        "browser.page.INP.https://practice.expandtesting.com/login": {
          "min": 8,
          "max": 32,
          "count": 16,
          "mean": 16,
          "p50": 16,
          "median": 16,
          "p75": 16,
          "p90": 16,
          "p95": 16,
          "p99": 16,
          "p999": 16
        },
        "browser.page.CLS.https://practice.expandtesting.com/login": {
          "min": 0.1,
          "max": 0.2,
          "count": 16,
          "mean": 0.1,
          "p50": 0.1,
          "median": 0.1,
          "p75": 0.1,
          "p90": 0.1,
          "p95": 0.1,
          "p99": 0.1,
          "p999": 0.1
        },
        "browser.page.LCP.https://practice.expandtesting.com/login": {
          "min": 2575.6,
          "max": 6506.8,
          "count": 11,
          "mean": 4202,
          "p50": 3605.5,
          "median": 3605.5,
          "p75": 3905.8,
          "p90": 6439.7,
          "p95": 6439.7,
          "p99": 6439.7,
          "p999": 6439.7
        },
        "browser.page.FID.https://practice.expandtesting.com/login": {
          "min": 0.4,
          "max": 1.1,
          "count": 11,
          "mean": 0.6,
          "p50": 0.5,
          "median": 0.5,
          "p75": 0.6,
          "p90": 0.7,
          "p95": 0.7,
          "p99": 0.7,
          "p999": 0.7
        },
        "browser.page.FCP.https://practice.expandtesting.com/login": {
          "min": 1299.1,
          "max": 9389.4,
          "count": 15,
          "mean": 5094.2,
          "p50": 4583.6,
          "median": 4583.6,
          "p75": 6439.7,
          "p90": 7260.8,
          "p95": 9416.8,
          "p99": 9416.8,
          "p999": 9416.8
        }
      }
    },
    {
      "counters": {
        "browser.page.codes.204": 251,
        "browser.http_requests": 908,
        "browser.page.codes.200": 666,
        "browser.page.codes.302": 42,
        "vusers.created_by_name.Login Performance Test": 12,
        "vusers.created": 12,
        "browser.page.codes.400": 3,
        "browser.page.codes.304": 54,
        "vusers.failed": 0,
        "vusers.completed": 13
      },
      "rates": {},
      "firstCounterAt": 1745342670002,
      "firstHistogramAt": 1745342670041,
      "lastCounterAt": 1745342679971,
      "lastHistogramAt": 1745342679867,
      "firstMetricAt": 1745342670002,
      "lastMetricAt": 1745342679971,
      "period": "1745342670000",
      "summaries": {
        "browser.page.TTFB.https://practice.expandtesting.com/login": {
          "min": 588.1,
          "max": 1835.1,
          "count": 17,
          "mean": 952.6,
          "p50": 820.7,
          "median": 820.7,
          "p75": 1002.4,
          "p90": 1525.7,
          "p95": 1587.9,
          "p99": 1587.9,
          "p999": 1587.9
        },
        "browser.page.LCP.https://practice.expandtesting.com/login": {
          "min": 1299.1,
          "max": 16092.9,
          "count": 18,
          "mean": 6335.1,
          "p50": 5487.5,
          "median": 5487.5,
          "p75": 7260.8,
          "p90": 9416.8,
          "p95": 14332.3,
          "p99": 14332.3,
          "p999": 14332.3
        },
        "browser.page.FID.https://practice.expandtesting.com/login": {
          "min": 0.4,
          "max": 0.8,
          "count": 18,
          "mean": 0.5,
          "p50": 0.5,
          "median": 0.5,
          "p75": 0.5,
          "p90": 0.6,
          "p95": 0.7,
          "p99": 0.7,
          "p999": 0.7
        },
        "browser.page.INP.https://practice.expandtesting.com/login": {
          "min": 16,
          "max": 40,
          "count": 16,
          "mean": 18,
          "p50": 16,
          "median": 16,
          "p75": 16,
          "p90": 16,
          "p95": 23.8,
          "p99": 23.8,
          "p999": 23.8
        },
        "browser.page.CLS.https://practice.expandtesting.com/login": {
          "min": 0.1,
          "max": 0.2,
          "count": 16,
          "mean": 0.1,
          "p50": 0.1,
          "median": 0.1,
          "p75": 0.1,
          "p90": 0.1,
          "p95": 0.1,
          "p99": 0.1,
          "p999": 0.1
        },
        "browser.page.FCP.https://practice.expandtesting.com/secure": {
          "min": 1400.4,
          "max": 5831.7,
          "count": 13,
          "mean": 2717.5,
          "p50": 2416.8,
          "median": 2416.8,
          "p75": 3072.4,
          "p90": 3678.4,
          "p95": 3678.4,
          "p99": 3678.4,
          "p999": 3678.4
        },
        "vusers.session_length": {
          "min": 9900,
          "max": 17295.2,
          "count": 13,
          "mean": 12285.3,
          "p50": 12711.5,
          "median": 12711.5,
          "p75": 13230.3,
          "p90": 13497.6,
          "p95": 14048.5,
          "p99": 14048.5,
          "p999": 14048.5
        },
        "browser.page.FCP.https://practice.expandtesting.com/login": {
          "min": 2446.2,
          "max": 16092.9,
          "count": 16,
          "mean": 7489.5,
          "p50": 6064.7,
          "median": 6064.7,
          "p75": 9416.8,
          "p90": 9607.1,
          "p95": 14332.3,
          "p99": 14332.3,
          "p999": 14332.3
        }
      },
      "histograms": {
        "browser.page.TTFB.https://practice.expandtesting.com/login": {
          "min": 588.1,
          "max": 1835.1,
          "count": 17,
          "mean": 952.6,
          "p50": 820.7,
          "median": 820.7,
          "p75": 1002.4,
          "p90": 1525.7,
          "p95": 1587.9,
          "p99": 1587.9,
          "p999": 1587.9
        },
        "browser.page.LCP.https://practice.expandtesting.com/login": {
          "min": 1299.1,
          "max": 16092.9,
          "count": 18,
          "mean": 6335.1,
          "p50": 5487.5,
          "median": 5487.5,
          "p75": 7260.8,
          "p90": 9416.8,
          "p95": 14332.3,
          "p99": 14332.3,
          "p999": 14332.3
        },
        "browser.page.FID.https://practice.expandtesting.com/login": {
          "min": 0.4,
          "max": 0.8,
          "count": 18,
          "mean": 0.5,
          "p50": 0.5,
          "median": 0.5,
          "p75": 0.5,
          "p90": 0.6,
          "p95": 0.7,
          "p99": 0.7,
          "p999": 0.7
        },
        "browser.page.INP.https://practice.expandtesting.com/login": {
          "min": 16,
          "max": 40,
          "count": 16,
          "mean": 18,
          "p50": 16,
          "median": 16,
          "p75": 16,
          "p90": 16,
          "p95": 23.8,
          "p99": 23.8,
          "p999": 23.8
        },
        "browser.page.CLS.https://practice.expandtesting.com/login": {
          "min": 0.1,
          "max": 0.2,
          "count": 16,
          "mean": 0.1,
          "p50": 0.1,
          "median": 0.1,
          "p75": 0.1,
          "p90": 0.1,
          "p95": 0.1,
          "p99": 0.1,
          "p999": 0.1
        },
        "browser.page.FCP.https://practice.expandtesting.com/secure": {
          "min": 1400.4,
          "max": 5831.7,
          "count": 13,
          "mean": 2717.5,
          "p50": 2416.8,
          "median": 2416.8,
          "p75": 3072.4,
          "p90": 3678.4,
          "p95": 3678.4,
          "p99": 3678.4,
          "p999": 3678.4
        },
        "vusers.session_length": {
          "min": 9900,
          "max": 17295.2,
          "count": 13,
          "mean": 12285.3,
          "p50": 12711.5,
          "median": 12711.5,
          "p75": 13230.3,
          "p90": 13497.6,
          "p95": 14048.5,
          "p99": 14048.5,
          "p999": 14048.5
        },
        "browser.page.FCP.https://practice.expandtesting.com/login": {
          "min": 2446.2,
          "max": 16092.9,
          "count": 16,
          "mean": 7489.5,
          "p50": 6064.7,
          "median": 6064.7,
          "p75": 9416.8,
          "p90": 9607.1,
          "p95": 14332.3,
          "p99": 14332.3,
          "p999": 14332.3
        }
      }
    },
    {
      "counters": {
        "browser.page.codes.200": 527,
        "browser.http_requests": 734,
        "browser.page.codes.204": 190,
        "browser.page.codes.304": 75,
        "vusers.failed": 0,
        "vusers.completed": 18,
        "browser.page.codes.302": 27,
        "browser.page.codes.400": 1
      },
      "rates": {},
      "firstCounterAt": 1745342680008,
      "firstHistogramAt": 1745342680008,
      "lastCounterAt": 1745342689864,
      "lastHistogramAt": 1745342689562,
      "firstMetricAt": 1745342680008,
      "lastMetricAt": 1745342689864,
      "period": "1745342680000",
      "summaries": {
        "browser.page.INP.https://practice.expandtesting.com/login": {
          "min": 8,
          "max": 24,
          "count": 15,
          "mean": 14.9,
          "p50": 16,
          "median": 16,
          "p75": 16,
          "p90": 16,
          "p95": 16,
          "p99": 16,
          "p999": 16
        },
        "browser.page.CLS.https://practice.expandtesting.com/login": {
          "min": 0.1,
          "max": 0.2,
          "count": 15,
          "mean": 0.1,
          "p50": 0.1,
          "median": 0.1,
          "p75": 0.1,
          "p90": 0.2,
          "p95": 0.2,
          "p99": 0.2,
          "p999": 0.2
        },
        "browser.page.FCP.https://practice.expandtesting.com/secure": {
          "min": 1258.5,
          "max": 2482.3,
          "count": 18,
          "mean": 1821,
          "p50": 1620,
          "median": 1620,
          "p75": 2143.5,
          "p90": 2231,
          "p95": 2322.1,
          "p99": 2322.1,
          "p999": 2322.1
        },
        "vusers.session_length": {
          "min": 8634.4,
          "max": 19893.8,
          "count": 18,
          "mean": 13804.5,
          "p50": 13770.3,
          "median": 13770.3,
          "p75": 15839.7,
          "p90": 16819.2,
          "p95": 18963.6,
          "p99": 18963.6,
          "p999": 18963.6
        },
        "browser.page.TTFB.https://practice.expandtesting.com/login": {
          "min": 697.5,
          "max": 5218.8,
          "count": 13,
          "mean": 1858.5,
          "p50": 1200.1,
          "median": 1200.1,
          "p75": 2416.8,
          "p90": 2893.5,
          "p95": 3011.6,
          "p99": 3011.6,
          "p999": 3011.6
        },
        "browser.page.LCP.https://practice.expandtesting.com/login": {
          "min": 2446.2,
          "max": 9683.3,
          "count": 13,
          "mean": 6599.8,
          "p50": 7709.8,
          "median": 7709.8,
          "p75": 9047.6,
          "p90": 9416.8,
          "p95": 9607.1,
          "p99": 9607.1,
          "p999": 9607.1
        },
        "browser.page.FID.https://practice.expandtesting.com/login": {
          "min": 0.4,
          "max": 2.7,
          "count": 13,
          "mean": 0.9,
          "p50": 0.6,
          "median": 0.6,
          "p75": 0.7,
          "p90": 1.2,
          "p95": 1.9,
          "p99": 1.9,
          "p999": 1.9
        },
        "browser.page.FCP.https://practice.expandtesting.com/login": {
          "min": 7646.3,
          "max": 26276.8,
          "count": 5,
          "mean": 15651,
          "p50": 14621.8,
          "median": 14621.8,
          "p75": 20958.1,
          "p90": 20958.1,
          "p95": 20958.1,
          "p99": 20958.1,
          "p999": 20958.1
        }
      },
      "histograms": {
        "browser.page.INP.https://practice.expandtesting.com/login": {
          "min": 8,
          "max": 24,
          "count": 15,
          "mean": 14.9,
          "p50": 16,
          "median": 16,
          "p75": 16,
          "p90": 16,
          "p95": 16,
          "p99": 16,
          "p999": 16
        },
        "browser.page.CLS.https://practice.expandtesting.com/login": {
          "min": 0.1,
          "max": 0.2,
          "count": 15,
          "mean": 0.1,
          "p50": 0.1,
          "median": 0.1,
          "p75": 0.1,
          "p90": 0.2,
          "p95": 0.2,
          "p99": 0.2,
          "p999": 0.2
        },
        "browser.page.FCP.https://practice.expandtesting.com/secure": {
          "min": 1258.5,
          "max": 2482.3,
          "count": 18,
          "mean": 1821,
          "p50": 1620,
          "median": 1620,
          "p75": 2143.5,
          "p90": 2231,
          "p95": 2322.1,
          "p99": 2322.1,
          "p999": 2322.1
        },
        "vusers.session_length": {
          "min": 8634.4,
          "max": 19893.8,
          "count": 18,
          "mean": 13804.5,
          "p50": 13770.3,
          "median": 13770.3,
          "p75": 15839.7,
          "p90": 16819.2,
          "p95": 18963.6,
          "p99": 18963.6,
          "p999": 18963.6
        },
        "browser.page.TTFB.https://practice.expandtesting.com/login": {
          "min": 697.5,
          "max": 5218.8,
          "count": 13,
          "mean": 1858.5,
          "p50": 1200.1,
          "median": 1200.1,
          "p75": 2416.8,
          "p90": 2893.5,
          "p95": 3011.6,
          "p99": 3011.6,
          "p999": 3011.6
        },
        "browser.page.LCP.https://practice.expandtesting.com/login": {
          "min": 2446.2,
          "max": 9683.3,
          "count": 13,
          "mean": 6599.8,
          "p50": 7709.8,
          "median": 7709.8,
          "p75": 9047.6,
          "p90": 9416.8,
          "p95": 9607.1,
          "p99": 9607.1,
          "p999": 9607.1
        },
        "browser.page.FID.https://practice.expandtesting.com/login": {
          "min": 0.4,
          "max": 2.7,
          "count": 13,
          "mean": 0.9,
          "p50": 0.6,
          "median": 0.6,
          "p75": 0.7,
          "p90": 1.2,
          "p95": 1.9,
          "p99": 1.9,
          "p999": 1.9
        },
        "browser.page.FCP.https://practice.expandtesting.com/login": {
          "min": 7646.3,
          "max": 26276.8,
          "count": 5,
          "mean": 15651,
          "p50": 14621.8,
          "median": 14621.8,
          "p75": 20958.1,
          "p90": 20958.1,
          "p95": 20958.1,
          "p99": 20958.1,
          "p999": 20958.1
        }
      }
    },
    {
      "counters": {
        "browser.page.codes.200": 188,
        "browser.http_requests": 270,
        "browser.page.codes.204": 74,
        "browser.page.codes.302": 12,
        "browser.page.codes.304": 26,
        "vusers.failed": 0,
        "vusers.completed": 5,
        "browser.page.codes.400": 1
      },
      "rates": {},
      "firstCounterAt": 1745342690278,
      "firstHistogramAt": 1745342691412,
      "lastCounterAt": 1745342698834,
      "lastHistogramAt": 1745342698834,
      "firstMetricAt": 1745342690278,
      "lastMetricAt": 1745342698834,
      "period": "1745342690000",
      "summaries": {
        "browser.page.TTFB.https://practice.expandtesting.com/login": {
          "min": 801.4,
          "max": 2170.1,
          "count": 5,
          "mean": 1436.4,
          "p50": 1380.5,
          "median": 1380.5,
          "p75": 1826.6,
          "p90": 1826.6,
          "p95": 1826.6,
          "p99": 1826.6,
          "p999": 1826.6
        },
        "browser.page.LCP.https://practice.expandtesting.com/login": {
          "min": 14707.5,
          "max": 26798.9,
          "count": 5,
          "mean": 21865.8,
          "p50": 20958.1,
          "median": 20958.1,
          "p75": 26115.6,
          "p90": 26115.6,
          "p95": 26115.6,
          "p99": 26115.6,
          "p999": 26115.6
        },
        "browser.page.FID.https://practice.expandtesting.com/login": {
          "min": 0.4,
          "max": 1.8,
          "count": 5,
          "mean": 0.7,
          "p50": 0.5,
          "median": 0.5,
          "p75": 0.6,
          "p90": 0.6,
          "p95": 0.6,
          "p99": 0.6,
          "p999": 0.6
        },
        "browser.page.INP.https://practice.expandtesting.com/login": {
          "min": 16,
          "max": 24,
          "count": 5,
          "mean": 17.6,
          "p50": 16,
          "median": 16,
          "p75": 16,
          "p90": 16,
          "p95": 16,
          "p99": 16,
          "p999": 16
        },
        "browser.page.CLS.https://practice.expandtesting.com/login": {
          "min": 0.1,
          "max": 0.1,
          "count": 5,
          "mean": 0.1,
          "p50": 0.1,
          "median": 0.1,
          "p75": 0.1,
          "p90": 0.1,
          "p95": 0.1,
          "p99": 0.1,
          "p999": 0.1
        },
        "browser.page.FCP.https://practice.expandtesting.com/secure": {
          "min": 886.9,
          "max": 1522.5,
          "count": 5,
          "mean": 1075.6,
          "p50": 1002.4,
          "median": 1002.4,
          "p75": 1043.3,
          "p90": 1043.3,
          "p95": 1043.3,
          "p99": 1043.3,
          "p999": 1043.3
        },
        "vusers.session_length": {
          "min": 21764.7,
          "max": 31240.7,
          "count": 5,
          "mean": 26614.4,
          "p50": 26643.2,
          "median": 26643.2,
          "p75": 30040.3,
          "p90": 30040.3,
          "p95": 30040.3,
          "p99": 30040.3,
          "p999": 30040.3
        },
        "browser.page.FCP.https://practice.expandtesting.com/login": {
          "min": 20510.2,
          "max": 26798.9,
          "count": 2,
          "mean": 23654.5,
          "p50": 20543.1,
          "median": 20543.1,
          "p75": 20543.1,
          "p90": 20543.1,
          "p95": 20543.1,
          "p99": 20543.1,
          "p999": 20543.1
        }
      },
      "histograms": {
        "browser.page.TTFB.https://practice.expandtesting.com/login": {
          "min": 801.4,
          "max": 2170.1,
          "count": 5,
          "mean": 1436.4,
          "p50": 1380.5,
          "median": 1380.5,
          "p75": 1826.6,
          "p90": 1826.6,
          "p95": 1826.6,
          "p99": 1826.6,
          "p999": 1826.6
        },
        "browser.page.LCP.https://practice.expandtesting.com/login": {
          "min": 14707.5,
          "max": 26798.9,
          "count": 5,
          "mean": 21865.8,
          "p50": 20958.1,
          "median": 20958.1,
          "p75": 26115.6,
          "p90": 26115.6,
          "p95": 26115.6,
          "p99": 26115.6,
          "p999": 26115.6
        },
        "browser.page.FID.https://practice.expandtesting.com/login": {
          "min": 0.4,
          "max": 1.8,
          "count": 5,
          "mean": 0.7,
          "p50": 0.5,
          "median": 0.5,
          "p75": 0.6,
          "p90": 0.6,
          "p95": 0.6,
          "p99": 0.6,
          "p999": 0.6
        },
        "browser.page.INP.https://practice.expandtesting.com/login": {
          "min": 16,
          "max": 24,
          "count": 5,
          "mean": 17.6,
          "p50": 16,
          "median": 16,
          "p75": 16,
          "p90": 16,
          "p95": 16,
          "p99": 16,
          "p999": 16
        },
        "browser.page.CLS.https://practice.expandtesting.com/login": {
          "min": 0.1,
          "max": 0.1,
          "count": 5,
          "mean": 0.1,
          "p50": 0.1,
          "median": 0.1,
          "p75": 0.1,
          "p90": 0.1,
          "p95": 0.1,
          "p99": 0.1,
          "p999": 0.1
        },
        "browser.page.FCP.https://practice.expandtesting.com/secure": {
          "min": 886.9,
          "max": 1522.5,
          "count": 5,
          "mean": 1075.6,
          "p50": 1002.4,
          "median": 1002.4,
          "p75": 1043.3,
          "p90": 1043.3,
          "p95": 1043.3,
          "p99": 1043.3,
          "p999": 1043.3
        },
        "vusers.session_length": {
          "min": 21764.7,
          "max": 31240.7,
          "count": 5,
          "mean": 26614.4,
          "p50": 26643.2,
          "median": 26643.2,
          "p75": 30040.3,
          "p90": 30040.3,
          "p95": 30040.3,
          "p99": 30040.3,
          "p999": 30040.3
        },
        "browser.page.FCP.https://practice.expandtesting.com/login": {
          "min": 20510.2,
          "max": 26798.9,
          "count": 2,
          "mean": 23654.5,
          "p50": 20543.1,
          "median": 20543.1,
          "p75": 20543.1,
          "p90": 20543.1,
          "p95": 20543.1,
          "p99": 20543.1,
          "p999": 20543.1
        }
      }
    }
  ]
}