{
  "aggregate": {
    "counters": {
      "vusers.created_by_name.Login Performance Test": 60,
      "vusers.created": 60,
      "browser.page.codes.200": 3096,
      "browser.http_requests": 4063,
      "browser.page.codes.204": 903,
      "browser.page.codes.302": 161,
      "browser.page.codes.304": 313,
      "vusers.failed": 0,
      "vusers.completed": 60,
      "browser.page.codes.307": 1,
      "browser.page.codes.303": 1,
      "browser.page.codes.400": 1
    },
    "rates": {},
    "firstCounterAt": 1745345789621,
    "firstHistogramAt": 1745345791498,
    "lastCounterAt": 1745345824033,
    "lastHistogramAt": 1745345824033,
    "firstMetricAt": 1745345789621,
    "lastMetricAt": 1745345824033,
    "period": 1745345820000,
    "summaries": {
      "browser.page.FCP.https://practice.expandtesting.com/login": {
        "min": 939.3,
        "max": 3100.9,
        "count": 60,
        "mean": 1630.5,
        "p50": 1556.5,
        "median": 1556.5,
        "p75": 1939.5,
        "p90": 2186.8,
        "p95": 2369,
        "p99": 2465.6,
        "p999": 2465.6
      },
      "browser.page.TTFB.https://practice.expandtesting.com/login": {
        "min": 358.8,
        "max": 1525.1,
        "count": 60,
        "mean": 613.7,
        "p50": 550.1,
        "median": 550.1,
        "p75": 658.6,
        "p90": 854.2,
        "p95": 1002.4,
        "p99": 1326.4,
        "p999": 1326.4
      },
      "browser.page.LCP.https://practice.expandtesting.com/login": {
        "min": 939.3,
        "max": 3100.9,
        "count": 60,
        "mean": 1630.5,
        "p50": 1556.5,
        "median": 1556.5,
        "p75": 1939.5,
        "p90": 2186.8,
        "p95": 2369,
        "p99": 2465.6,
        "p999": 2465.6
      },
      "browser.page.FID.https://practice.expandtesting.com/login": {
        "min": 0.4,
        "max": 3.6,
        "count": 60,
        "mean": 0.6,
        "p50": 0.5,
        "median": 0.5,
        "p75": 0.6,
        "p90": 0.6,
        "p95": 0.7,
        "p99": 1.9,
        "p999": 1.9
      },
      "browser.page.INP.https://practice.expandtesting.com/login": {
        "min": 0,
        "max": 32,
        "count": 60,
        "mean": 15.2,
        "p50": 16,
        "median": 16,
        "p75": 16,
        "p90": 16,
        "p95": 23.8,
        "p99": 23.8,
        "p999": 23.8
      },
      "browser.page.CLS.https://practice.expandtesting.com/login": {
        "min": 0.1,
        "max": 0.3,
        "count": 60,
        "mean": 0.1,
        "p50": 0.1,
        "median": 0.1,
        "p75": 0.1,
        "p90": 0.1,
        "p95": 0.2,
        "p99": 0.2,
        "p999": 0.2
      },
      "browser.page.FCP.https://practice.expandtesting.com/secure": {
        "min": 905.2,
        "max": 1851.5,
        "count": 60,
        "mean": 1196.9,
        "p50": 1153.1,
        "median": 1153.1,
        "p75": 1274.3,
        "p90": 1408.4,
        "p95": 1465.9,
        "p99": 1755,
        "p999": 1755
      },
      "vusers.session_length": {
        "min": 4616.6,
        "max": 7927.3,
        "count": 60,
        "mean": 5870,
        "p50": 5598.4,
        "median": 5598.4,
        "p75": 6312.2,
        "p90": 6976.1,
        "p95": 7407.5,
        "p99": 7557.1,
        "p999": 7557.1
      },
      "browser.page.TTFB.https://practice.expandtesting.com/secure": {
        "min": 568.7,
        "max": 596.6,
        "count": 2,
        "mean": 582.7,
        "p50": 572.6,
        "median": 572.6,
        "p75": 572.6,
        "p90": 572.6,
        "p95": 572.6,
        "p99": 572.6,
        "p999": 572.6
      }
    },
    "histograms": {
      "browser.page.FCP.https://practice.expandtesting.com/login": {
        "min": 939.3,
        "max": 3100.9,
        "count": 60,
        "mean": 1630.5,
        "p50": 1556.5,
        "median": 1556.5,
        "p75": 1939.5,
        "p90": 2186.8,
        "p95": 2369,
        "p99": 2465.6,
        "p999": 2465.6
      },
      "browser.page.TTFB.https://practice.expandtesting.com/login": {
        "min": 358.8,
        "max": 1525.1,
        "count": 60,
        "mean": 613.7,
        "p50": 550.1,
        "median": 550.1,
        "p75": 658.6,
        "p90": 854.2,
        "p95": 1002.4,
        "p99": 1326.4,
        "p999": 1326.4
      },
      "browser.page.LCP.https://practice.expandtesting.com/login": {
        "min": 939.3,
        "max": 3100.9,
        "count": 60,
        "mean": 1630.5,
        "p50": 1556.5,
        "median": 1556.5,
        "p75": 1939.5,
        "p90": 2186.8,
        "p95": 2369,
        "p99": 2465.6,
        "p999": 2465.6
      },
      "browser.page.FID.https://practice.expandtesting.com/login": {
        "min": 0.4,
        "max": 3.6,
        "count": 60,
        "mean": 0.6,
        "p50": 0.5,
        "median": 0.5,
        "p75": 0.6,
        "p90": 0.6,
        "p95": 0.7,
        "p99": 1.9,
        "p999": 1.9
      },
      "browser.page.INP.https://practice.expandtesting.com/login": {
        "min": 0,
        "max": 32,
        "count": 60,
        "mean": 15.2,
        "p50": 16,
        "median": 16,
        "p75": 16,
        "p90": 16,
        "p95": 23.8,
        "p99": 23.8,
        "p999": 23.8
      },
      "browser.page.CLS.https://practice.expandtesting.com/login": {
        "min": 0.1,
        "max": 0.3,
        "count": 60,
        "mean": 0.1,
        "p50": 0.1,
        "median": 0.1,
        "p75": 0.1,
        "p90": 0.1,
        "p95": 0.2,
        "p99": 0.2,
        "p999": 0.2
      },
      "browser.page.FCP.https://practice.expandtesting.com/secure": {
        "min": 905.2,
        "max": 1851.5,
        "count": 60,
        "mean": 1196.9,
        "p50": 1153.1,
        "median": 1153.1,
        "p75": 1274.3,
        "p90": 1408.4,
        "p95": 1465.9,
        "p99": 1755,
        "p999": 1755
      },
      "vusers.session_length": {
        "min": 4616.6,
        "max": 7927.3,
        "count": 60,
        "mean": 5870,
        "p50": 5598.4,
        "median": 5598.4,
        "p75": 6312.2,
        "p90": 6976.1,
        "p95": 7407.5,
        "p99": 7557.1,
        "p999": 7557.1
      },
      "browser.page.TTFB.https://practice.expandtesting.com/secure": {
        "min": 568.7,
        "max": 596.6,
        "count": 2,
        "mean": 582.7,
        "p50": 572.6,
        "median": 572.6,
        "p75": 572.6,
        "p90": 572.6,
        "p95": 572.6,
        "p99": 572.6,
        "p999": 572.6
      }
    }
  },
  "intermediate": [
    {
      "counters": {
        "vusers.created_by_name.Login Performance Test": 2,
        "vusers.created": 2
      },
      "rates": {},
      "firstCounterAt": 1745345789621,
      "lastCounterAt": 1745345789672,
      "firstMetricAt": 1745345789621,
      "lastMetricAt": 1745345789672,
      "period": "1745345780000",
      "summaries": {},
      "histograms": {}
    },
    {
      "counters": {
        "browser.page.codes.200": 856,
        "browser.http_requests": 1076,
        "vusers.created_by_name.Login Performance Test": 20,
        "vusers.created": 20,
        "browser.page.codes.204": 223,
        "browser.page.codes.302": 50,
        "browser.page.codes.304": 61,
        "vusers.failed": 0,
        "vusers.completed": 10,
        "browser.page.codes.307": 1
      },
      "rates": {},
      "firstCounterAt": 1745345790454,
      "firstHistogramAt": 1745345791498,
      "lastCounterAt": 1745345799999,
      "lastHistogramAt": 1745345799929,
      "firstMetricAt": 1745345790454,
      "lastMetricAt": 1745345799999,
      "period": "1745345790000",
      "summaries": {
        "browser.page.FCP.https://practice.expandtesting.com/login": {
          "min": 985.1,
          "max": 1643.1,
          "count": 18,
          "mean": 1264.3,
          "p50": 1176.4,
          "median": 1176.4,
          "p75": 1436.8,
          "p90": 1587.9,
          "p95": 1620,
          "p99": 1620,
          "p999": 1620
        },
        "browser.page.TTFB.https://practice.expandtesting.com/login": {
          "min": 358.8,
          "max": 587.9,
          "count": 16,
          "mean": 458.8,
          "p50": 459.5,
          "median": 459.5,
          "p75": 507.8,
          "p90": 518.1,
          "p95": 550.1,
          "p99": 550.1,
          "p999": 550.1
        },
        "browser.page.LCP.https://practice.expandtesting.com/login": {
          "min": 985.1,
          "max": 1643.1,
          "count": 15,
          "mean": 1288.5,
          "p50": 1249.1,
          "median": 1249.1,
          "p75": 1436.8,
          "p90": 1587.9,
          "p95": 1620,
          "p99": 1620,
          "p999": 1620
        },
        "browser.page.FID.https://practice.expandtesting.com/login": {
          "min": 0.4,
          "max": 1.9,
          "count": 15,
          "mean": 0.6,
          "p50": 0.5,
          "median": 0.5,
          "p75": 0.5,
          "p90": 0.6,
          "p95": 0.7,
          "p99": 0.7,
          "p999": 0.7
        },
        "browser.page.INP.https://practice.expandtesting.com/login": {
          "min": 0,
          "max": 16,
          "count": 12,
          "mean": 13.3,
          "p50": 16,
          "median": 16,
          "p75": 16,
          "p90": 16,
          "p95": 16,
          "p99": 16,
          "p999": 16
        },
        "browser.page.CLS.https://practice.expandtesting.com/login": {
          "min": 0.1,
          "max": 0.3,
          "count": 12,
          "mean": 0.1,
          "p50": 0.1,
          "median": 0.1,
          "p75": 0.1,
          "p90": 0.1,
          "p95": 0.1,
          "p99": 0.1,
          "p999": 0.1
        },
        "browser.page.FCP.https://practice.expandtesting.com/secure": {
          "min": 1014.3,
          "max": 1251.3,
          "count": 12,
          "mean": 1135.1,
          "p50": 1130.2,
          "median": 1130.2,
          "p75": 1176.4,
          "p90": 1200.1,
          "p95": 1200.1,
          "p99": 1200.1,
          "p999": 1200.1
        },
        "vusers.session_length": {
          "min": 4616.6,
          "max": 5852.3,
          "count": 10,
          "mean": 5182,
          "p50": 4965.3,
          "median": 4965.3,
          "p75": 5598.4,
          "p90": 5598.4,
          "p95": 5598.4,
          "p99": 5598.4,
          "p999": 5598.4
        }
      },
      "histograms": {
        "browser.page.FCP.https://practice.expandtesting.com/login": {
          "min": 985.1,
          "max": 1643.1,
          "count": 18,
          "mean": 1264.3,
          "p50": 1176.4,
          "median": 1176.4,
          "p75": 1436.8,
          "p90": 1587.9,
          "p95": 1620,
          "p99": 1620,
          "p999": 1620
        },
        "browser.page.TTFB.https://practice.expandtesting.com/login": {
          "min": 358.8,
          "max": 587.9,
          "count": 16,
          "mean": 458.8,
          "p50": 459.5,
          "median": 459.5,
          "p75": 507.8,
          "p90": 518.1,
          "p95": 550.1,
          "p99": 550.1,
          "p999": 550.1
        },
        "browser.page.LCP.https://practice.expandtesting.com/login": {
          "min": 985.1,
          "max": 1643.1,
          "count": 15,
          "mean": 1288.5,
          "p50": 1249.1,
          "median": 1249.1,
          "p75": 1436.8,
          "p90": 1587.9,
          "p95": 1620,
          "p99": 1620,
          "p999": 1620
        },
        "browser.page.FID.https://practice.expandtesting.com/login": {
          "min": 0.4,
          "max": 1.9,
          "count": 15,
          "mean": 0.6,
          "p50": 0.5,
          "median": 0.5,
          "p75": 0.5,
          "p90": 0.6,
          "p95": 0.7,
          "p99": 0.7,
          "p999": 0.7
        },
        "browser.page.INP.https://practice.expandtesting.com/login": {
          "min": 0,
          "max": 16,
          "count": 12,
          "mean": 13.3,
          "p50": 16,
          "median": 16,
          "p75": 16,
          "p90": 16,
          "p95": 16,
          "p99": 16,
          "p999": 16
        },
        "browser.page.CLS.https://practice.expandtesting.com/login": {
          "min": 0.1,
          "max": 0.3,
          "count": 12,
          "mean": 0.1,
          "p50": 0.1,
          "median": 0.1,
          "p75": 0.1,
          "p90": 0.1,
          "p95": 0.1,
          "p99": 0.1,
          "p999": 0.1
        },
        "browser.page.FCP.https://practice.expandtesting.com/secure": {
          "min": 1014.3,
          "max": 1251.3,
          "count": 12,
          "mean": 1135.1,
          "p50": 1130.2,
          "median": 1130.2,
          "p75": 1176.4,
          "p90": 1200.1,
          "p95": 1200.1,
          "p99": 1200.1,
          "p999": 1200.1
        },
        "vusers.session_length": {
          "min": 4616.6,
          "max": 5852.3,
          "count": 10,
          "mean": 5182,
          "p50": 4965.3,
          "median": 4965.3,
          "p75": 5598.4,
          "p90": 5598.4,
          "p95": 5598.4,
          "p99": 5598.4,
          "p999": 5598.4
        }
      }
    },
    {
      "counters": {
        "browser.page.codes.200": 921,
        "browser.http_requests": 1197,
        "browser.page.codes.204": 262,
        "browser.page.codes.304": 91,
        "vusers.failed": 0,
        "vusers.completed": 18,
        "browser.page.codes.302": 36,
        "vusers.created_by_name.Login Performance Test": 20,
        "vusers.created": 20
      },
      "rates": {},
      "firstCounterAt": 1745345800009,
      "firstHistogramAt": 1745345800030,
      "lastCounterAt": 1745345809992,
      "lastHistogramAt": 1745345809996,
      "firstMetricAt": 1745345800009,
      "lastMetricAt": 1745345809996,
      "period": "1745345800000",
      "summaries": {
        "browser.page.FCP.https://practice.expandtesting.com/login": {
          "min": 1313.1,
          "max": 3100.9,
          "count": 20,
          "mean": 1793.3,
          "p50": 1755,
          "median": 1755,
          "p75": 2018.7,
          "p90": 2186.8,
          "p95": 2369,
          "p99": 2369,
          "p999": 2369
        },
        "browser.page.INP.https://practice.expandtesting.com/login": {
          "min": 0,
          "max": 32,
          "count": 20,
          "mean": 15.2,
          "p50": 16,
          "median": 16,
          "p75": 16,
          "p90": 16,
          "p95": 23.8,
          "p99": 23.8,
          "p999": 23.8
        },
        "browser.page.CLS.https://practice.expandtesting.com/login": {
          "min": 0.1,
          "max": 0.2,
          "count": 20,
          "mean": 0.1,
          "p50": 0.1,
          "median": 0.1,
          "p75": 0.1,
          "p90": 0.1,
          "p95": 0.1,
          "p99": 0.1,
          "p999": 0.1
        },
        "vusers.session_length": {
          "min": 4863,
          "max": 7633.4,
          "count": 18,
          "mean": 5859.2,
          "p50": 5598.4,
          "median": 5598.4,
          "p75": 6064.7,
          "p90": 6838,
          "p95": 7117,
          "p99": 7117,
          "p999": 7117
        },
        "browser.page.LCP.https://practice.expandtesting.com/login": {
          "min": 1093.2,
          "max": 3100.9,
          "count": 18,
          "mean": 1695.4,
          "p50": 1495.5,
          "median": 1495.5,
          "p75": 2018.7,
          "p90": 2101.1,
          "p95": 2186.8,
          "p99": 2186.8,
          "p999": 2186.8
        },
        "browser.page.FID.https://practice.expandtesting.com/login": {
          "min": 0.4,
          "max": 0.7,
          "count": 18,
          "mean": 0.5,
          "p50": 0.5,
          "median": 0.5,
          "p75": 0.6,
          "p90": 0.6,
          "p95": 0.7,
          "p99": 0.7,
          "p999": 0.7
        },
        "browser.page.TTFB.https://practice.expandtesting.com/login": {
          "min": 463.7,
          "max": 1525.1,
          "count": 19,
          "mean": 710.3,
          "p50": 572.6,
          "median": 572.6,
          "p75": 742.6,
          "p90": 1064.4,
          "p95": 1326.4,
          "p99": 1326.4,
          "p999": 1326.4
        },
        "browser.page.FCP.https://practice.expandtesting.com/secure": {
          "min": 1065,
          "max": 1851.5,
          "count": 18,
          "mean": 1282.2,
          "p50": 1224.4,
          "median": 1224.4,
          "p75": 1300.1,
          "p90": 1408.4,
          "p95": 1755,
          "p99": 1755,
          "p999": 1755
        }
      },
      "histograms": {
        "browser.page.FCP.https://practice.expandtesting.com/login": {
          "min": 1313.1,
          "max": 3100.9,
          "count": 20,
          "mean": 1793.3,
          "p50": 1755,
          "median": 1755,
          "p75": 2018.7,
          "p90": 2186.8,
          "p95": 2369,
          "p99": 2369,
          "p999": 2369
        },
        "browser.page.INP.https://practice.expandtesting.com/login": {
          "min": 0,
          "max": 32,
          "count": 20,
          "mean": 15.2,
          "p50": 16,
          "median": 16,
          "p75": 16,
          "p90": 16,
          "p95": 23.8,
          "p99": 23.8,
          "p999": 23.8
        },
        "browser.page.CLS.https://practice.expandtesting.com/login": {
          "min": 0.1,
          "max": 0.2,
          "count": 20,
          "mean": 0.1,
          "p50": 0.1,
          "median": 0.1,
          "p75": 0.1,
          "p90": 0.1,
          "p95": 0.1,
          "p99": 0.1,
          "p999": 0.1
        },
        "vusers.session_length": {
          "min": 4863,
          "max": 7633.4,
          "count": 18,
          "mean": 5859.2,
          "p50": 5598.4,
          "median": 5598.4,
          "p75": 6064.7,
          "p90": 6838,
          "p95": 7117,
          "p99": 7117,
          "p999": 7117
        },
        "browser.page.LCP.https://practice.expandtesting.com/login": {
          "min": 1093.2,
          "max": 3100.9,
          "count": 18,
          "mean": 1695.4,
          "p50": 1495.5,
          "median": 1495.5,
          "p75": 2018.7,
          "p90": 2101.1,
          "p95": 2186.8,
          "p99": 2186.8,
          "p999": 2186.8
        },
        "browser.page.FID.https://practice.expandtesting.com/login": {
          "min": 0.4,
          "max": 0.7,
          "count": 18,
          "mean": 0.5,
          "p50": 0.5,
          "median": 0.5,
          "p75": 0.6,
          "p90": 0.6,
          "p95": 0.7,
          "p99": 0.7,
          "p999": 0.7
        },
        "browser.page.TTFB.https://practice.expandtesting.com/login": {
          "min": 463.7,
          "max": 1525.1,
          "count": 19,
          "mean": 710.3,
          "p50": 572.6,
          "median": 572.6,
          "p75": 742.6,
          "p90": 1064.4,
          "p95": 1326.4,
          "p99": 1326.4,
          "p999": 1326.4
        },
        "browser.page.FCP.https://practice.expandtesting.com/secure": {
          "min": 1065,
          "max": 1851.5,
          "count": 18,
          "mean": 1282.2,
          "p50": 1224.4,
          "median": 1224.4,
          "p75": 1300.1,
          "p90": 1408.4,
          "p95": 1755,
          "p99": 1755,
          "p999": 1755
        }
      }
    },
    {
      "counters": {
        "browser.page.codes.200": 985,
        "browser.http_requests": 1297,
        "browser.page.codes.204": 283,
        "browser.page.codes.304": 101,
        "browser.page.codes.302": 55,
        "vusers.created_by_name.Login Performance Test": 18,
        "vusers.created": 18,
        "vusers.failed": 0,
        "vusers.completed": 22,
        "browser.page.codes.303": 1,
        "browser.page.codes.400": 1
      },
      "rates": {},
      "firstCounterAt": 1745345810004,
      "firstHistogramAt": 1745345810012,
      "lastCounterAt": 1745345819977,
      "lastHistogramAt": 1745345819777,
      "firstMetricAt": 1745345810004,
      "lastMetricAt": 1745345819977,
      "period": "1745345810000",
      "summaries": {
        "browser.page.TTFB.https://practice.expandtesting.com/login": {
          "min": 451.3,
          "max": 873.4,
          "count": 17,
          "mean": 636,
          "p50": 596,
          "median": 596,
          "p75": 685.5,
          "p90": 837.3,
          "p95": 854.2,
          "p99": 854.2,
          "p999": 854.2
        },
        "browser.page.FCP.https://practice.expandtesting.com/login": {
          "min": 939.3,
          "max": 2485.9,
          "count": 20,
          "mean": 1756.1,
          "p50": 1652.8,
          "median": 1652.8,
          "p75": 2059.5,
          "p90": 2231,
          "p95": 2416.8,
          "p99": 2416.8,
          "p999": 2416.8
        },
        "browser.page.LCP.https://practice.expandtesting.com/login": {
          "min": 939.3,
          "max": 2375.3,
          "count": 19,
          "mean": 1697.3,
          "p50": 1652.8,
          "median": 1652.8,
          "p75": 1901.1,
          "p90": 2186.8,
          "p95": 2231,
          "p99": 2231,
          "p999": 2231
        },
        "browser.page.FID.https://practice.expandtesting.com/login": {
          "min": 0.4,
          "max": 3.6,
          "count": 19,
          "mean": 0.7,
          "p50": 0.5,
          "median": 0.5,
          "p75": 0.6,
          "p90": 0.6,
          "p95": 0.6,
          "p99": 0.6,
          "p999": 0.6
        },
        "browser.page.FCP.https://practice.expandtesting.com/secure": {
          "min": 998.6,
          "max": 1490.5,
          "count": 20,
          "mean": 1240.1,
          "p50": 1249.1,
          "median": 1249.1,
          "p75": 1326.4,
          "p90": 1436.8,
          "p95": 1465.9,
          "p99": 1465.9,
          "p999": 1465.9
        },
        "vusers.session_length": {
          "min": 5258.7,
          "max": 7927.3,
          "count": 22,
          "mean": 6072.2,
          "p50": 5944.6,
          "median": 5944.6,
          "p75": 6439.7,
          "p90": 6976.1,
          "p95": 7117,
          "p99": 7407.5,
          "p999": 7407.5
        },
        "browser.page.INP.https://practice.expandtesting.com/login": {
          "min": 8,
          "max": 24,
          "count": 18,
          "mean": 16,
          "p50": 16,
          "median": 16,
          "p75": 16,
          "p90": 16,
          "p95": 16,
          "p99": 16,
          "p999": 16
        },
        "browser.page.CLS.https://practice.expandtesting.com/login": {
          "min": 0.1,
          "max": 0.1,
          "count": 18,
          "mean": 0.1,
          "p50": 0.1,
          "median": 0.1,
          "p75": 0.1,
          "p90": 0.1,
          "p95": 0.1,
          "p99": 0.1,
          "p999": 0.1
        }
      },
      "histograms": {
        "browser.page.TTFB.https://practice.expandtesting.com/login": {
          "min": 451.3,
          "max": 873.4,
          "count": 17,
          "mean": 636,
          "p50": 596,
          "median": 596,
          "p75": 685.5,
          "p90": 837.3,
          "p95": 854.2,
          "p99": 854.2,
          "p999": 854.2
        },
        "browser.page.FCP.https://practice.expandtesting.com/login": {
          "min": 939.3,
          "max": 2485.9,
          "count": 20,
          "mean": 1756.1,
          "p50": 1652.8,
          "median": 1652.8,
          "p75": 2059.5,
          "p90": 2231,
          "p95": 2416.8,
          "p99": 2416.8,
          "p999": 2416.8
        },
        "browser.page.LCP.https://practice.expandtesting.com/login": {
          "min": 939.3,
          "max": 2375.3,
          "count": 19,
          "mean": 1697.3,
          "p50": 1652.8,
          "median": 1652.8,
          "p75": 1901.1,
          "p90": 2186.8,
          "p95": 2231,
          "p99": 2231,
          "p999": 2231
        },
        "browser.page.FID.https://practice.expandtesting.com/login": {
          "min": 0.4,
          "max": 3.6,
          "count": 19,
          "mean": 0.7,
          "p50": 0.5,
          "median": 0.5,
          "p75": 0.6,
          "p90": 0.6,
          "p95": 0.6,
          "p99": 0.6,
          "p999": 0.6
        },
        "browser.page.FCP.https://practice.expandtesting.com/secure": {
          "min": 998.6,
          "max": 1490.5,
          "count": 20,
          "mean": 1240.1,
          "p50": 1249.1,
          "median": 1249.1,
          "p75": 1326.4,
          "p90": 1436.8,
          "p95": 1465.9,
          "p99": 1465.9,
          "p999": 1465.9
        },
        "vusers.session_length": {
          "min": 5258.7,
          "max": 7927.3,
          "count": 22,
          "mean": 6072.2,
          "p50": 5944.6,
          "median": 5944.6,
          "p75": 6439.7,
          "p90": 6976.1,
          "p95": 7117,
          "p99": 7407.5,
          "p999": 7407.5
        },
        "browser.page.INP.https://practice.expandtesting.com/login": {
          "min": 8,
          "max": 24,
          "count": 18,
          "mean": 16,
          "p50": 16,
          "median": 16,
          "p75": 16,
          "p90": 16,
          "p95": 16,
          "p99": 16,
          "p999": 16
        },
        "browser.page.CLS.https://practice.expandtesting.com/login": {
          "min": 0.1,
          "max": 0.1,
          "count": 18,
          "mean": 0.1,
          "p50": 0.1,
          "median": 0.1,
          "p75": 0.1,
          "p90": 0.1,
          "p95": 0.1,
          "p99": 0.1,
          "p999": 0.1
        }
      }
    },
    {
      "counters": {
        "browser.page.codes.204": 135,
        "browser.page.codes.302": 20,
        "browser.http_requests": 493,
        "browser.page.codes.200": 334,
        "browser.page.codes.304": 60,
        "vusers.failed": 0,
        "vusers.completed": 10
      },
      "rates": {},
      "firstCounterAt": 1745345820011,
      "firstHistogramAt": 1745345820043,
      "lastCounterAt": 1745345824033,
      "lastHistogramAt": 1745345824033,
      "firstMetricAt": 1745345820011,
      "lastMetricAt": 1745345824033,
      "period": "1745345820000",
      "summaries": {
        "browser.page.TTFB.https://practice.expandtesting.com/login": {
          "min": 479.5,
          "max": 1003.6,
          "count": 8,
          "mean": 647,
          "p50": 584.2,
          "median": 584.2,
          "p75": 632.8,
          "p90": 757.6,
          "p95": 757.6,
          "p99": 757.6,
          "p999": 757.6
        },
        "browser.page.LCP.https://practice.expandtesting.com/login": {
          "min": 1617.3,
          "max": 2485.9,
          "count": 8,
          "mean": 1966.7,
          "p50": 1826.6,
          "median": 1826.6,
          "p75": 2101.1,
          "p90": 2416.8,
          "p95": 2416.8,
          "p99": 2416.8,
          "p999": 2416.8
        },
        "browser.page.FID.https://practice.expandtesting.com/login": {
          "min": 0.4,
          "max": 0.6,
          "count": 8,
          "mean": 0.5,
          "p50": 0.5,
          "median": 0.5,
          "p75": 0.6,
          "p90": 0.6,
          "p95": 0.6,
          "p99": 0.6,
          "p999": 0.6
        },
        "browser.page.FCP.https://practice.expandtesting.com/login": {
          "min": 2002.6,
          "max": 2081.1,
          "count": 2,
          "mean": 2041.8,
          "p50": 2018.7,
          "median": 2018.7,
          "p75": 2018.7,
          "p90": 2018.7,
          "p95": 2018.7,
          "p99": 2018.7,
          "p999": 2018.7
        },
        "browser.page.INP.https://practice.expandtesting.com/login": {
          "min": 8,
          "max": 24,
          "count": 10,
          "mean": 16,
          "p50": 16,
          "median": 16,
          "p75": 16,
          "p90": 16,
          "p95": 16,
          "p99": 16,
          "p999": 16
        },
        "browser.page.CLS.https://practice.expandtesting.com/login": {
          "min": 0.1,
          "max": 0.2,
          "count": 10,
          "mean": 0.1,
          "p50": 0.1,
          "median": 0.1,
          "p75": 0.1,
          "p90": 0.2,
          "p95": 0.2,
          "p99": 0.2,
          "p999": 0.2
        },
        "browser.page.FCP.https://practice.expandtesting.com/secure": {
          "min": 905.2,
          "max": 1423.8,
          "count": 10,
          "mean": 1031.1,
          "p50": 963.1,
          "median": 963.1,
          "p75": 963.1,
          "p90": 1300.1,
          "p95": 1300.1,
          "p99": 1300.1,
          "p999": 1300.1
        },
        "vusers.session_length": {
          "min": 5315.6,
          "max": 7395.4,
          "count": 10,
          "mean": 6132.6,
          "p50": 6187.2,
          "median": 6187.2,
          "p75": 6312.2,
          "p90": 6976.1,
          "p95": 6976.1,
          "p99": 6976.1,
          "p999": 6976.1
        },
        "browser.page.TTFB.https://practice.expandtesting.com/secure": {
          "min": 568.7,
          "max": 596.6,
          "count": 2,
          "mean": 582.7,
          "p50": 572.6,
          "median": 572.6,
          "p75": 572.6,
          "p90": 572.6,
          "p95": 572.6,
          "p99": 572.6,
          "p999": 572.6
        }
      },
      "histograms": {
        "browser.page.TTFB.https://practice.expandtesting.com/login": {
          "min": 479.5,
          "max": 1003.6,
          "count": 8,
          "mean": 647,
          "p50": 584.2,
          "median": 584.2,
          "p75": 632.8,
          "p90": 757.6,
          "p95": 757.6,
          "p99": 757.6,
          "p999": 757.6
        },
        "browser.page.LCP.https://practice.expandtesting.com/login": {
          "min": 1617.3,
          "max": 2485.9,
          "count": 8,
          "mean": 1966.7,
          "p50": 1826.6,
          "median": 1826.6,
          "p75": 2101.1,
          "p90": 2416.8,
          "p95": 2416.8,
          "p99": 2416.8,
          "p999": 2416.8
        },
        "browser.page.FID.https://practice.expandtesting.com/login": {
          "min": 0.4,
          "max": 0.6,
          "count": 8,
          "mean": 0.5,
          "p50": 0.5,
          "median": 0.5,
          "p75": 0.6,
          "p90": 0.6,
          "p95": 0.6,
          "p99": 0.6,
          "p999": 0.6
        },
        "browser.page.FCP.https://practice.expandtesting.com/login": {
          "min": 2002.6,
          "max": 2081.1,
          "count": 2,
          "mean": 2041.8,
          "p50": 2018.7,
          "median": 2018.7,
          "p75": 2018.7,
          "p90": 2018.7,
          "p95": 2018.7,
          "p99": 2018.7,
          "p999": 2018.7
        },
        "browser.page.INP.https://practice.expandtesting.com/login": {
          "min": 8,
          "max": 24,
          "count": 10,
          "mean": 16,
          "p50": 16,
          "median": 16,
          "p75": 16,
          "p90": 16,
          "p95": 16,
          "p99": 16,
          "p999": 16
        },
        "browser.page.CLS.https://practice.expandtesting.com/login": {
          "min": 0.1,
          "max": 0.2,
          "count": 10,
          "mean": 0.1,
          "p50": 0.1,
          "median": 0.1,
          "p75": 0.1,
          "p90": 0.2,
          "p95": 0.2,
          "p99": 0.2,
          "p999": 0.2
        },
        "browser.page.FCP.https://practice.expandtesting.com/secure": {
          "min": 905.2,
          "max": 1423.8,
          "count": 10,
          "mean": 1031.1,
          "p50": 963.1,
          "median": 963.1,
          "p75": 963.1,
          "p90": 1300.1,
          "p95": 1300.1,
          "p99": 1300.1,
          "p999": 1300.1
        },
        "vusers.session_length": {
          "min": 5315.6,
          "max": 7395.4,
          "count": 10,
          "mean": 6132.6,
          "p50": 6187.2,
          "median": 6187.2,
          "p75": 6312.2,
          "p90": 6976.1,
          "p95": 6976.1,
          "p99": 6976.1,
          "p999": 6976.1
        },
        "browser.page.TTFB.https://practice.expandtesting.com/secure": {
          "min": 568.7,
          "max": 596.6,
          "count": 2,
          "mean": 582.7,
          "p50": 572.6,
          "median": 572.6,
          "p75": 572.6,
          "p90": 572.6,
          "p95": 572.6,
          "p99": 572.6,
          "p999": 572.6
        }
      }
    }
  ]
}