{
  "aggregate": {
    "counters": {
      "vusers.created_by_name.Login Performance Test": 60,
      "vusers.created": 60,
      "browser.page.codes.200": 2888,
      "browser.http_requests": 3737,
      "browser.page.codes.204": 920,
      "browser.page.codes.302": 152,
      "browser.page.codes.304": 248,
      "vusers.failed": 0,
      "vusers.completed": 60,
      "browser.page.codes.303": 2,
      "browser.page.codes.307": 1
    },
    "rates": {},
    "firstCounterAt": 1745344663955,
    "firstHistogramAt": 1745344665482,
    "lastCounterAt": 1745344702115,
    "lastHistogramAt": 1745344702115,
    "firstMetricAt": 1745344663955,
    "lastMetricAt": 1745344702115,
    "period": 1745344700000,
    "summaries": {
      "browser.page.FCP.https://practice.expandtesting.com/login": {
        "min": 865,
        "max": 8009.3,
        "count": 60,
        "mean": 3550,
        "p50": 3534.1,
        "median": 3534.1,
        "p75": 4316.6,
        "p90": 4676.2,
        "p95": 4965.3,
        "p99": 7407.5,
        "p999": 7407.5
      },
      "browser.page.TTFB.https://practice.expandtesting.com/login": {
        "min": 459.8,
        "max": 2303.6,
        "count": 60,
        "mean": 1047.3,
        "p50": 925.4,
        "median": 925.4,
        "p75": 1224.4,
        "p90": 1587.9,
        "p95": 1826.6,
        "p99": 2231,
        "p999": 2231
      },
      "browser.page.LCP.https://practice.expandtesting.com/login": {
        "min": 865,
        "max": 8009.3,
        "count": 60,
        "mean": 3550,
        "p50": 3534.1,
        "median": 3534.1,
        "p75": 4316.6,
        "p90": 4676.2,
        "p95": 4965.3,
        "p99": 7407.5,
        "p999": 7407.5
      },
      "browser.page.FID.https://practice.expandtesting.com/login": {
        "min": 0.3,
        "max": 2.6,
        "count": 60,
        "mean": 0.6,
        "p50": 0.5,
        "median": 0.5,
        "p75": 0.6,
        "p90": 0.8,
        "p95": 0.8,
        "p99": 1.2,
        "p999": 1.2
      },
      "browser.page.INP.https://practice.expandtesting.com/login": {
        "min": 8,
        "max": 32,
        "count": 60,
        "mean": 16.4,
        "p50": 16,
        "median": 16,
        "p75": 16,
        "p90": 16,
        "p95": 32.1,
        "p99": 32.1,
        "p999": 32.1
      },
      "browser.page.CLS.https://practice.expandtesting.com/login": {
        "min": 0.1,
        "max": 0.3,
        "count": 60,
        "mean": 0.1,
        "p50": 0.1,
        "median": 0.1,
        "p75": 0.1,
        "p90": 0.2,
        "p95": 0.2,
        "p99": 0.3,
        "p999": 0.3
      },
      "browser.page.FCP.https://practice.expandtesting.com/secure": {
        "min": 879.2,
        "max": 4063.2,
        "count": 60,
        "mean": 1695.2,
        "p50": 1587.9,
        "median": 1587.9,
        "p75": 1901.1,
        "p90": 2566.3,
        "p95": 2618.1,
        "p99": 3395.5,
        "p999": 3395.5
      },
      "vusers.session_length": {
        "min": 4915.1,
        "max": 14452.9,
        "count": 60,
        "mean": 10254.4,
        "p50": 10407.3,
        "median": 10407.3,
        "p75": 11274.1,
        "p90": 12968.3,
        "p95": 13770.3,
        "p99": 14332.3,
        "p999": 14332.3
      },
      "browser.page.TTFB.https://practice.expandtesting.com/secure": {
        "min": 560.3,
        "max": 657.5,
        "count": 2,
        "mean": 608.9,
        "p50": 561.2,
        "median": 561.2,
        "p75": 561.2,
        "p90": 561.2,
        "p95": 561.2,
        "p99": 561.2,
        "p999": 561.2
      }
    },
    "histograms": {
      "browser.page.FCP.https://practice.expandtesting.com/login": {
        "min": 865,
        "max": 8009.3,
        "count": 60,
        "mean": 3550,
        "p50": 3534.1,
        "median": 3534.1,
        "p75": 4316.6,
        "p90": 4676.2,
        "p95": 4965.3,
        "p99": 7407.5,
        "p999": 7407.5
      },
      "browser.page.TTFB.https://practice.expandtesting.com/login": {
        "min": 459.8,
        "max": 2303.6,
        "count": 60,
        "mean": 1047.3,
        "p50": 925.4,
        "median": 925.4,
        "p75": 1224.4,
        "p90": 1587.9,
        "p95": 1826.6,
        "p99": 2231,
        "p999": 2231
      },
      "browser.page.LCP.https://practice.expandtesting.com/login": {
        "min": 865,
        "max": 8009.3,
        "count": 60,
        "mean": 3550,
        "p50": 3534.1,
        "median": 3534.1,
        "p75": 4316.6,
        "p90": 4676.2,
        "p95": 4965.3,
        "p99": 7407.5,
        "p999": 7407.5
      },
      "browser.page.FID.https://practice.expandtesting.com/login": {
        "min": 0.3,
        "max": 2.6,
        "count": 60,
        "mean": 0.6,
        "p50": 0.5,
        "median": 0.5,
        "p75": 0.6,
        "p90": 0.8,
        "p95": 0.8,
        "p99": 1.2,
        "p999": 1.2
      },
      "browser.page.INP.https://practice.expandtesting.com/login": {
        "min": 8,
        "max": 32,
        "count": 60,
        "mean": 16.4,
        "p50": 16,
        "median": 16,
        "p75": 16,
        "p90": 16,
        "p95": 32.1,
        "p99": 32.1,
        "p999": 32.1
      },
      "browser.page.CLS.https://practice.expandtesting.com/login": {
        "min": 0.1,
        "max": 0.3,
        "count": 60,
        "mean": 0.1,
        "p50": 0.1,
        "median": 0.1,
        "p75": 0.1,
        "p90": 0.2,
        "p95": 0.2,
        "p99": 0.3,
        "p999": 0.3
      },
      "browser.page.FCP.https://practice.expandtesting.com/secure": {
        "min": 879.2,
        "max": 4063.2,
        "count": 60,
        "mean": 1695.2,
        "p50": 1587.9,
        "median": 1587.9,
        "p75": 1901.1,
        "p90": 2566.3,
        "p95": 2618.1,
        "p99": 3395.5,
        "p999": 3395.5
      },
      "vusers.session_length": {
        "min": 4915.1,
        "max": 14452.9,
        "count": 60,
        "mean": 10254.4,
        "p50": 10407.3,
        "median": 10407.3,
        "p75": 11274.1,
        "p90": 12968.3,
        "p95": 13770.3,
        "p99": 14332.3,
        "p999": 14332.3
      },
      "browser.page.TTFB.https://practice.expandtesting.com/secure": {
        "min": 560.3,
        "max": 657.5,
        "count": 2,
        "mean": 608.9,
        "p50": 561.2,
        "median": 561.2,
        "p75": 561.2,
        "p90": 561.2,
        "p95": 561.2,
        "p99": 561.2,
        "p999": 561.2
      }
    }
  },
  "intermediate": [
    {
      "counters": {
        "vusers.created_by_name.Login Performance Test": 13,
        "vusers.created": 13,
        "browser.page.codes.200": 263,
        "browser.http_requests": 307,
        "browser.page.codes.204": 54,
        "browser.page.codes.302": 9,
        "browser.page.codes.304": 13,
        "vusers.failed": 0,
        "vusers.completed": 2
      },
      "rates": {},
      "firstCounterAt": 1745344663955,
      "firstHistogramAt": 1745344665482,
      "lastCounterAt": 1745344669987,
      "lastHistogramAt": 1745344669921,
      "firstMetricAt": 1745344663955,
      "lastMetricAt": 1745344669987,
      "period": "1745344660000",
      "summaries": {
        "browser.page.FCP.https://practice.expandtesting.com/login": {
          "min": 865,
          "max": 1781.8,
          "count": 8,
          "mean": 1261.4,
          "p50": 1085.9,
          "median": 1085.9,
          "p75": 1249.1,
          "p90": 1720.2,
          "p95": 1720.2,
          "p99": 1720.2,
          "p999": 1720.2
        },
        "browser.page.TTFB.https://practice.expandtesting.com/login": {
          "min": 459.8,
          "max": 548.4,
          "count": 4,
          "mean": 501.5,
          "p50": 478.3,
          "median": 478.3,
          "p75": 528.6,
          "p90": 528.6,
          "p95": 528.6,
          "p99": 528.6,
          "p999": 528.6
        },
        "browser.page.LCP.https://practice.expandtesting.com/login": {
          "min": 1096,
          "max": 1258.4,
          "count": 4,
          "mean": 1165.2,
          "p50": 1085.9,
          "median": 1085.9,
          "p75": 1200.1,
          "p90": 1200.1,
          "p95": 1200.1,
          "p99": 1200.1,
          "p999": 1200.1
        },
        "browser.page.FID.https://practice.expandtesting.com/login": {
          "min": 0.5,
          "max": 2.6,
          "count": 4,
          "mean": 1,
          "p50": 0.5,
          "median": 0.5,
          "p75": 0.6,
          "p90": 0.6,
          "p95": 0.6,
          "p99": 0.6,
          "p999": 0.6
        },
        "browser.page.INP.https://practice.expandtesting.com/login": {
          "min": 16,
          "max": 24,
          "count": 3,
          "mean": 18.7,
          "p50": 16,
          "median": 16,
          "p75": 16,
          "p90": 16,
          "p95": 16,
          "p99": 16,
          "p999": 16
        },
        "browser.page.CLS.https://practice.expandtesting.com/login": {
          "min": 0.1,
          "max": 0.2,
          "count": 3,
          "mean": 0.2,
          "p50": 0.1,
          "median": 0.1,
          "p75": 0.1,
          "p90": 0.1,
          "p95": 0.1,
          "p99": 0.1,
          "p999": 0.1
        },
        "browser.page.FCP.https://practice.expandtesting.com/secure": {
          "min": 1283.4,
          "max": 1888.6,
          "count": 3,
          "mean": 1549.4,
          "p50": 1465.9,
          "median": 1465.9,
          "p75": 1465.9,
          "p90": 1465.9,
          "p95": 1465.9,
          "p99": 1465.9,
          "p999": 1465.9
        },
        "vusers.session_length": {
          "min": 4915.1,
          "max": 5839.1,
          "count": 2,
          "mean": 5377.1,
          "p50": 4867,
          "median": 4867,
          "p75": 4867,
          "p90": 4867,
          "p95": 4867,
          "p99": 4867,
          "p999": 4867
        }
      },
      "histograms": {
        "browser.page.FCP.https://practice.expandtesting.com/login": {
          "min": 865,
          "max": 1781.8,
          "count": 8,
          "mean": 1261.4,
          "p50": 1085.9,
          "median": 1085.9,
          "p75": 1249.1,
          "p90": 1720.2,
          "p95": 1720.2,
          "p99": 1720.2,
          "p999": 1720.2
        },
        "browser.page.TTFB.https://practice.expandtesting.com/login": {
          "min": 459.8,
          "max": 548.4,
          "count": 4,
          "mean": 501.5,
          "p50": 478.3,
          "median": 478.3,
          "p75": 528.6,
          "p90": 528.6,
          "p95": 528.6,
          "p99": 528.6,
          "p999": 528.6
        },
        "browser.page.LCP.https://practice.expandtesting.com/login": {
          "min": 1096,
          "max": 1258.4,
          "count": 4,
          "mean": 1165.2,
          "p50": 1085.9,
          "median": 1085.9,
          "p75": 1200.1,
          "p90": 1200.1,
          "p95": 1200.1,
          "p99": 1200.1,
          "p999": 1200.1
        },
        "browser.page.FID.https://practice.expandtesting.com/login": {
          "min": 0.5,
          "max": 2.6,
          "count": 4,
          "mean": 1,
          "p50": 0.5,
          "median": 0.5,
          "p75": 0.6,
          "p90": 0.6,
          "p95": 0.6,
          "p99": 0.6,
          "p999": 0.6
        },
        "browser.page.INP.https://practice.expandtesting.com/login": {
          "min": 16,
          "max": 24,
          "count": 3,
          "mean": 18.7,
          "p50": 16,
          "median": 16,
          "p75": 16,
          "p90": 16,
          "p95": 16,
          "p99": 16,
          "p999": 16
        },
        "browser.page.CLS.https://practice.expandtesting.com/login": {
          "min": 0.1,
          "max": 0.2,
          "count": 3,
          "mean": 0.2,
          "p50": 0.1,
          "median": 0.1,
          "p75": 0.1,
          "p90": 0.1,
          "p95": 0.1,
          "p99": 0.1,
          "p999": 0.1
        },
        "browser.page.FCP.https://practice.expandtesting.com/secure": {
          "min": 1283.4,
          "max": 1888.6,
          "count": 3,
          "mean": 1549.4,
          "p50": 1465.9,
          "median": 1465.9,
          "p75": 1465.9,
          "p90": 1465.9,
          "p95": 1465.9,
          "p99": 1465.9,
          "p999": 1465.9
        },
        "vusers.session_length": {
          "min": 4915.1,
          "max": 5839.1,
          "count": 2,
          "mean": 5377.1,
          "p50": 4867,
          "median": 4867,
          "p75": 4867,
          "p90": 4867,
          "p95": 4867,
          "p99": 4867,
          "p999": 4867
        }
      }
    },
    {
      "counters": {
        "browser.page.codes.200": 720,
        "browser.http_requests": 893,
        "browser.page.codes.204": 220,
        "browser.page.codes.304": 41,
        "vusers.failed": 0,
        "vusers.completed": 11,
        "vusers.created_by_name.Login Performance Test": 20,
        "vusers.created": 20,
        "browser.page.codes.302": 26
      },
      "rates": {},
      "firstCounterAt": 1745344670006,
      "firstHistogramAt": 1745344670096,
      "lastCounterAt": 1745344679981,
      "lastHistogramAt": 1745344679985,
      "firstMetricAt": 1745344670006,
      "lastMetricAt": 1745344679985,
      "period": "1745344670000",
      "summaries": {
        "browser.page.FCP.https://practice.expandtesting.com/login": {
          "min": 2096.4,
          "max": 4499.6,
          "count": 17,
          "mean": 3432.2,
          "p50": 3534.1,
          "median": 3534.1,
          "p75": 3905.8,
          "p90": 4403.8,
          "p95": 4403.8,
          "p99": 4403.8,
          "p999": 4403.8
        },
        "browser.page.INP.https://practice.expandtesting.com/login": {
          "min": 16,
          "max": 16,
          "count": 11,
          "mean": 16,
          "p50": 16,
          "median": 16,
          "p75": 16,
          "p90": 16,
          "p95": 16,
          "p99": 16,
          "p999": 16
        },
        "browser.page.CLS.https://practice.expandtesting.com/login": {
          "min": 0.1,
          "max": 0.2,
          "count": 11,
          "mean": 0.1,
          "p50": 0.1,
          "median": 0.1,
          "p75": 0.1,
          "p90": 0.2,
          "p95": 0.2,
          "p99": 0.2,
          "p999": 0.2
        },
        "vusers.session_length": {
          "min": 6045.5,
          "max": 10421.8,
          "count": 11,
          "mean": 8179.4,
          "p50": 8520.7,
          "median": 8520.7,
          "p75": 9416.8,
          "p90": 9801.2,
          "p95": 9801.2,
          "p99": 9801.2,
          "p999": 9801.2
        },
        "browser.page.TTFB.https://practice.expandtesting.com/login": {
          "min": 531.5,
          "max": 1463.6,
          "count": 17,
          "mean": 847.6,
          "p50": 871.5,
          "median": 871.5,
          "p75": 925.4,
          "p90": 1043.3,
          "p95": 1326.4,
          "p99": 1326.4,
          "p999": 1326.4
        },
        "browser.page.FCP.https://practice.expandtesting.com/secure": {
          "min": 1223.9,
          "max": 2613.6,
          "count": 10,
          "mean": 1669.3,
          "p50": 1652.8,
          "median": 1652.8,
          "p75": 1652.8,
          "p90": 1863.5,
          "p95": 1863.5,
          "p99": 1863.5,
          "p999": 1863.5
        },
        "browser.page.LCP.https://practice.expandtesting.com/login": {
          "min": 865,
          "max": 4499.6,
          "count": 13,
          "mean": 2926.4,
          "p50": 3197.8,
          "median": 3197.8,
          "p75": 3905.8,
          "p90": 4316.6,
          "p95": 4403.8,
          "p99": 4403.8,
          "p999": 4403.8
        },
        "browser.page.FID.https://practice.expandtesting.com/login": {
          "min": 0.3,
          "max": 0.9,
          "count": 13,
          "mean": 0.5,
          "p50": 0.5,
          "median": 0.5,
          "p75": 0.5,
          "p90": 0.6,
          "p95": 0.7,
          "p99": 0.7,
          "p999": 0.7
        }
      },
      "histograms": {
        "browser.page.FCP.https://practice.expandtesting.com/login": {
          "min": 2096.4,
          "max": 4499.6,
          "count": 17,
          "mean": 3432.2,
          "p50": 3534.1,
          "median": 3534.1,
          "p75": 3905.8,
          "p90": 4403.8,
          "p95": 4403.8,
          "p99": 4403.8,
          "p999": 4403.8
        },
        "browser.page.INP.https://practice.expandtesting.com/login": {
          "min": 16,
          "max": 16,
          "count": 11,
          "mean": 16,
          "p50": 16,
          "median": 16,
          "p75": 16,
          "p90": 16,
          "p95": 16,
          "p99": 16,
          "p999": 16
        },
        "browser.page.CLS.https://practice.expandtesting.com/login": {
          "min": 0.1,
          "max": 0.2,
          "count": 11,
          "mean": 0.1,
          "p50": 0.1,
          "median": 0.1,
          "p75": 0.1,
          "p90": 0.2,
          "p95": 0.2,
          "p99": 0.2,
          "p999": 0.2
        },
        "vusers.session_length": {
          "min": 6045.5,
          "max": 10421.8,
          "count": 11,
          "mean": 8179.4,
          "p50": 8520.7,
          "median": 8520.7,
          "p75": 9416.8,
          "p90": 9801.2,
          "p95": 9801.2,
          "p99": 9801.2,
          "p999": 9801.2
        },
        "browser.page.TTFB.https://practice.expandtesting.com/login": {
          "min": 531.5,
          "max": 1463.6,
          "count": 17,
          "mean": 847.6,
          "p50": 871.5,
          "median": 871.5,
          "p75": 925.4,
          "p90": 1043.3,
          "p95": 1326.4,
          "p99": 1326.4,
          "p999": 1326.4
        },
        "browser.page.FCP.https://practice.expandtesting.com/secure": {
          "min": 1223.9,
          "max": 2613.6,
          "count": 10,
          "mean": 1669.3,
          "p50": 1652.8,
          "median": 1652.8,
          "p75": 1652.8,
          "p90": 1863.5,
          "p95": 1863.5,
          "p99": 1863.5,
          "p999": 1863.5
        },
        "browser.page.LCP.https://practice.expandtesting.com/login": {
          "min": 865,
          "max": 4499.6,
          "count": 13,
          "mean": 2926.4,
          "p50": 3197.8,
          "median": 3197.8,
          "p75": 3905.8,
          "p90": 4316.6,
          "p95": 4403.8,
          "p99": 4403.8,
          "p999": 4403.8
        },
        "browser.page.FID.https://practice.expandtesting.com/login": {
          "min": 0.3,
          "max": 0.9,
          "count": 13,
          "mean": 0.5,
          "p50": 0.5,
          "median": 0.5,
          "p75": 0.5,
          "p90": 0.6,
          "p95": 0.7,
          "p99": 0.7,
          "p999": 0.7
        }
      }
    },
    {
      "counters": {
        "browser.page.codes.200": 827,
        "browser.http_requests": 1052,
        "browser.page.codes.204": 239,
        "browser.page.codes.302": 48,
        "browser.page.codes.304": 64,
        "vusers.created_by_name.Login Performance Test": 20,
        "vusers.created": 20,
        "vusers.failed": 0,
        "vusers.completed": 17,
        "browser.page.codes.303": 1
      },
      "rates": {},
      "firstCounterAt": 1745344680001,
      "firstHistogramAt": 1745344680051,
      "lastCounterAt": 1745344689992,
      "lastHistogramAt": 1745344689976,
      "firstMetricAt": 1745344680001,
      "lastMetricAt": 1745344689992,
      "period": "1745344680000",
      "summaries": {
        "browser.page.LCP.https://practice.expandtesting.com/login": {
          "min": 2247.1,
          "max": 4712.7,
          "count": 16,
          "mean": 3450.4,
          "p50": 3328.3,
          "median": 3328.3,
          "p75": 3984.7,
          "p90": 4147.4,
          "p95": 4403.8,
          "p99": 4403.8,
          "p999": 4403.8
        },
        "browser.page.FID.https://practice.expandtesting.com/login": {
          "min": 0.4,
          "max": 1.2,
          "count": 16,
          "mean": 0.6,
          "p50": 0.5,
          "median": 0.5,
          "p75": 0.6,
          "p90": 0.6,
          "p95": 0.6,
          "p99": 0.6,
          "p999": 0.6
        },
        "browser.page.INP.https://practice.expandtesting.com/login": {
          "min": 8,
          "max": 32,
          "count": 16,
          "mean": 16,
          "p50": 16,
          "median": 16,
          "p75": 16,
          "p90": 16,
          "p95": 16,
          "p99": 16,
          "p999": 16
        },
        "browser.page.CLS.https://practice.expandtesting.com/login": {
          "min": 0.1,
          "max": 0.3,
          "count": 16,
          "mean": 0.2,
          "p50": 0.1,
          "median": 0.1,
          "p75": 0.2,
          "p90": 0.2,
          "p95": 0.2,
          "p99": 0.2,
          "p999": 0.2
        },
        "browser.page.FCP.https://practice.expandtesting.com/secure": {
          "min": 1395.3,
          "max": 2561.9,
          "count": 17,
          "mean": 1760.2,
          "p50": 1556.5,
          "median": 1556.5,
          "p75": 2143.5,
          "p90": 2276.1,
          "p95": 2322.1,
          "p99": 2322.1,
          "p999": 2322.1
        },
        "vusers.session_length": {
          "min": 7756.2,
          "max": 11786.2,
          "count": 17,
          "mean": 10036.2,
          "p50": 10407.3,
          "median": 10407.3,
          "p75": 11050.8,
          "p90": 11274.1,
          "p95": 11734.2,
          "p99": 11734.2,
          "p999": 11734.2
        },
        "browser.page.FCP.https://practice.expandtesting.com/login": {
          "min": 2514,
          "max": 8009.3,
          "count": 22,
          "mean": 4161.2,
          "p50": 3905.8,
          "median": 3905.8,
          "p75": 4403.8,
          "p90": 4676.2,
          "p95": 5826.9,
          "p99": 7407.5,
          "p999": 7407.5
        },
        "browser.page.TTFB.https://practice.expandtesting.com/login": {
          "min": 658.5,
          "max": 2076.6,
          "count": 16,
          "mean": 1076.8,
          "p50": 963.1,
          "median": 963.1,
          "p75": 1200.1,
          "p90": 1436.8,
          "p95": 1620,
          "p99": 1620,
          "p999": 1620
        }
      },
      "histograms": {
        "browser.page.LCP.https://practice.expandtesting.com/login": {
          "min": 2247.1,
          "max": 4712.7,
          "count": 16,
          "mean": 3450.4,
          "p50": 3328.3,
          "median": 3328.3,
          "p75": 3984.7,
          "p90": 4147.4,
          "p95": 4403.8,
          "p99": 4403.8,
          "p999": 4403.8
        },
        "browser.page.FID.https://practice.expandtesting.com/login": {
          "min": 0.4,
          "max": 1.2,
          "count": 16,
          "mean": 0.6,
          "p50": 0.5,
          "median": 0.5,
          "p75": 0.6,
          "p90": 0.6,
          "p95": 0.6,
          "p99": 0.6,
          "p999": 0.6
        },
        "browser.page.INP.https://practice.expandtesting.com/login": {
          "min": 8,
          "max": 32,
          "count": 16,
          "mean": 16,
          "p50": 16,
          "median": 16,
          "p75": 16,
          "p90": 16,
          "p95": 16,
          "p99": 16,
          "p999": 16
        },
        "browser.page.CLS.https://practice.expandtesting.com/login": {
          "min": 0.1,
          "max": 0.3,
          "count": 16,
          "mean": 0.2,
          "p50": 0.1,
          "median": 0.1,
          "p75": 0.2,
          "p90": 0.2,
          "p95": 0.2,
          "p99": 0.2,
          "p999": 0.2
        },
        "browser.page.FCP.https://practice.expandtesting.com/secure": {
          "min": 1395.3,
          "max": 2561.9,
          "count": 17,
          "mean": 1760.2,
          "p50": 1556.5,
          "median": 1556.5,
          "p75": 2143.5,
          "p90": 2276.1,
          "p95": 2322.1,
          "p99": 2322.1,
          "p999": 2322.1
        },
        "vusers.session_length": {
          "min": 7756.2,
          "max": 11786.2,
          "count": 17,
          "mean": 10036.2,
          "p50": 10407.3,
          "median": 10407.3,
          "p75": 11050.8,
          "p90": 11274.1,
          "p95": 11734.2,
          "p99": 11734.2,
          "p999": 11734.2
        },
        "browser.page.FCP.https://practice.expandtesting.com/login": {
          "min": 2514,
          "max": 8009.3,
          "count": 22,
          "mean": 4161.2,
          "p50": 3905.8,
          "median": 3905.8,
          "p75": 4403.8,
          "p90": 4676.2,
          "p95": 5826.9,
          "p99": 7407.5,
          "p999": 7407.5
        },
        "browser.page.TTFB.https://practice.expandtesting.com/login": {
          "min": 658.5,
          "max": 2076.6,
          "count": 16,
          "mean": 1076.8,
          "p50": 963.1,
          "median": 963.1,
          "p75": 1200.1,
          "p90": 1436.8,
          "p95": 1620,
          "p99": 1620,
          "p999": 1620
        }
      }
    },
    {
      "counters": {
        "browser.page.codes.200": 875,
        "browser.http_requests": 1169,
        "browser.page.codes.204": 318,
        "browser.page.codes.302": 55,
        "vusers.created_by_name.Login Performance Test": 7,
        "vusers.created": 7,
        "browser.page.codes.304": 82,
        "vusers.failed": 0,
        "vusers.completed": 19,
        "browser.page.codes.303": 1,
        "browser.page.codes.307": 1
      },
      "rates": {},
      "firstCounterAt": 1745344690006,
      "firstHistogramAt": 1745344690284,
      "lastCounterAt": 1745344699993,
      "lastHistogramAt": 1745344699981,
      "firstMetricAt": 1745344690006,
      "lastMetricAt": 1745344699993,
      "period": "1745344690000",
      "summaries": {
        "browser.page.LCP.https://practice.expandtesting.com/login": {
          "min": 2514,
          "max": 8009.3,
          "count": 21,
          "mean": 4199.7,
          "p50": 3905.8,
          "median": 3905.8,
          "p75": 4492.8,
          "p90": 5826.9,
          "p95": 7407.5,
          "p99": 7407.5,
          "p999": 7407.5
        },
        "browser.page.FID.https://practice.expandtesting.com/login": {
          "min": 0.4,
          "max": 0.8,
          "count": 21,
          "mean": 0.5,
          "p50": 0.5,
          "median": 0.5,
          "p75": 0.6,
          "p90": 0.7,
          "p95": 0.8,
          "p99": 0.8,
          "p999": 0.8
        },
        "browser.page.INP.https://practice.expandtesting.com/login": {
          "min": 8,
          "max": 32,
          "count": 22,
          "mean": 15.6,
          "p50": 16,
          "median": 16,
          "p75": 16,
          "p90": 16,
          "p95": 16,
          "p99": 16,
          "p999": 16
        },
        "browser.page.CLS.https://practice.expandtesting.com/login": {
          "min": 0.1,
          "max": 0.3,
          "count": 22,
          "mean": 0.1,
          "p50": 0.1,
          "median": 0.1,
          "p75": 0.1,
          "p90": 0.1,
          "p95": 0.2,
          "p99": 0.2,
          "p999": 0.2
        },
        "browser.page.TTFB.https://practice.expandtesting.com/login": {
          "min": 796.1,
          "max": 2303.6,
          "count": 20,
          "mean": 1198.1,
          "p50": 1064.4,
          "median": 1064.4,
          "p75": 1274.3,
          "p90": 1790.4,
          "p95": 1826.6,
          "p99": 1826.6,
          "p999": 1826.6
        },
        "browser.page.FCP.https://practice.expandtesting.com/secure": {
          "min": 1207.5,
          "max": 4063.2,
          "count": 20,
          "mean": 1998.6,
          "p50": 1686.1,
          "median": 1686.1,
          "p75": 2276.1,
          "p90": 3011.6,
          "p95": 3395.5,
          "p99": 3395.5,
          "p999": 3395.5
        },
        "vusers.session_length": {
          "min": 9410.5,
          "max": 14452.9,
          "count": 19,
          "mean": 11926.3,
          "p50": 11971.2,
          "median": 11971.2,
          "p75": 12711.5,
          "p90": 14048.5,
          "p95": 14332.3,
          "p99": 14332.3,
          "p999": 14332.3
        },
        "browser.page.FCP.https://practice.expandtesting.com/login": {
          "min": 3033.9,
          "max": 4944.6,
          "count": 13,
          "mean": 4077.9,
          "p50": 4147.4,
          "median": 4147.4,
          "p75": 4676.2,
          "p90": 4676.2,
          "p95": 4770.6,
          "p99": 4770.6,
          "p999": 4770.6
        }
      },
      "histograms": {
        "browser.page.LCP.https://practice.expandtesting.com/login": {
          "min": 2514,
          "max": 8009.3,
          "count": 21,
          "mean": 4199.7,
          "p50": 3905.8,
          "median": 3905.8,
          "p75": 4492.8,
          "p90": 5826.9,
          "p95": 7407.5,
          "p99": 7407.5,
          "p999": 7407.5
        },
        "browser.page.FID.https://practice.expandtesting.com/login": {
          "min": 0.4,
          "max": 0.8,
          "count": 21,
          "mean": 0.5,
          "p50": 0.5,
          "median": 0.5,
          "p75": 0.6,
          "p90": 0.7,
          "p95": 0.8,
          "p99": 0.8,
          "p999": 0.8
        },
        "browser.page.INP.https://practice.expandtesting.com/login": {
          "min": 8,
          "max": 32,
          "count": 22,
          "mean": 15.6,
          "p50": 16,
          "median": 16,
          "p75": 16,
          "p90": 16,
          "p95": 16,
          "p99": 16,
          "p999": 16
        },
        "browser.page.CLS.https://practice.expandtesting.com/login": {
          "min": 0.1,
          "max": 0.3,
          "count": 22,
          "mean": 0.1,
          "p50": 0.1,
          "median": 0.1,
          "p75": 0.1,
          "p90": 0.1,
          "p95": 0.2,
          "p99": 0.2,
          "p999": 0.2
        },
        "browser.page.TTFB.https://practice.expandtesting.com/login": {
          "min": 796.1,
          "max": 2303.6,
          "count": 20,
          "mean": 1198.1,
          "p50": 1064.4,
          "median": 1064.4,
          "p75": 1274.3,
          "p90": 1790.4,
          "p95": 1826.6,
          "p99": 1826.6,
          "p999": 1826.6
        },
        "browser.page.FCP.https://practice.expandtesting.com/secure": {
          "min": 1207.5,
          "max": 4063.2,
          "count": 20,
          "mean": 1998.6,
          "p50": 1686.1,
          "median": 1686.1,
          "p75": 2276.1,
          "p90": 3011.6,
          "p95": 3395.5,
          "p99": 3395.5,
          "p999": 3395.5
        },
        "vusers.session_length": {
          "min": 9410.5,
          "max": 14452.9,
          "count": 19,
          "mean": 11926.3,
          "p50": 11971.2,
          "median": 11971.2,
          "p75": 12711.5,
          "p90": 14048.5,
          "p95": 14332.3,
          "p99": 14332.3,
          "p999": 14332.3
        },
        "browser.page.FCP.https://practice.expandtesting.com/login": {
          "min": 3033.9,
          "max": 4944.6,
          "count": 13,
          "mean": 4077.9,
          "p50": 4147.4,
          "median": 4147.4,
          "p75": 4676.2,
          "p90": 4676.2,
          "p95": 4770.6,
          "p99": 4770.6,
          "p999": 4770.6
        }
      }
    },
    {
      "counters": {
        "browser.page.codes.200": 203,
        "browser.http_requests": 316,
        "browser.page.codes.204": 89,
        "browser.page.codes.302": 14,
        "browser.page.codes.304": 48,
        "vusers.failed": 0,
        "vusers.completed": 11
      },
      "rates": {},
      "firstCounterAt": 1745344700003,
      "firstHistogramAt": 1745344700175,
      "lastCounterAt": 1745344702115,
      "lastHistogramAt": 1745344702115,
      "firstMetricAt": 1745344700003,
      "lastMetricAt": 1745344702115,
      "period": "1745344700000",
      "summaries": {
        "browser.page.LCP.https://practice.expandtesting.com/login": {
          "min": 3938.7,
          "max": 4944.6,
          "count": 6,
          "mean": 4482.2,
          "p50": 4403.8,
          "median": 4403.8,
          "p75": 4676.2,
          "p90": 4676.2,
          "p95": 4676.2,
          "p99": 4676.2,
          "p999": 4676.2
        },
        "browser.page.FID.https://practice.expandtesting.com/login": {
          "min": 0.4,
          "max": 0.8,
          "count": 6,
          "mean": 0.6,
          "p50": 0.6,
          "median": 0.6,
          "p75": 0.6,
          "p90": 0.8,
          "p95": 0.8,
          "p99": 0.8,
          "p999": 0.8
        },
        "browser.page.FCP.https://practice.expandtesting.com/secure": {
          "min": 879.2,
          "max": 1304.4,
          "count": 10,
          "mean": 1047.2,
          "p50": 982.6,
          "median": 982.6,
          "p75": 1107.9,
          "p90": 1249.1,
          "p95": 1249.1,
          "p99": 1249.1,
          "p999": 1249.1
        },
        "browser.page.TTFB.https://practice.expandtesting.com/login": {
          "min": 1393.7,
          "max": 2238.3,
          "count": 3,
          "mean": 1744,
          "p50": 1587.9,
          "median": 1587.9,
          "p75": 1587.9,
          "p90": 1587.9,
          "p95": 1587.9,
          "p99": 1587.9,
          "p999": 1587.9
        },
        "browser.page.INP.https://practice.expandtesting.com/login": {
          "min": 8,
          "max": 32,
          "count": 8,
          "mean": 19,
          "p50": 16,
          "median": 16,
          "p75": 16,
          "p90": 32.1,
          "p95": 32.1,
          "p99": 32.1,
          "p999": 32.1
        },
        "browser.page.CLS.https://practice.expandtesting.com/login": {
          "min": 0.1,
          "max": 0.1,
          "count": 8,
          "mean": 0.1,
          "p50": 0.1,
          "median": 0.1,
          "p75": 0.1,
          "p90": 0.1,
          "p95": 0.1,
          "p99": 0.1,
          "p999": 0.1
        },
        "vusers.session_length": {
          "min": 8334.2,
          "max": 13825.8,
          "count": 11,
          "mean": 10665.6,
          "p50": 10617.5,
          "median": 10617.5,
          "p75": 10617.5,
          "p90": 13230.3,
          "p95": 13230.3,
          "p99": 13230.3,
          "p999": 13230.3
        },
        "browser.page.TTFB.https://practice.expandtesting.com/secure": {
          "min": 560.3,
          "max": 657.5,
          "count": 2,
          "mean": 608.9,
          "p50": 561.2,
          "median": 561.2,
          "p75": 561.2,
          "p90": 561.2,
          "p95": 561.2,
          "p99": 561.2,
          "p999": 561.2
        }
      },
      "histograms": {
        "browser.page.LCP.https://practice.expandtesting.com/login": {
          "min": 3938.7,
          "max": 4944.6,
          "count": 6,
          "mean": 4482.2,
          "p50": 4403.8,
          "median": 4403.8,
          "p75": 4676.2,
          "p90": 4676.2,
          "p95": 4676.2,
          "p99": 4676.2,
          "p999": 4676.2
        },
        "browser.page.FID.https://practice.expandtesting.com/login": {
          "min": 0.4,
          "max": 0.8,
          "count": 6,
          "mean": 0.6,
          "p50": 0.6,
          "median": 0.6,
          "p75": 0.6,
          "p90": 0.8,
          "p95": 0.8,
          "p99": 0.8,
          "p999": 0.8
        },
        "browser.page.FCP.https://practice.expandtesting.com/secure": {
          "min": 879.2,
          "max": 1304.4,
          "count": 10,
          "mean": 1047.2,
          "p50": 982.6,
          "median": 982.6,
          "p75": 1107.9,
          "p90": 1249.1,
          "p95": 1249.1,
          "p99": 1249.1,
          "p999": 1249.1
        },
        "browser.page.TTFB.https://practice.expandtesting.com/login": {
          "min": 1393.7,
          "max": 2238.3,
          "count": 3,
          "mean": 1744,
          "p50": 1587.9,
          "median": 1587.9,
          "p75": 1587.9,
          "p90": 1587.9,
          "p95": 1587.9,
          "p99": 1587.9,
          "p999": 1587.9
        },
        "browser.page.INP.https://practice.expandtesting.com/login": {
          "min": 8,
          "max": 32,
          "count": 8,
          "mean": 19,
          "p50": 16,
          "median": 16,
          "p75": 16,
          "p90": 32.1,
          "p95": 32.1,
          "p99": 32.1,
          "p999": 32.1
        },
        "browser.page.CLS.https://practice.expandtesting.com/login": {
          "min": 0.1,
          "max": 0.1,
          "count": 8,
          "mean": 0.1,
          "p50": 0.1,
          "median": 0.1,
          "p75": 0.1,
          "p90": 0.1,
          "p95": 0.1,
          "p99": 0.1,
          "p999": 0.1
        },
        "vusers.session_length": {
          "min": 8334.2,
          "max": 13825.8,
          "count": 11,
          "mean": 10665.6,
          "p50": 10617.5,
          "median": 10617.5,
          "p75": 10617.5,
          "p90": 13230.3,
          "p95": 13230.3,
          "p99": 13230.3,
          "p999": 13230.3
        },
        "browser.page.TTFB.https://practice.expandtesting.com/secure": {
          "min": 560.3,
          "max": 657.5,
          "count": 2,
          "mean": 608.9,
          "p50": 561.2,
          "median": 561.2,
          "p75": 561.2,
          "p90": 561.2,
          "p95": 561.2,
          "p99": 561.2,
          "p999": 561.2
        }
      }
    }
  ]
}