{
  "aggregate": {
    "counters": {
      "vusers.created_by_name.Login Performance Test": 120,
      "vusers.created": 120,
      "browser.page.codes.200": 609,
      "browser.http_requests": 609,
      "vusers.failed": 0,
      "vusers.completed": 120
    },
    "rates": {},
    "firstCounterAt": 1745386435664,
    "firstHistogramAt": 1745386436223,
    "lastCounterAt": 1745386495043,
    "lastHistogramAt": 1745386495043,
    "firstMetricAt": 1745386435664,
    "lastMetricAt": 1745386495043,
    "period": 1745386490000,
    "summaries": {
      "browser.page.FCP.https://www.saucedemo.com/": {
        "min": 222.1,
        "max": 670.8,
        "count": 120,
        "mean": 281.3,
        "p50": 257.3,
        "median": 257.3,
        "p75": 320.6,
        "p90": 333.7,
        "p95": 347.3,
        "p99": 391.6,
        "p999": 407.5
      },
      "vusers.session_length": {
        "min": 328.8,
        "max": 780.2,
        "count": 120,
        "mean": 400.2,
        "p50": 383.8,
        "median": 383.8,
        "p75": 432.7,
        "p90": 468.8,
        "p95": 487.9,
        "p99": 596,
        "p999": 658.6
      }
    },
    "histograms": {
      "browser.page.FCP.https://www.saucedemo.com/": {
        "min": 222.1,
        "max": 670.8,
        "count": 120,
        "mean": 281.3,
        "p50": 257.3,
        "median": 257.3,
        "p75": 320.6,
        "p90": 333.7,
        "p95": 347.3,
        "p99": 391.6,
        "p999": 407.5
      },
      "vusers.session_length": {
        "min": 328.8,
        "max": 780.2,
        "count": 120,
        "mean": 400.2,
        "p50": 383.8,
        "median": 383.8,
        "p75": 432.7,
        "p90": 468.8,
        "p95": 487.9,
        "p99": 596,
        "p999": 658.6
      }
    }
  },
  "intermediate": [
    {
      "counters": {
        "vusers.created_by_name.Login Performance Test": 10,
        "vusers.created": 10,
        "browser.page.codes.200": 50,
        "browser.http_requests": 50,
        "vusers.failed": 0,
        "vusers.completed": 8
      },
      "rates": {},
      "firstCounterAt": 1745386435664,
      "firstHistogramAt": 1745386436223,
      "lastCounterAt": 1745386439949,
      "lastHistogramAt": 1745386439985,
      "firstMetricAt": 1745386435664,
      "lastMetricAt": 1745386439985,
      "period": "1745386430000",
      "summaries": {
        "browser.page.FCP.https://www.saucedemo.com/": {
          "min": 228.3,
          "max": 358.9,
          "count": 9,
          "mean": 281.4,
          "p50": 237.5,
          "median": 237.5,
          "p75": 333.7,
          "p90": 347.3,
          "p95": 347.3,
          "p99": 347.3,
          "p999": 347.3
        },
        "vusers.session_length": {
          "min": 331.4,
          "max": 653.1,
          "count": 8,
          "mean": 445.8,
          "p50": 354.3,
          "median": 354.3,
          "p75": 487.9,
          "p90": 596,
          "p95": 596,
          "p99": 596,
          "p999": 596
        }
      },
      "histograms": {
        "browser.page.FCP.https://www.saucedemo.com/": {
          "min": 228.3,
          "max": 358.9,
          "count": 9,
          "mean": 281.4,
          "p50": 237.5,
          "median": 237.5,
          "p75": 333.7,
          "p90": 347.3,
          "p95": 347.3,
          "p99": 347.3,
          "p999": 347.3
        },
        "vusers.session_length": {
          "min": 331.4,
          "max": 653.1,
          "count": 8,
          "mean": 445.8,
          "p50": 354.3,
          "median": 354.3,
          "p75": 487.9,
          "p90": 596,
          "p95": 596,
          "p99": 596,
          "p999": 596
        }
      }
    },
    {
      "counters": {
        "vusers.failed": 0,
        "vusers.completed": 20,
        "vusers.created_by_name.Login Performance Test": 20,
        "vusers.created": 20,
        "browser.page.codes.200": 103,
        "browser.http_requests": 103
      },
      "rates": {},
      "firstCounterAt": 1745386440030,
      "firstHistogramAt": 1745386440030,
      "lastCounterAt": 1745386449929,
      "lastHistogramAt": 1745386449998,
      "firstMetricAt": 1745386440030,
      "lastMetricAt": 1745386449998,
      "period": "1745386440000",
      "summaries": {
        "vusers.session_length": {
          "min": 330.7,
          "max": 465.4,
          "count": 20,
          "mean": 394.6,
          "p50": 383.8,
          "median": 383.8,
          "p75": 432.7,
          "p90": 450.4,
          "p95": 450.4,
          "p99": 450.4,
          "p999": 450.4
        },
        "browser.page.FCP.https://www.saucedemo.com/": {
          "min": 231.3,
          "max": 342.3,
          "count": 20,
          "mean": 280.4,
          "p50": 252.2,
          "median": 252.2,
          "p75": 314.2,
          "p90": 333.7,
          "p95": 333.7,
          "p99": 333.7,
          "p999": 333.7
        }
      },
      "histograms": {
        "vusers.session_length": {
          "min": 330.7,
          "max": 465.4,
          "count": 20,
          "mean": 394.6,
          "p50": 383.8,
          "median": 383.8,
          "p75": 432.7,
          "p90": 450.4,
          "p95": 450.4,
          "p99": 450.4,
          "p999": 450.4
        },
        "browser.page.FCP.https://www.saucedemo.com/": {
          "min": 231.3,
          "max": 342.3,
          "count": 20,
          "mean": 280.4,
          "p50": 252.2,
          "median": 252.2,
          "p75": 314.2,
          "p90": 333.7,
          "p95": 333.7,
          "p99": 333.7,
          "p999": 333.7
        }
      }
    },
    {
      "counters": {
        "vusers.failed": 0,
        "vusers.completed": 20,
        "vusers.created_by_name.Login Performance Test": 20,
        "vusers.created": 20,
        "browser.page.codes.200": 100,
        "browser.http_requests": 100
      },
      "rates": {},
      "firstCounterAt": 1745386450029,
      "firstHistogramAt": 1745386450023,
      "lastCounterAt": 1745386459929,
      "lastHistogramAt": 1745386459983,
      "firstMetricAt": 1745386450023,
      "lastMetricAt": 1745386459983,
      "period": "1745386450000",
      "summaries": {
        "vusers.session_length": {
          "min": 330.1,
          "max": 465.4,
          "count": 20,
          "mean": 406.5,
          "p50": 432.7,
          "median": 432.7,
          "p75": 432.7,
          "p90": 459.5,
          "p95": 468.8,
          "p99": 468.8,
          "p999": 468.8
        },
        "browser.page.FCP.https://www.saucedemo.com/": {
          "min": 229.4,
          "max": 354.2,
          "count": 20,
          "mean": 290.6,
          "p50": 308,
          "median": 308,
          "p75": 327.1,
          "p90": 340.4,
          "p95": 340.4,
          "p99": 340.4,
          "p999": 340.4
        }
      },
      "histograms": {
        "vusers.session_length": {
          "min": 330.1,
          "max": 465.4,
          "count": 20,
          "mean": 406.5,
          "p50": 432.7,
          "median": 432.7,
          "p75": 432.7,
          "p90": 459.5,
          "p95": 468.8,
          "p99": 468.8,
          "p999": 468.8
        },
        "browser.page.FCP.https://www.saucedemo.com/": {
          "min": 229.4,
          "max": 354.2,
          "count": 20,
          "mean": 290.6,
          "p50": 308,
          "median": 308,
          "p75": 327.1,
          "p90": 340.4,
          "p95": 340.4,
          "p99": 340.4,
          "p999": 340.4
        }
      }
    },
    {
      "counters": {
        "vusers.failed": 0,
        "vusers.completed": 20,
        "vusers.created_by_name.Login Performance Test": 20,
        "vusers.created": 20,
        "browser.page.codes.200": 103,
        "browser.http_requests": 103
      },
      "rates": {},
      "firstCounterAt": 1745386460012,
      "firstHistogramAt": 1745386460010,
      "lastCounterAt": 1745386469891,
      "lastHistogramAt": 1745386469982,
      "firstMetricAt": 1745386460010,
      "lastMetricAt": 1745386469982,
      "period": "1745386460000",
      "summaries": {
        "vusers.session_length": {
          "min": 329.3,
          "max": 780.2,
          "count": 20,
          "mean": 415.3,
          "p50": 399.5,
          "median": 399.5,
          "p75": 432.7,
          "p90": 468.8,
          "p95": 497.8,
          "p99": 497.8,
          "p999": 497.8
        },
        "browser.page.FCP.https://www.saucedemo.com/": {
          "min": 222.1,
          "max": 670.8,
          "count": 20,
          "mean": 291.8,
          "p50": 267.8,
          "median": 267.8,
          "p75": 314.2,
          "p90": 327.1,
          "p95": 376.2,
          "p99": 376.2,
          "p999": 376.2
        }
      },
      "histograms": {
        "vusers.session_length": {
          "min": 329.3,
          "max": 780.2,
          "count": 20,
          "mean": 415.3,
          "p50": 399.5,
          "median": 399.5,
          "p75": 432.7,
          "p90": 468.8,
          "p95": 497.8,
          "p99": 497.8,
          "p999": 497.8
        },
        "browser.page.FCP.https://www.saucedemo.com/": {
          "min": 222.1,
          "max": 670.8,
          "count": 20,
          "mean": 291.8,
          "p50": 267.8,
          "median": 267.8,
          "p75": 314.2,
          "p90": 327.1,
          "p95": 376.2,
          "p99": 376.2,
          "p999": 376.2
        }
      }
    },
    {
      "counters": {
        "vusers.failed": 0,
        "vusers.completed": 20,
        "vusers.created_by_name.Login Performance Test": 20,
        "vusers.created": 20,
        "browser.page.codes.200": 101,
        "browser.http_requests": 101
      },
      "rates": {},
      "firstCounterAt": 1745386470010,
      "firstHistogramAt": 1745386470010,
      "lastCounterAt": 1745386479986,
      "lastHistogramAt": 1745386479227,
      "firstMetricAt": 1745386470010,
      "lastMetricAt": 1745386479986,
      "period": "1745386470000",
      "summaries": {
        "vusers.session_length": {
          "min": 330,
          "max": 514.1,
          "count": 20,
          "mean": 395.4,
          "p50": 361.5,
          "median": 361.5,
          "p75": 415.8,
          "p90": 468.8,
          "p95": 507.8,
          "p99": 507.8,
          "p999": 507.8
        },
        "browser.page.FCP.https://www.saucedemo.com/": {
          "min": 231.7,
          "max": 410.6,
          "count": 19,
          "mean": 283.2,
          "p50": 267.8,
          "median": 267.8,
          "p75": 314.2,
          "p90": 327.1,
          "p95": 391.6,
          "p99": 391.6,
          "p999": 391.6
        }
      },
      "histograms": {
        "vusers.session_length": {
          "min": 330,
          "max": 514.1,
          "count": 20,
          "mean": 395.4,
          "p50": 361.5,
          "median": 361.5,
          "p75": 415.8,
          "p90": 468.8,
          "p95": 507.8,
          "p99": 507.8,
          "p999": 507.8
        },
        "browser.page.FCP.https://www.saucedemo.com/": {
          "min": 231.7,
          "max": 410.6,
          "count": 19,
          "mean": 283.2,
          "p50": 267.8,
          "median": 267.8,
          "p75": 314.2,
          "p90": 327.1,
          "p95": 391.6,
          "p99": 391.6,
          "p999": 391.6
        }
      }
    },
    {
      "counters": {
        "vusers.failed": 0,
        "vusers.completed": 20,
        "vusers.created_by_name.Login Performance Test": 20,
        "vusers.created": 20,
        "browser.page.codes.200": 101,
        "browser.http_requests": 101
      },
      "rates": {},
      "firstCounterAt": 1745386480011,
      "firstHistogramAt": 1745386480054,
      "lastCounterAt": 1745386489952,
      "lastHistogramAt": 1745386489143,
      "firstMetricAt": 1745386480011,
      "lastMetricAt": 1745386489952,
      "period": "1745386480000",
      "summaries": {
        "browser.page.FCP.https://www.saucedemo.com/": {
          "min": 229,
          "max": 349,
          "count": 20,
          "mean": 277.7,
          "p50": 242.3,
          "median": 242.3,
          "p75": 320.6,
          "p90": 333.7,
          "p95": 340.4,
          "p99": 340.4,
          "p999": 340.4
        },
        "vusers.session_length": {
          "min": 328.9,
          "max": 482,
          "count": 20,
          "mean": 392,
          "p50": 347.3,
          "median": 347.3,
          "p75": 432.7,
          "p90": 468.8,
          "p95": 468.8,
          "p99": 468.8,
          "p999": 468.8
        }
      },
      "histograms": {
        "browser.page.FCP.https://www.saucedemo.com/": {
          "min": 229,
          "max": 349,
          "count": 20,
          "mean": 277.7,
          "p50": 242.3,
          "median": 242.3,
          "p75": 320.6,
          "p90": 333.7,
          "p95": 340.4,
          "p99": 340.4,
          "p999": 340.4
        },
        "vusers.session_length": {
          "min": 328.9,
          "max": 482,
          "count": 20,
          "mean": 392,
          "p50": 347.3,
          "median": 347.3,
          "p75": 432.7,
          "p90": 468.8,
          "p95": 468.8,
          "p99": 468.8,
          "p999": 468.8
        }
      }
    },
    {
      "counters": {
        "vusers.failed": 0,
        "vusers.completed": 12,
        "vusers.created_by_name.Login Performance Test": 10,
        "vusers.created": 10,
        "browser.page.codes.200": 51,
        "browser.http_requests": 51
      },
      "rates": {},
      "firstCounterAt": 1745386490006,
      "firstHistogramAt": 1745386490047,
      "lastCounterAt": 1745386495043,
      "lastHistogramAt": 1745386495043,
      "firstMetricAt": 1745386490006,
      "lastMetricAt": 1745386495043,
      "period": "1745386490000",
      "summaries": {
        "browser.page.FCP.https://www.saucedemo.com/": {
          "min": 229.7,
          "max": 306.4,
          "count": 12,
          "mean": 252.3,
          "p50": 242.3,
          "median": 242.3,
          "p75": 242.3,
          "p90": 290.1,
          "p95": 301.9,
          "p99": 301.9,
          "p999": 301.9
        },
        "vusers.session_length": {
          "min": 328.8,
          "max": 414.2,
          "count": 12,
          "mean": 364.6,
          "p50": 361.5,
          "median": 361.5,
          "p75": 361.5,
          "p90": 391.6,
          "p95": 415.8,
          "p99": 415.8,
          "p999": 415.8
        }
      },
      "histograms": {
        "browser.page.FCP.https://www.saucedemo.com/": {
          "min": 229.7,
          "max": 306.4,
          "count": 12,
          "mean": 252.3,
          "p50": 242.3,
          "median": 242.3,
          "p75": 242.3,
          "p90": 290.1,
          "p95": 301.9,
          "p99": 301.9,
          "p999": 301.9
        },
        "vusers.session_length": {
          "min": 328.8,
          "max": 414.2,
          "count": 12,
          "mean": 364.6,
          "p50": 361.5,
          "median": 361.5,
          "p75": 361.5,
          "p90": 391.6,
          "p95": 415.8,
          "p99": 415.8,
          "p999": 415.8
        }
      }
    }
  ]
}