{
  "aggregate": {
    "counters": {
      "vusers.created_by_name.Login Performance Test": 60,
      "vusers.created": 60,
      "browser.page.codes.200": 2986,
      "browser.http_requests": 3874,
      "browser.page.codes.204": 906,
      "browser.page.codes.302": 153,
      "browser.page.codes.304": 274,
      "vusers.failed": 0,
      "vusers.completed": 60,
      "browser.page.codes.400": 3
    },
    "rates": {},
    "firstCounterAt": 1745344404568,
    "firstHistogramAt": 1745344406739,
    "lastCounterAt": 1745344441532,
    "lastHistogramAt": 1745344441532,
    "firstMetricAt": 1745344404568,
    "lastMetricAt": 1745344441532,
    "period": 1745344440000,
    "summaries": {
      "browser.page.FCP.https://practice.expandtesting.com/login": {
        "min": 835.7,
        "max": 5633.4,
        "count": 60,
        "mean": 3017.1,
        "p50": 3197.8,
        "median": 3197.8,
        "p75": 3905.8,
        "p90": 4583.6,
        "p95": 5168,
        "p99": 5598.4,
        "p999": 5598.4
      },
      "browser.page.TTFB.https://practice.expandtesting.com/login": {
        "min": 374.9,
        "max": 1968.3,
        "count": 60,
        "mean": 842.9,
        "p50": 772.9,
        "median": 772.9,
        "p75": 963.1,
        "p90": 1249.1,
        "p95": 1495.5,
        "p99": 1556.5,
        "p999": 1556.5
      },
      "browser.page.LCP.https://practice.expandtesting.com/login": {
        "min": 835.7,
        "max": 5633.4,
        "count": 60,
        "mean": 3017.1,
        "p50": 3197.8,
        "median": 3197.8,
        "p75": 3905.8,
        "p90": 4583.6,
        "p95": 5168,
        "p99": 5598.4,
        "p999": 5598.4
      },
      "browser.page.FID.https://practice.expandtesting.com/login": {
        "min": 0.4,
        "max": 1.3,
        "count": 60,
        "mean": 0.6,
        "p50": 0.5,
        "median": 0.5,
        "p75": 0.6,
        "p90": 0.7,
        "p95": 0.8,
        "p99": 0.9,
        "p999": 0.9
      },
      "browser.page.INP.https://practice.expandtesting.com/login": {
        "min": 8,
        "max": 32,
        "count": 60,
        "mean": 16.5,
        "p50": 16,
        "median": 16,
        "p75": 16,
        "p90": 16,
        "p95": 23.8,
        "p99": 32.1,
        "p999": 32.1
      },
      "browser.page.CLS.https://practice.expandtesting.com/login": {
        "min": 0.1,
        "max": 0.3,
        "count": 60,
        "mean": 0.1,
        "p50": 0.1,
        "median": 0.1,
        "p75": 0.1,
        "p90": 0.2,
        "p95": 0.2,
        "p99": 0.3,
        "p999": 0.3
      },
      "browser.page.FCP.https://practice.expandtesting.com/secure": {
        "min": 904.5,
        "max": 3072.1,
        "count": 60,
        "mean": 1544.3,
        "p50": 1436.8,
        "median": 1436.8,
        "p75": 1826.6,
        "p90": 2231,
        "p95": 2276.1,
        "p99": 2671,
        "p999": 2671
      },
      "vusers.session_length": {
        "min": 4875.9,
        "max": 13499.3,
        "count": 60,
        "mean": 8574.4,
        "p50": 8520.7,
        "median": 8520.7,
        "p75": 10201.2,
        "p90": 11050.8,
        "p95": 11501.8,
        "p99": 12459.8,
        "p999": 12459.8
      },
      "browser.page.TTFB.https://practice.expandtesting.com/secure": {
        "min": 606,
        "max": 868.1,
        "count": 3,
        "mean": 717.5,
        "p50": 671.9,
        "median": 671.9,
        "p75": 671.9,
        "p90": 671.9,
        "p95": 671.9,
        "p99": 671.9,
        "p999": 671.9
      }
    },
    "histograms": {
      "browser.page.FCP.https://practice.expandtesting.com/login": {
        "min": 835.7,
        "max": 5633.4,
        "count": 60,
        "mean": 3017.1,
        "p50": 3197.8,
        "median": 3197.8,
        "p75": 3905.8,
        "p90": 4583.6,
        "p95": 5168,
        "p99": 5598.4,
        "p999": 5598.4
      },
      "browser.page.TTFB.https://practice.expandtesting.com/login": {
        "min": 374.9,
        "max": 1968.3,
        "count": 60,
        "mean": 842.9,
        "p50": 772.9,
        "median": 772.9,
        "p75": 963.1,
        "p90": 1249.1,
        "p95": 1495.5,
        "p99": 1556.5,
        "p999": 1556.5
      },
      "browser.page.LCP.https://practice.expandtesting.com/login": {
        "min": 835.7,
        "max": 5633.4,
        "count": 60,
        "mean": 3017.1,
        "p50": 3197.8,
        "median": 3197.8,
        "p75": 3905.8,
        "p90": 4583.6,
        "p95": 5168,
        "p99": 5598.4,
        "p999": 5598.4
      },
      "browser.page.FID.https://practice.expandtesting.com/login": {
        "min": 0.4,
        "max": 1.3,
        "count": 60,
        "mean": 0.6,
        "p50": 0.5,
        "median": 0.5,
        "p75": 0.6,
        "p90": 0.7,
        "p95": 0.8,
        "p99": 0.9,
        "p999": 0.9
      },
      "browser.page.INP.https://practice.expandtesting.com/login": {
        "min": 8,
        "max": 32,
        "count": 60,
        "mean": 16.5,
        "p50": 16,
        "median": 16,
        "p75": 16,
        "p90": 16,
        "p95": 23.8,
        "p99": 32.1,
        "p999": 32.1
      },
      "browser.page.CLS.https://practice.expandtesting.com/login": {
        "min": 0.1,
        "max": 0.3,
        "count": 60,
        "mean": 0.1,
        "p50": 0.1,
        "median": 0.1,
        "p75": 0.1,
        "p90": 0.2,
        "p95": 0.2,
        "p99": 0.3,
        "p999": 0.3
      },
      "browser.page.FCP.https://practice.expandtesting.com/secure": {
        "min": 904.5,
        "max": 3072.1,
        "count": 60,
        "mean": 1544.3,
        "p50": 1436.8,
        "median": 1436.8,
        "p75": 1826.6,
        "p90": 2231,
        "p95": 2276.1,
        "p99": 2671,
        "p999": 2671
      },
      "vusers.session_length": {
        "min": 4875.9,
        "max": 13499.3,
        "count": 60,
        "mean": 8574.4,
        "p50": 8520.7,
        "median": 8520.7,
        "p75": 10201.2,
        "p90": 11050.8,
        "p95": 11501.8,
        "p99": 12459.8,
        "p999": 12459.8
      },
      "browser.page.TTFB.https://practice.expandtesting.com/secure": {
        "min": 606,
        "max": 868.1,
        "count": 3,
        "mean": 717.5,
        "p50": 671.9,
        "median": 671.9,
        "p75": 671.9,
        "p90": 671.9,
        "p95": 671.9,
        "p99": 671.9,
        "p999": 671.9
      }
    }
  },
  "intermediate": [
    {
      "counters": {
        "vusers.created_by_name.Login Performance Test": 12,
        "vusers.created": 12,
        "browser.page.codes.200": 221,
        "browser.http_requests": 234,
        "browser.page.codes.204": 34,
        "browser.page.codes.302": 5
      },
      "rates": {},
      "firstCounterAt": 1745344404568,
      "firstHistogramAt": 1745344406739,
      "lastCounterAt": 1745344409992,
      "lastHistogramAt": 1745344409774,
      "firstMetricAt": 1745344404568,
      "lastMetricAt": 1745344409992,
      "period": "1745344400000",
      "summaries": {
        "browser.page.FCP.https://practice.expandtesting.com/login": {
          "min": 835.7,
          "max": 1905.9,
          "count": 8,
          "mean": 1470,
          "p50": 1686.1,
          "median": 1686.1,
          "p75": 1755,
          "p90": 1755,
          "p95": 1755,
          "p99": 1755,
          "p999": 1755
        },
        "browser.page.TTFB.https://practice.expandtesting.com/login": {
          "min": 396.5,
          "max": 964.5,
          "count": 4,
          "mean": 567.7,
          "p50": 415.8,
          "median": 415.8,
          "p75": 497.8,
          "p90": 497.8,
          "p95": 497.8,
          "p99": 497.8,
          "p999": 497.8
        },
        "browser.page.LCP.https://practice.expandtesting.com/login": {
          "min": 1072.3,
          "max": 1905.9,
          "count": 3,
          "mean": 1581.8,
          "p50": 1755,
          "median": 1755,
          "p75": 1755,
          "p90": 1755,
          "p95": 1755,
          "p99": 1755,
          "p999": 1755
        },
        "browser.page.FID.https://practice.expandtesting.com/login": {
          "min": 0.5,
          "max": 1.3,
          "count": 3,
          "mean": 0.8,
          "p50": 0.5,
          "median": 0.5,
          "p75": 0.5,
          "p90": 0.5,
          "p95": 0.5,
          "p99": 0.5,
          "p999": 0.5
        }
      },
      "histograms": {
        "browser.page.FCP.https://practice.expandtesting.com/login": {
          "min": 835.7,
          "max": 1905.9,
          "count": 8,
          "mean": 1470,
          "p50": 1686.1,
          "median": 1686.1,
          "p75": 1755,
          "p90": 1755,
          "p95": 1755,
          "p99": 1755,
          "p999": 1755
        },
        "browser.page.TTFB.https://practice.expandtesting.com/login": {
          "min": 396.5,
          "max": 964.5,
          "count": 4,
          "mean": 567.7,
          "p50": 415.8,
          "median": 415.8,
          "p75": 497.8,
          "p90": 497.8,
          "p95": 497.8,
          "p99": 497.8,
          "p999": 497.8
        },
        "browser.page.LCP.https://practice.expandtesting.com/login": {
          "min": 1072.3,
          "max": 1905.9,
          "count": 3,
          "mean": 1581.8,
          "p50": 1755,
          "median": 1755,
          "p75": 1755,
          "p90": 1755,
          "p95": 1755,
          "p99": 1755,
          "p999": 1755
        },
        "browser.page.FID.https://practice.expandtesting.com/login": {
          "min": 0.5,
          "max": 1.3,
          "count": 3,
          "mean": 0.8,
          "p50": 0.5,
          "median": 0.5,
          "p75": 0.5,
          "p90": 0.5,
          "p95": 0.5,
          "p99": 0.5,
          "p999": 0.5
        }
      }
    },
    {
      "counters": {
        "browser.page.codes.200": 870,
        "browser.http_requests": 1130,
        "browser.page.codes.302": 48,
        "browser.page.codes.204": 265,
        "vusers.created_by_name.Login Performance Test": 20,
        "vusers.created": 20,
        "browser.page.codes.304": 72,
        "vusers.failed": 0,
        "vusers.completed": 16,
        "browser.page.codes.400": 2
      },
      "rates": {},
      "firstCounterAt": 1745344410008,
      "firstHistogramAt": 1745344410128,
      "lastCounterAt": 1745344419949,
      "lastHistogramAt": 1745344419795,
      "firstMetricAt": 1745344410008,
      "lastMetricAt": 1745344419949,
      "period": "1745344410000",
      "summaries": {
        "browser.page.TTFB.https://practice.expandtesting.com/login": {
          "min": 374.9,
          "max": 1037.1,
          "count": 16,
          "mean": 628.7,
          "p50": 620.3,
          "median": 620.3,
          "p75": 685.5,
          "p90": 757.6,
          "p95": 804.5,
          "p99": 804.5,
          "p999": 804.5
        },
        "browser.page.FCP.https://practice.expandtesting.com/login": {
          "min": 1278.1,
          "max": 3655.5,
          "count": 16,
          "mean": 2057.7,
          "p50": 1720.2,
          "median": 1720.2,
          "p75": 2276.1,
          "p90": 2671,
          "p95": 3678.4,
          "p99": 3678.4,
          "p999": 3678.4
        },
        "browser.page.LCP.https://practice.expandtesting.com/login": {
          "min": 835.7,
          "max": 2672.2,
          "count": 17,
          "mean": 1731.1,
          "p50": 1686.1,
          "median": 1686.1,
          "p75": 1939.5,
          "p90": 2276.1,
          "p95": 2515.5,
          "p99": 2515.5,
          "p999": 2515.5
        },
        "browser.page.FID.https://practice.expandtesting.com/login": {
          "min": 0.4,
          "max": 0.8,
          "count": 17,
          "mean": 0.5,
          "p50": 0.5,
          "median": 0.5,
          "p75": 0.6,
          "p90": 0.6,
          "p95": 0.7,
          "p99": 0.7,
          "p999": 0.7
        },
        "browser.page.INP.https://practice.expandtesting.com/login": {
          "min": 8,
          "max": 24,
          "count": 19,
          "mean": 16,
          "p50": 16,
          "median": 16,
          "p75": 16,
          "p90": 16,
          "p95": 23.8,
          "p99": 23.8,
          "p999": 23.8
        },
        "browser.page.CLS.https://practice.expandtesting.com/login": {
          "min": 0.1,
          "max": 0.3,
          "count": 19,
          "mean": 0.2,
          "p50": 0.1,
          "median": 0.1,
          "p75": 0.1,
          "p90": 0.2,
          "p95": 0.3,
          "p99": 0.3,
          "p999": 0.3
        },
        "browser.page.FCP.https://practice.expandtesting.com/secure": {
          "min": 1029.4,
          "max": 2218.3,
          "count": 16,
          "mean": 1334.4,
          "p50": 1249.1,
          "median": 1249.1,
          "p75": 1326.4,
          "p90": 1465.9,
          "p95": 1826.6,
          "p99": 1826.6,
          "p999": 1826.6
        },
        "vusers.session_length": {
          "min": 4875.9,
          "max": 9296.8,
          "count": 16,
          "mean": 6129.1,
          "p50": 5944.6,
          "median": 5944.6,
          "p75": 6312.2,
          "p90": 7117,
          "p95": 7407.5,
          "p99": 7407.5,
          "p999": 7407.5
        }
      },
      "histograms": {
        "browser.page.TTFB.https://practice.expandtesting.com/login": {
          "min": 374.9,
          "max": 1037.1,
          "count": 16,
          "mean": 628.7,
          "p50": 620.3,
          "median": 620.3,
          "p75": 685.5,
          "p90": 757.6,
          "p95": 804.5,
          "p99": 804.5,
          "p999": 804.5
        },
        "browser.page.FCP.https://practice.expandtesting.com/login": {
          "min": 1278.1,
          "max": 3655.5,
          "count": 16,
          "mean": 2057.7,
          "p50": 1720.2,
          "median": 1720.2,
          "p75": 2276.1,
          "p90": 2671,
          "p95": 3678.4,
          "p99": 3678.4,
          "p999": 3678.4
        },
        "browser.page.LCP.https://practice.expandtesting.com/login": {
          "min": 835.7,
          "max": 2672.2,
          "count": 17,
          "mean": 1731.1,
          "p50": 1686.1,
          "median": 1686.1,
          "p75": 1939.5,
          "p90": 2276.1,
          "p95": 2515.5,
          "p99": 2515.5,
          "p999": 2515.5
        },
        "browser.page.FID.https://practice.expandtesting.com/login": {
          "min": 0.4,
          "max": 0.8,
          "count": 17,
          "mean": 0.5,
          "p50": 0.5,
          "median": 0.5,
          "p75": 0.6,
          "p90": 0.6,
          "p95": 0.7,
          "p99": 0.7,
          "p999": 0.7
        },
        "browser.page.INP.https://practice.expandtesting.com/login": {
          "min": 8,
          "max": 24,
          "count": 19,
          "mean": 16,
          "p50": 16,
          "median": 16,
          "p75": 16,
          "p90": 16,
          "p95": 23.8,
          "p99": 23.8,
          "p999": 23.8
        },
        "browser.page.CLS.https://practice.expandtesting.com/login": {
          "min": 0.1,
          "max": 0.3,
          "count": 19,
          "mean": 0.2,
          "p50": 0.1,
          "median": 0.1,
          "p75": 0.1,
          "p90": 0.2,
          "p95": 0.3,
          "p99": 0.3,
          "p999": 0.3
        },
        "browser.page.FCP.https://practice.expandtesting.com/secure": {
          "min": 1029.4,
          "max": 2218.3,
          "count": 16,
          "mean": 1334.4,
          "p50": 1249.1,
          "median": 1249.1,
          "p75": 1326.4,
          "p90": 1465.9,
          "p95": 1826.6,
          "p99": 1826.6,
          "p999": 1826.6
        },
        "vusers.session_length": {
          "min": 4875.9,
          "max": 9296.8,
          "count": 16,
          "mean": 6129.1,
          "p50": 5944.6,
          "median": 5944.6,
          "p75": 6312.2,
          "p90": 7117,
          "p95": 7407.5,
          "p99": 7407.5,
          "p999": 7407.5
        }
      }
    },
    {
      "counters": {
        "browser.page.codes.200": 837,
        "browser.http_requests": 1035,
        "browser.page.codes.304": 59,
        "browser.page.codes.204": 233,
        "vusers.failed": 0,
        "vusers.completed": 14,
        "vusers.created_by_name.Login Performance Test": 20,
        "vusers.created": 20,
        "browser.page.codes.302": 38
      },
      "rates": {},
      "firstCounterAt": 1745344420004,
      "firstHistogramAt": 1745344420160,
      "lastCounterAt": 1745344429983,
      "lastHistogramAt": 1745344429992,
      "firstMetricAt": 1745344420004,
      "lastMetricAt": 1745344429992,
      "period": "1745344420000",
      "summaries": {
        "browser.page.FCP.https://practice.expandtesting.com/secure": {
          "min": 1253.8,
          "max": 3072.1,
          "count": 15,
          "mean": 1793.8,
          "p50": 1826.6,
          "median": 1826.6,
          "p75": 1939.5,
          "p90": 2231,
          "p95": 2276.1,
          "p99": 2276.1,
          "p999": 2276.1
        },
        "browser.page.TTFB.https://practice.expandtesting.com/login": {
          "min": 416.1,
          "max": 1482.1,
          "count": 20,
          "mean": 867.2,
          "p50": 820.7,
          "median": 820.7,
          "p75": 944,
          "p90": 1043.3,
          "p95": 1495.5,
          "p99": 1495.5,
          "p999": 1495.5
        },
        "vusers.session_length": {
          "min": 6560.5,
          "max": 11992.8,
          "count": 14,
          "mean": 8734.1,
          "p50": 8186.6,
          "median": 8186.6,
          "p75": 8868.4,
          "p90": 10201.2,
          "p95": 10832,
          "p99": 10832,
          "p999": 10832
        },
        "browser.page.FCP.https://practice.expandtesting.com/login": {
          "min": 1919.9,
          "max": 4100.7,
          "count": 20,
          "mean": 3264.8,
          "p50": 3262.4,
          "median": 3262.4,
          "p75": 3828.5,
          "p90": 4065.2,
          "p95": 4065.2,
          "p99": 4065.2,
          "p999": 4065.2
        },
        "browser.page.LCP.https://practice.expandtesting.com/login": {
          "min": 1473.9,
          "max": 4075,
          "count": 19,
          "mean": 3057.8,
          "p50": 3262.4,
          "median": 3262.4,
          "p75": 3678.4,
          "p90": 3905.8,
          "p95": 3984.7,
          "p99": 3984.7,
          "p999": 3984.7
        },
        "browser.page.FID.https://practice.expandtesting.com/login": {
          "min": 0.4,
          "max": 0.9,
          "count": 19,
          "mean": 0.6,
          "p50": 0.5,
          "median": 0.5,
          "p75": 0.6,
          "p90": 0.7,
          "p95": 0.7,
          "p99": 0.7,
          "p999": 0.7
        },
        "browser.page.INP.https://practice.expandtesting.com/login": {
          "min": 16,
          "max": 32,
          "count": 14,
          "mean": 17.1,
          "p50": 16,
          "median": 16,
          "p75": 16,
          "p90": 16,
          "p95": 16,
          "p99": 16,
          "p999": 16
        },
        "browser.page.CLS.https://practice.expandtesting.com/login": {
          "min": 0.1,
          "max": 0.1,
          "count": 14,
          "mean": 0.1,
          "p50": 0.1,
          "median": 0.1,
          "p75": 0.1,
          "p90": 0.1,
          "p95": 0.1,
          "p99": 0.1,
          "p999": 0.1
        }
      },
      "histograms": {
        "browser.page.FCP.https://practice.expandtesting.com/secure": {
          "min": 1253.8,
          "max": 3072.1,
          "count": 15,
          "mean": 1793.8,
          "p50": 1826.6,
          "median": 1826.6,
          "p75": 1939.5,
          "p90": 2231,
          "p95": 2276.1,
          "p99": 2276.1,
          "p999": 2276.1
        },
        "browser.page.TTFB.https://practice.expandtesting.com/login": {
          "min": 416.1,
          "max": 1482.1,
          "count": 20,
          "mean": 867.2,
          "p50": 820.7,
          "median": 820.7,
          "p75": 944,
          "p90": 1043.3,
          "p95": 1495.5,
          "p99": 1495.5,
          "p999": 1495.5
        },
        "vusers.session_length": {
          "min": 6560.5,
          "max": 11992.8,
          "count": 14,
          "mean": 8734.1,
          "p50": 8186.6,
          "median": 8186.6,
          "p75": 8868.4,
          "p90": 10201.2,
          "p95": 10832,
          "p99": 10832,
          "p999": 10832
        },
        "browser.page.FCP.https://practice.expandtesting.com/login": {
          "min": 1919.9,
          "max": 4100.7,
          "count": 20,
          "mean": 3264.8,
          "p50": 3262.4,
          "median": 3262.4,
          "p75": 3828.5,
          "p90": 4065.2,
          "p95": 4065.2,
          "p99": 4065.2,
          "p999": 4065.2
        },
        "browser.page.LCP.https://practice.expandtesting.com/login": {
          "min": 1473.9,
          "max": 4075,
          "count": 19,
          "mean": 3057.8,
          "p50": 3262.4,
          "median": 3262.4,
          "p75": 3678.4,
          "p90": 3905.8,
          "p95": 3984.7,
          "p99": 3984.7,
          "p999": 3984.7
        },
        "browser.page.FID.https://practice.expandtesting.com/login": {
          "min": 0.4,
          "max": 0.9,
          "count": 19,
          "mean": 0.6,
          "p50": 0.5,
          "median": 0.5,
          "p75": 0.6,
          "p90": 0.7,
          "p95": 0.7,
          "p99": 0.7,
          "p999": 0.7
        },
        "browser.page.INP.https://practice.expandtesting.com/login": {
          "min": 16,
          "max": 32,
          "count": 14,
          "mean": 17.1,
          "p50": 16,
          "median": 16,
          "p75": 16,
          "p90": 16,
          "p95": 16,
          "p99": 16,
          "p999": 16
        },
        "browser.page.CLS.https://practice.expandtesting.com/login": {
          "min": 0.1,
          "max": 0.1,
          "count": 14,
          "mean": 0.1,
          "p50": 0.1,
          "median": 0.1,
          "p75": 0.1,
          "p90": 0.1,
          "p95": 0.1,
          "p99": 0.1,
          "p999": 0.1
        }
      }
    },
    {
      "counters": {
        "browser.http_requests": 1390,
        "browser.page.codes.200": 1004,
        "browser.page.codes.204": 362,
        "browser.page.codes.302": 60,
        "vusers.failed": 0,
        "vusers.completed": 25,
        "browser.page.codes.304": 120,
        "vusers.created_by_name.Login Performance Test": 8,
        "vusers.created": 8,
        "browser.page.codes.400": 1
      },
      "rates": {},
      "firstCounterAt": 1745344430002,
      "firstHistogramAt": 1745344430165,
      "lastCounterAt": 1745344439998,
      "lastHistogramAt": 1745344439982,
      "firstMetricAt": 1745344430002,
      "lastMetricAt": 1745344439998,
      "period": "1745344430000",
      "summaries": {
        "vusers.session_length": {
          "min": 7387.8,
          "max": 13499.3,
          "count": 25,
          "mean": 10081.4,
          "p50": 10201.2,
          "median": 10201.2,
          "p75": 11050.8,
          "p90": 11274.1,
          "p95": 11501.8,
          "p99": 12459.8,
          "p999": 12459.8
        },
        "browser.page.INP.https://practice.expandtesting.com/login": {
          "min": 8,
          "max": 32,
          "count": 24,
          "mean": 16.3,
          "p50": 16,
          "median": 16,
          "p75": 16,
          "p90": 16,
          "p95": 16,
          "p99": 32.1,
          "p999": 32.1
        },
        "browser.page.CLS.https://practice.expandtesting.com/login": {
          "min": 0.1,
          "max": 0.2,
          "count": 24,
          "mean": 0.1,
          "p50": 0.1,
          "median": 0.1,
          "p75": 0.1,
          "p90": 0.1,
          "p95": 0.2,
          "p99": 0.2,
          "p999": 0.2
        },
        "browser.page.FCP.https://practice.expandtesting.com/secure": {
          "min": 962.9,
          "max": 2691,
          "count": 25,
          "mean": 1625.6,
          "p50": 1587.9,
          "median": 1587.9,
          "p75": 1826.6,
          "p90": 2101.1,
          "p95": 2276.1,
          "p99": 2618.1,
          "p999": 2618.1
        },
        "browser.page.LCP.https://practice.expandtesting.com/login": {
          "min": 3036.9,
          "max": 5633.4,
          "count": 20,
          "mean": 4244.7,
          "p50": 4065.2,
          "median": 4065.2,
          "p75": 4676.2,
          "p90": 5598.4,
          "p95": 5598.4,
          "p99": 5598.4,
          "p999": 5598.4
        },
        "browser.page.FID.https://practice.expandtesting.com/login": {
          "min": 0.4,
          "max": 0.9,
          "count": 20,
          "mean": 0.6,
          "p50": 0.5,
          "median": 0.5,
          "p75": 0.7,
          "p90": 0.7,
          "p95": 0.8,
          "p99": 0.8,
          "p999": 0.8
        },
        "browser.page.TTFB.https://practice.expandtesting.com/login": {
          "min": 723,
          "max": 1968.3,
          "count": 20,
          "mean": 1044.9,
          "p50": 944,
          "median": 944,
          "p75": 1224.4,
          "p90": 1326.4,
          "p95": 1556.5,
          "p99": 1556.5,
          "p999": 1556.5
        },
        "browser.page.FCP.https://practice.expandtesting.com/login": {
          "min": 3330.1,
          "max": 5633.4,
          "count": 16,
          "mean": 4440.4,
          "p50": 4231.1,
          "median": 4231.1,
          "p75": 4965.3,
          "p90": 5598.4,
          "p95": 5598.4,
          "p99": 5598.4,
          "p999": 5598.4
        },
        "browser.page.TTFB.https://practice.expandtesting.com/secure": {
          "min": 678.5,
          "max": 868.1,
          "count": 2,
          "mean": 773.3,
          "p50": 671.9,
          "median": 671.9,
          "p75": 671.9,
          "p90": 671.9,
          "p95": 671.9,
          "p99": 671.9,
          "p999": 671.9
        }
      },
      "histograms": {
        "vusers.session_length": {
          "min": 7387.8,
          "max": 13499.3,
          "count": 25,
          "mean": 10081.4,
          "p50": 10201.2,
          "median": 10201.2,
          "p75": 11050.8,
          "p90": 11274.1,
          "p95": 11501.8,
          "p99": 12459.8,
          "p999": 12459.8
        },
        "browser.page.INP.https://practice.expandtesting.com/login": {
          "min": 8,
          "max": 32,
          "count": 24,
          "mean": 16.3,
          "p50": 16,
          "median": 16,
          "p75": 16,
          "p90": 16,
          "p95": 16,
          "p99": 32.1,
          "p999": 32.1
        },
        "browser.page.CLS.https://practice.expandtesting.com/login": {
          "min": 0.1,
          "max": 0.2,
          "count": 24,
          "mean": 0.1,
          "p50": 0.1,
          "median": 0.1,
          "p75": 0.1,
          "p90": 0.1,
          "p95": 0.2,
          "p99": 0.2,
          "p999": 0.2
        },
        "browser.page.FCP.https://practice.expandtesting.com/secure": {
          "min": 962.9,
          "max": 2691,
          "count": 25,
          "mean": 1625.6,
          "p50": 1587.9,
          "median": 1587.9,
          "p75": 1826.6,
          "p90": 2101.1,
          "p95": 2276.1,
          "p99": 2618.1,
          "p999": 2618.1
        },
        "browser.page.LCP.https://practice.expandtesting.com/login": {
          "min": 3036.9,
          "max": 5633.4,
          "count": 20,
          "mean": 4244.7,
          "p50": 4065.2,
          "median": 4065.2,
          "p75": 4676.2,
          "p90": 5598.4,
          "p95": 5598.4,
          "p99": 5598.4,
          "p999": 5598.4
        },
        "browser.page.FID.https://practice.expandtesting.com/login": {
          "min": 0.4,
          "max": 0.9,
          "count": 20,
          "mean": 0.6,
          "p50": 0.5,
          "median": 0.5,
          "p75": 0.7,
          "p90": 0.7,
          "p95": 0.8,
          "p99": 0.8,
          "p999": 0.8
        },
        "browser.page.TTFB.https://practice.expandtesting.com/login": {
          "min": 723,
          "max": 1968.3,
          "count": 20,
          "mean": 1044.9,
          "p50": 944,
          "median": 944,
          "p75": 1224.4,
          "p90": 1326.4,
          "p95": 1556.5,
          "p99": 1556.5,
          "p999": 1556.5
        },
        "browser.page.FCP.https://practice.expandtesting.com/login": {
          "min": 3330.1,
          "max": 5633.4,
          "count": 16,
          "mean": 4440.4,
          "p50": 4231.1,
          "median": 4231.1,
          "p75": 4965.3,
          "p90": 5598.4,
          "p95": 5598.4,
          "p99": 5598.4,
          "p999": 5598.4
        },
        "browser.page.TTFB.https://practice.expandtesting.com/secure": {
          "min": 678.5,
          "max": 868.1,
          "count": 2,
          "mean": 773.3,
          "p50": 671.9,
          "median": 671.9,
          "p75": 671.9,
          "p90": 671.9,
          "p95": 671.9,
          "p99": 671.9,
          "p999": 671.9
        }
      }
    },
    {
      "counters": {
        "browser.page.codes.204": 12,
        "browser.http_requests": 85,
        "browser.page.codes.200": 54,
        "browser.page.codes.304": 23,
        "vusers.failed": 0,
        "vusers.completed": 5,
        "browser.page.codes.302": 2
      },
      "rates": {},
      "firstCounterAt": 1745344440009,
      "firstHistogramAt": 1745344440009,
      "lastCounterAt": 1745344441532,
      "lastHistogramAt": 1745344441532,
      "firstMetricAt": 1745344440009,
      "lastMetricAt": 1745344441532,
      "period": "1745344440000",
      "summaries": {
        "browser.page.INP.https://practice.expandtesting.com/login": {
          "min": 16,
          "max": 24,
          "count": 3,
          "mean": 18.7,
          "p50": 16,
          "median": 16,
          "p75": 16,
          "p90": 16,
          "p95": 16,
          "p99": 16,
          "p999": 16
        },
        "browser.page.CLS.https://practice.expandtesting.com/login": {
          "min": 0.1,
          "max": 0.3,
          "count": 3,
          "mean": 0.2,
          "p50": 0.1,
          "median": 0.1,
          "p75": 0.1,
          "p90": 0.1,
          "p95": 0.1,
          "p99": 0.1,
          "p999": 0.1
        },
        "browser.page.FCP.https://practice.expandtesting.com/secure": {
          "min": 904.5,
          "max": 980.9,
          "count": 4,
          "mean": 940.2,
          "p50": 925.4,
          "median": 925.4,
          "p75": 944,
          "p90": 944,
          "p95": 944,
          "p99": 944,
          "p999": 944
        },
        "vusers.session_length": {
          "min": 6904.6,
          "max": 9390.6,
          "count": 5,
          "mean": 8417,
          "p50": 8868.4,
          "median": 8868.4,
          "p75": 9416.8,
          "p90": 9416.8,
          "p95": 9416.8,
          "p99": 9416.8,
          "p999": 9416.8
        },
        "browser.page.LCP.https://practice.expandtesting.com/login": {
          "min": 3859.6,
          "max": 3859.6,
          "count": 1,
          "mean": 3859.6,
          "p50": 3828.5,
          "median": 3828.5,
          "p75": 3828.5,
          "p90": 3828.5,
          "p95": 3828.5,
          "p99": 3828.5,
          "p999": 3828.5
        },
        "browser.page.FID.https://practice.expandtesting.com/login": {
          "min": 0.5,
          "max": 0.5,
          "count": 1,
          "mean": 0.5,
          "p50": 0.5,
          "median": 0.5,
          "p75": 0.5,
          "p90": 0.5,
          "p95": 0.5,
          "p99": 0.5,
          "p999": 0.5
        },
        "browser.page.TTFB.https://practice.expandtesting.com/secure": {
          "min": 606,
          "max": 606,
          "count": 1,
          "mean": 606,
          "p50": 608,
          "median": 608,
          "p75": 608,
          "p90": 608,
          "p95": 608,
          "p99": 608,
          "p999": 608
        }
      },
      "histograms": {
        "browser.page.INP.https://practice.expandtesting.com/login": {
          "min": 16,
          "max": 24,
          "count": 3,
          "mean": 18.7,
          "p50": 16,
          "median": 16,
          "p75": 16,
          "p90": 16,
          "p95": 16,
          "p99": 16,
          "p999": 16
        },
        "browser.page.CLS.https://practice.expandtesting.com/login": {
          "min": 0.1,
          "max": 0.3,
          "count": 3,
          "mean": 0.2,
          "p50": 0.1,
          "median": 0.1,
          "p75": 0.1,
          "p90": 0.1,
          "p95": 0.1,
          "p99": 0.1,
          "p999": 0.1
        },
        "browser.page.FCP.https://practice.expandtesting.com/secure": {
          "min": 904.5,
          "max": 980.9,
          "count": 4,
          "mean": 940.2,
          "p50": 925.4,
          "median": 925.4,
          "p75": 944,
          "p90": 944,
          "p95": 944,
          "p99": 944,
          "p999": 944
        },
        "vusers.session_length": {
          "min": 6904.6,
          "max": 9390.6,
          "count": 5,
          "mean": 8417,
          "p50": 8868.4,
          "median": 8868.4,
          "p75": 9416.8,
          "p90": 9416.8,
          "p95": 9416.8,
          "p99": 9416.8,
          "p999": 9416.8
        },
        "browser.page.LCP.https://practice.expandtesting.com/login": {
          "min": 3859.6,
          "max": 3859.6,
          "count": 1,
          "mean": 3859.6,
          "p50": 3828.5,
          "median": 3828.5,
          "p75": 3828.5,
          "p90": 3828.5,
          "p95": 3828.5,
          "p99": 3828.5,
          "p999": 3828.5
        },
        "browser.page.FID.https://practice.expandtesting.com/login": {
          "min": 0.5,
          "max": 0.5,
          "count": 1,
          "mean": 0.5,
          "p50": 0.5,
          "median": 0.5,
          "p75": 0.5,
          "p90": 0.5,
          "p95": 0.5,
          "p99": 0.5,
          "p999": 0.5
        },
        "browser.page.TTFB.https://practice.expandtesting.com/secure": {
          "min": 606,
          "max": 606,
          "count": 1,
          "mean": 606,
          "p50": 608,
          "median": 608,
          "p75": 608,
          "p90": 608,
          "p95": 608,
          "p99": 608,
          "p999": 608
        }
      }
    }
  ]
}