{
  "aggregate": {
    "counters": {
      "vusers.created_by_name.Login Performance Test": 60,
      "vusers.created": 60,
      "browser.page.codes.200": 3045,
      "browser.http_requests": 4007,
      "browser.page.codes.204": 900,
      "browser.page.codes.302": 131,
      "browser.page.codes.304": 311,
      "vusers.failed": 0,
      "vusers.completed": 60,
      "browser.page.codes.400": 3
    },
    "rates": {},
    "firstCounterAt": 1745346590871,
    "firstHistogramAt": 1745346592207,
    "lastCounterAt": 1745346625580,
    "lastHistogramAt": 1745346625580,
    "firstMetricAt": 1745346590871,
    "lastMetricAt": 1745346625580,
    "period": 1745346620000,
    "summaries": {
      "browser.page.FCP.https://practice.expandtesting.com/login": {
        "min": 793.1,
        "max": 3217.2,
        "count": 60,
        "mean": 1736.5,
        "p50": 1620,
        "median": 1620,
        "p75": 2101.1,
        "p90": 2465.6,
        "p95": 2566.3,
        "p99": 3197.8,
        "p999": 3197.8
      },
      "browser.page.TTFB.https://practice.expandtesting.com/login": {
        "min": 347.5,
        "max": 1333.6,
        "count": 60,
        "mean": 628.4,
        "p50": 584.2,
        "median": 584.2,
        "p75": 713.5,
        "p90": 820.7,
        "p95": 1085.9,
        "p99": 1249.1,
        "p999": 1249.1
      },
      "browser.page.LCP.https://practice.expandtesting.com/login": {
        "min": 793.1,
        "max": 3217.2,
        "count": 60,
        "mean": 1736.5,
        "p50": 1620,
        "median": 1620,
        "p75": 2101.1,
        "p90": 2465.6,
        "p95": 2566.3,
        "p99": 3197.8,
        "p999": 3197.8
      },
      "browser.page.FID.https://practice.expandtesting.com/login": {
        "min": 0.3,
        "max": 3.9,
        "count": 60,
        "mean": 0.6,
        "p50": 0.5,
        "median": 0.5,
        "p75": 0.6,
        "p90": 0.7,
        "p95": 0.8,
        "p99": 3.1,
        "p999": 3.1
      },
      "browser.page.INP.https://practice.expandtesting.com/login": {
        "min": 8,
        "max": 96,
        "count": 60,
        "mean": 18.3,
        "p50": 16,
        "median": 16,
        "p75": 16,
        "p90": 23.8,
        "p95": 32.1,
        "p99": 47.9,
        "p999": 47.9
      },
      "browser.page.CLS.https://practice.expandtesting.com/login": {
        "min": 0.1,
        "max": 0.3,
        "count": 60,
        "mean": 0.1,
        "p50": 0.1,
        "median": 0.1,
        "p75": 0.1,
        "p90": 0.2,
        "p95": 0.2,
        "p99": 0.3,
        "p999": 0.3
      },
      "browser.page.FCP.https://practice.expandtesting.com/secure": {
        "min": 885.9,
        "max": 1999,
        "count": 60,
        "mean": 1210.7,
        "p50": 1176.4,
        "median": 1176.4,
        "p75": 1274.3,
        "p90": 1465.9,
        "p95": 1556.5,
        "p99": 1720.2,
        "p999": 1720.2
      },
      "vusers.session_length": {
        "min": 4078.1,
        "max": 8008.4,
        "count": 60,
        "mean": 5990,
        "p50": 5944.6,
        "median": 5944.6,
        "p75": 6439.7,
        "p90": 7117,
        "p95": 7407.5,
        "p99": 7557.1,
        "p999": 7557.1
      },
      "browser.page.TTFB.https://practice.expandtesting.com/secure": {
        "min": 606.8,
        "max": 606.8,
        "count": 1,
        "mean": 606.8,
        "p50": 608,
        "median": 608,
        "p75": 608,
        "p90": 608,
        "p95": 608,
        "p99": 608,
        "p999": 608
      }
    },
    "histograms": {
      "browser.page.FCP.https://practice.expandtesting.com/login": {
        "min": 793.1,
        "max": 3217.2,
        "count": 60,
        "mean": 1736.5,
        "p50": 1620,
        "median": 1620,
        "p75": 2101.1,
        "p90": 2465.6,
        "p95": 2566.3,
        "p99": 3197.8,
        "p999": 3197.8
      },
      "browser.page.TTFB.https://practice.expandtesting.com/login": {
        "min": 347.5,
        "max": 1333.6,
        "count": 60,
        "mean": 628.4,
        "p50": 584.2,
        "median": 584.2,
        "p75": 713.5,
        "p90": 820.7,
        "p95": 1085.9,
        "p99": 1249.1,
        "p999": 1249.1
      },
      "browser.page.LCP.https://practice.expandtesting.com/login": {
        "min": 793.1,
        "max": 3217.2,
        "count": 60,
        "mean": 1736.5,
        "p50": 1620,
        "median": 1620,
        "p75": 2101.1,
        "p90": 2465.6,
        "p95": 2566.3,
        "p99": 3197.8,
        "p999": 3197.8
      },
      "browser.page.FID.https://practice.expandtesting.com/login": {
        "min": 0.3,
        "max": 3.9,
        "count": 60,
        "mean": 0.6,
        "p50": 0.5,
        "median": 0.5,
        "p75": 0.6,
        "p90": 0.7,
        "p95": 0.8,
        "p99": 3.1,
        "p999": 3.1
      },
      "browser.page.INP.https://practice.expandtesting.com/login": {
        "min": 8,
        "max": 96,
        "count": 60,
        "mean": 18.3,
        "p50": 16,
        "median": 16,
        "p75": 16,
        "p90": 23.8,
        "p95": 32.1,
        "p99": 47.9,
        "p999": 47.9
      },
      "browser.page.CLS.https://practice.expandtesting.com/login": {
        "min": 0.1,
        "max": 0.3,
        "count": 60,
        "mean": 0.1,
        "p50": 0.1,
        "median": 0.1,
        "p75": 0.1,
        "p90": 0.2,
        "p95": 0.2,
        "p99": 0.3,
        "p999": 0.3
      },
      "browser.page.FCP.https://practice.expandtesting.com/secure": {
        "min": 885.9,
        "max": 1999,
        "count": 60,
        "mean": 1210.7,
        "p50": 1176.4,
        "median": 1176.4,
        "p75": 1274.3,
        "p90": 1465.9,
        "p95": 1556.5,
        "p99": 1720.2,
        "p999": 1720.2
      },
      "vusers.session_length": {
        "min": 4078.1,
        "max": 8008.4,
        "count": 60,
        "mean": 5990,
        "p50": 5944.6,
        "median": 5944.6,
        "p75": 6439.7,
        "p90": 7117,
        "p95": 7407.5,
        "p99": 7557.1,
        "p999": 7557.1
      },
      "browser.page.TTFB.https://practice.expandtesting.com/secure": {
        "min": 606.8,
        "max": 606.8,
        "count": 1,
        "mean": 606.8,
        "p50": 608,
        "median": 608,
        "p75": 608,
        "p90": 608,
        "p95": 608,
        "p99": 608,
        "p999": 608
      }
    }
  },
  "intermediate": [
    {
      "counters": {
        "vusers.created_by_name.Login Performance Test": 20,
        "vusers.created": 20,
        "browser.page.codes.200": 607,
        "browser.http_requests": 757,
        "browser.page.codes.204": 148,
        "browser.page.codes.302": 20,
        "browser.page.codes.304": 42,
        "vusers.failed": 0,
        "vusers.completed": 8
      },
      "rates": {},
      "firstCounterAt": 1745346590871,
      "firstHistogramAt": 1745346592207,
      "lastCounterAt": 1745346599982,
      "lastHistogramAt": 1745346599971,
      "firstMetricAt": 1745346590871,
      "lastMetricAt": 1745346599982,
      "period": "1745346590000",
      "summaries": {
        "browser.page.FCP.https://practice.expandtesting.com/login": {
          "min": 793.1,
          "max": 2298.8,
          "count": 16,
          "mean": 1376.9,
          "p50": 1085.9,
          "median": 1085.9,
          "p75": 1465.9,
          "p90": 2186.8,
          "p95": 2276.1,
          "p99": 2276.1,
          "p999": 2276.1
        },
        "browser.page.TTFB.https://practice.expandtesting.com/login": {
          "min": 347.5,
          "max": 485.8,
          "count": 10,
          "mean": 415.9,
          "p50": 407.5,
          "median": 407.5,
          "p75": 450.4,
          "p90": 468.8,
          "p95": 468.8,
          "p99": 468.8,
          "p999": 468.8
        },
        "browser.page.LCP.https://practice.expandtesting.com/login": {
          "min": 793.1,
          "max": 1387.4,
          "count": 10,
          "mean": 1026,
          "p50": 1002.4,
          "median": 1002.4,
          "p75": 1043.3,
          "p90": 1274.3,
          "p95": 1274.3,
          "p99": 1274.3,
          "p999": 1274.3
        },
        "browser.page.FID.https://practice.expandtesting.com/login": {
          "min": 0.4,
          "max": 3.9,
          "count": 10,
          "mean": 1.1,
          "p50": 0.5,
          "median": 0.5,
          "p75": 0.5,
          "p90": 3.1,
          "p95": 3.1,
          "p99": 3.1,
          "p999": 3.1
        },
        "browser.page.INP.https://practice.expandtesting.com/login": {
          "min": 8,
          "max": 16,
          "count": 10,
          "mean": 15.2,
          "p50": 16,
          "median": 16,
          "p75": 16,
          "p90": 16,
          "p95": 16,
          "p99": 16,
          "p999": 16
        },
        "browser.page.CLS.https://practice.expandtesting.com/login": {
          "min": 0.1,
          "max": 0.1,
          "count": 10,
          "mean": 0.1,
          "p50": 0.1,
          "median": 0.1,
          "p75": 0.1,
          "p90": 0.1,
          "p95": 0.1,
          "p99": 0.1,
          "p999": 0.1
        },
        "browser.page.FCP.https://practice.expandtesting.com/secure": {
          "min": 1006.1,
          "max": 1716.4,
          "count": 8,
          "mean": 1210.9,
          "p50": 1064.4,
          "median": 1064.4,
          "p75": 1249.1,
          "p90": 1465.9,
          "p95": 1465.9,
          "p99": 1465.9,
          "p999": 1465.9
        },
        "vusers.session_length": {
          "min": 4078.1,
          "max": 5370.8,
          "count": 8,
          "mean": 4712.9,
          "p50": 4676.2,
          "median": 4676.2,
          "p75": 5065.6,
          "p90": 5065.6,
          "p95": 5065.6,
          "p99": 5065.6,
          "p999": 5065.6
        }
      },
      "histograms": {
        "browser.page.FCP.https://practice.expandtesting.com/login": {
          "min": 793.1,
          "max": 2298.8,
          "count": 16,
          "mean": 1376.9,
          "p50": 1085.9,
          "median": 1085.9,
          "p75": 1465.9,
          "p90": 2186.8,
          "p95": 2276.1,
          "p99": 2276.1,
          "p999": 2276.1
        },
        "browser.page.TTFB.https://practice.expandtesting.com/login": {
          "min": 347.5,
          "max": 485.8,
          "count": 10,
          "mean": 415.9,
          "p50": 407.5,
          "median": 407.5,
          "p75": 450.4,
          "p90": 468.8,
          "p95": 468.8,
          "p99": 468.8,
          "p999": 468.8
        },
        "browser.page.LCP.https://practice.expandtesting.com/login": {
          "min": 793.1,
          "max": 1387.4,
          "count": 10,
          "mean": 1026,
          "p50": 1002.4,
          "median": 1002.4,
          "p75": 1043.3,
          "p90": 1274.3,
          "p95": 1274.3,
          "p99": 1274.3,
          "p999": 1274.3
        },
        "browser.page.FID.https://practice.expandtesting.com/login": {
          "min": 0.4,
          "max": 3.9,
          "count": 10,
          "mean": 1.1,
          "p50": 0.5,
          "median": 0.5,
          "p75": 0.5,
          "p90": 3.1,
          "p95": 3.1,
          "p99": 3.1,
          "p999": 3.1
        },
        "browser.page.INP.https://practice.expandtesting.com/login": {
          "min": 8,
          "max": 16,
          "count": 10,
          "mean": 15.2,
          "p50": 16,
          "median": 16,
          "p75": 16,
          "p90": 16,
          "p95": 16,
          "p99": 16,
          "p999": 16
        },
        "browser.page.CLS.https://practice.expandtesting.com/login": {
          "min": 0.1,
          "max": 0.1,
          "count": 10,
          "mean": 0.1,
          "p50": 0.1,
          "median": 0.1,
          "p75": 0.1,
          "p90": 0.1,
          "p95": 0.1,
          "p99": 0.1,
          "p999": 0.1
        },
        "browser.page.FCP.https://practice.expandtesting.com/secure": {
          "min": 1006.1,
          "max": 1716.4,
          "count": 8,
          "mean": 1210.9,
          "p50": 1064.4,
          "median": 1064.4,
          "p75": 1249.1,
          "p90": 1465.9,
          "p95": 1465.9,
          "p99": 1465.9,
          "p999": 1465.9
        },
        "vusers.session_length": {
          "min": 4078.1,
          "max": 5370.8,
          "count": 8,
          "mean": 4712.9,
          "p50": 4676.2,
          "median": 4676.2,
          "p75": 5065.6,
          "p90": 5065.6,
          "p95": 5065.6,
          "p99": 5065.6,
          "p999": 5065.6
        }
      }
    },
    {
      "counters": {
        "browser.page.codes.200": 975,
        "browser.http_requests": 1258,
        "browser.page.codes.204": 267,
        "browser.page.codes.304": 102,
        "browser.page.codes.302": 40,
        "vusers.failed": 0,
        "vusers.completed": 18,
        "vusers.created_by_name.Login Performance Test": 20,
        "vusers.created": 20
      },
      "rates": {},
      "firstCounterAt": 1745346600015,
      "firstHistogramAt": 1745346600066,
      "lastCounterAt": 1745346609998,
      "lastHistogramAt": 1745346609985,
      "firstMetricAt": 1745346600015,
      "lastMetricAt": 1745346609998,
      "period": "1745346600000",
      "summaries": {
        "browser.page.FCP.https://practice.expandtesting.com/secure": {
          "min": 1066.9,
          "max": 1999,
          "count": 19,
          "mean": 1286.7,
          "p50": 1176.4,
          "median": 1176.4,
          "p75": 1326.4,
          "p90": 1556.5,
          "p95": 1686.1,
          "p99": 1686.1,
          "p999": 1686.1
        },
        "browser.page.TTFB.https://practice.expandtesting.com/login": {
          "min": 348.8,
          "max": 1261,
          "count": 21,
          "mean": 669.7,
          "p50": 608,
          "median": 608,
          "p75": 671.9,
          "p90": 1085.9,
          "p95": 1249.1,
          "p99": 1249.1,
          "p999": 1249.1
        },
        "browser.page.FCP.https://practice.expandtesting.com/login": {
          "min": 1312.7,
          "max": 2566.9,
          "count": 20,
          "mean": 1801.2,
          "p50": 1620,
          "median": 1620,
          "p75": 2101.1,
          "p90": 2276.1,
          "p95": 2515.5,
          "p99": 2515.5,
          "p999": 2515.5
        },
        "browser.page.LCP.https://practice.expandtesting.com/login": {
          "min": 1405.7,
          "max": 2566.9,
          "count": 20,
          "mean": 1837.7,
          "p50": 1620,
          "median": 1620,
          "p75": 2143.5,
          "p90": 2276.1,
          "p95": 2515.5,
          "p99": 2515.5,
          "p999": 2515.5
        },
        "browser.page.FID.https://practice.expandtesting.com/login": {
          "min": 0.4,
          "max": 0.8,
          "count": 20,
          "mean": 0.6,
          "p50": 0.5,
          "median": 0.5,
          "p75": 0.6,
          "p90": 0.7,
          "p95": 0.8,
          "p99": 0.8,
          "p999": 0.8
        },
        "vusers.session_length": {
          "min": 5439.7,
          "max": 7464.3,
          "count": 18,
          "mean": 6209.8,
          "p50": 6064.7,
          "median": 6064.7,
          "p75": 6312.2,
          "p90": 6702.6,
          "p95": 7407.5,
          "p99": 7407.5,
          "p999": 7407.5
        },
        "browser.page.INP.https://practice.expandtesting.com/login": {
          "min": 8,
          "max": 48,
          "count": 17,
          "mean": 17.9,
          "p50": 16,
          "median": 16,
          "p75": 16,
          "p90": 32.1,
          "p95": 32.1,
          "p99": 32.1,
          "p999": 32.1
        },
        "browser.page.CLS.https://practice.expandtesting.com/login": {
          "min": 0.1,
          "max": 0.3,
          "count": 17,
          "mean": 0.1,
          "p50": 0.1,
          "median": 0.1,
          "p75": 0.1,
          "p90": 0.2,
          "p95": 0.2,
          "p99": 0.2,
          "p999": 0.2
        }
      },
      "histograms": {
        "browser.page.FCP.https://practice.expandtesting.com/secure": {
          "min": 1066.9,
          "max": 1999,
          "count": 19,
          "mean": 1286.7,
          "p50": 1176.4,
          "median": 1176.4,
          "p75": 1326.4,
          "p90": 1556.5,
          "p95": 1686.1,
          "p99": 1686.1,
          "p999": 1686.1
        },
        "browser.page.TTFB.https://practice.expandtesting.com/login": {
          "min": 348.8,
          "max": 1261,
          "count": 21,
          "mean": 669.7,
          "p50": 608,
          "median": 608,
          "p75": 671.9,
          "p90": 1085.9,
          "p95": 1249.1,
          "p99": 1249.1,
          "p999": 1249.1
        },
        "browser.page.FCP.https://practice.expandtesting.com/login": {
          "min": 1312.7,
          "max": 2566.9,
          "count": 20,
          "mean": 1801.2,
          "p50": 1620,
          "median": 1620,
          "p75": 2101.1,
          "p90": 2276.1,
          "p95": 2515.5,
          "p99": 2515.5,
          "p999": 2515.5
        },
        "browser.page.LCP.https://practice.expandtesting.com/login": {
          "min": 1405.7,
          "max": 2566.9,
          "count": 20,
          "mean": 1837.7,
          "p50": 1620,
          "median": 1620,
          "p75": 2143.5,
          "p90": 2276.1,
          "p95": 2515.5,
          "p99": 2515.5,
          "p999": 2515.5
        },
        "browser.page.FID.https://practice.expandtesting.com/login": {
          "min": 0.4,
          "max": 0.8,
          "count": 20,
          "mean": 0.6,
          "p50": 0.5,
          "median": 0.5,
          "p75": 0.6,
          "p90": 0.7,
          "p95": 0.8,
          "p99": 0.8,
          "p999": 0.8
        },
        "vusers.session_length": {
          "min": 5439.7,
          "max": 7464.3,
          "count": 18,
          "mean": 6209.8,
          "p50": 6064.7,
          "median": 6064.7,
          "p75": 6312.2,
          "p90": 6702.6,
          "p95": 7407.5,
          "p99": 7407.5,
          "p999": 7407.5
        },
        "browser.page.INP.https://practice.expandtesting.com/login": {
          "min": 8,
          "max": 48,
          "count": 17,
          "mean": 17.9,
          "p50": 16,
          "median": 16,
          "p75": 16,
          "p90": 32.1,
          "p95": 32.1,
          "p99": 32.1,
          "p999": 32.1
        },
        "browser.page.CLS.https://practice.expandtesting.com/login": {
          "min": 0.1,
          "max": 0.3,
          "count": 17,
          "mean": 0.1,
          "p50": 0.1,
          "median": 0.1,
          "p75": 0.1,
          "p90": 0.2,
          "p95": 0.2,
          "p99": 0.2,
          "p999": 0.2
        }
      }
    },
    {
      "counters": {
        "browser.http_requests": 1343,
        "browser.page.codes.200": 999,
        "browser.page.codes.204": 322,
        "browser.page.codes.304": 106,
        "vusers.created_by_name.Login Performance Test": 20,
        "vusers.created": 20,
        "vusers.failed": 0,
        "vusers.completed": 20,
        "browser.page.codes.302": 48,
        "browser.page.codes.400": 3
      },
      "rates": {},
      "firstCounterAt": 1745346610001,
      "firstHistogramAt": 1745346610105,
      "lastCounterAt": 1745346619990,
      "lastHistogramAt": 1745346619979,
      "firstMetricAt": 1745346610001,
      "lastMetricAt": 1745346619990,
      "period": "1745346610000",
      "summaries": {
        "browser.page.INP.https://practice.expandtesting.com/login": {
          "min": 16,
          "max": 96,
          "count": 20,
          "mean": 22,
          "p50": 16,
          "median": 16,
          "p75": 16,
          "p90": 32.1,
          "p95": 32.1,
          "p99": 32.1,
          "p999": 32.1
        },
        "browser.page.CLS.https://practice.expandtesting.com/login": {
          "min": 0.1,
          "max": 0.3,
          "count": 20,
          "mean": 0.1,
          "p50": 0.1,
          "median": 0.1,
          "p75": 0.1,
          "p90": 0.2,
          "p95": 0.2,
          "p99": 0.2,
          "p999": 0.2
        },
        "browser.page.FCP.https://practice.expandtesting.com/login": {
          "min": 945,
          "max": 2583.3,
          "count": 17,
          "mean": 1730.1,
          "p50": 1652.8,
          "median": 1652.8,
          "p75": 1939.5,
          "p90": 2018.7,
          "p95": 2515.5,
          "p99": 2515.5,
          "p999": 2515.5
        },
        "browser.page.TTFB.https://practice.expandtesting.com/login": {
          "min": 478,
          "max": 874.4,
          "count": 19,
          "mean": 633.4,
          "p50": 596,
          "median": 596,
          "p75": 699.4,
          "p90": 788.5,
          "p95": 820.7,
          "p99": 820.7,
          "p999": 820.7
        },
        "browser.page.FCP.https://practice.expandtesting.com/secure": {
          "min": 1044.5,
          "max": 1555,
          "count": 20,
          "mean": 1217.9,
          "p50": 1176.4,
          "median": 1176.4,
          "p75": 1274.3,
          "p90": 1380.5,
          "p95": 1495.5,
          "p99": 1495.5,
          "p999": 1495.5
        },
        "vusers.session_length": {
          "min": 4906.5,
          "max": 8008.4,
          "count": 20,
          "mean": 6001.4,
          "p50": 5598.4,
          "median": 5598.4,
          "p75": 6187.2,
          "p90": 7117,
          "p95": 7117,
          "p99": 7117,
          "p999": 7117
        },
        "browser.page.LCP.https://practice.expandtesting.com/login": {
          "min": 945,
          "max": 2583.3,
          "count": 19,
          "mean": 1720.9,
          "p50": 1720.2,
          "median": 1720.2,
          "p75": 1939.5,
          "p90": 2231,
          "p95": 2276.1,
          "p99": 2276.1,
          "p999": 2276.1
        },
        "browser.page.FID.https://practice.expandtesting.com/login": {
          "min": 0.3,
          "max": 0.7,
          "count": 19,
          "mean": 0.5,
          "p50": 0.5,
          "median": 0.5,
          "p75": 0.6,
          "p90": 0.6,
          "p95": 0.7,
          "p99": 0.7,
          "p999": 0.7
        }
      },
      "histograms": {
        "browser.page.INP.https://practice.expandtesting.com/login": {
          "min": 16,
          "max": 96,
          "count": 20,
          "mean": 22,
          "p50": 16,
          "median": 16,
          "p75": 16,
          "p90": 32.1,
          "p95": 32.1,
          "p99": 32.1,
          "p999": 32.1
        },
        "browser.page.CLS.https://practice.expandtesting.com/login": {
          "min": 0.1,
          "max": 0.3,
          "count": 20,
          "mean": 0.1,
          "p50": 0.1,
          "median": 0.1,
          "p75": 0.1,
          "p90": 0.2,
          "p95": 0.2,
          "p99": 0.2,
          "p999": 0.2
        },
        "browser.page.FCP.https://practice.expandtesting.com/login": {
          "min": 945,
          "max": 2583.3,
          "count": 17,
          "mean": 1730.1,
          "p50": 1652.8,
          "median": 1652.8,
          "p75": 1939.5,
          "p90": 2018.7,
          "p95": 2515.5,
          "p99": 2515.5,
          "p999": 2515.5
        },
        "browser.page.TTFB.https://practice.expandtesting.com/login": {
          "min": 478,
          "max": 874.4,
          "count": 19,
          "mean": 633.4,
          "p50": 596,
          "median": 596,
          "p75": 699.4,
          "p90": 788.5,
          "p95": 820.7,
          "p99": 820.7,
          "p999": 820.7
        },
        "browser.page.FCP.https://practice.expandtesting.com/secure": {
          "min": 1044.5,
          "max": 1555,
          "count": 20,
          "mean": 1217.9,
          "p50": 1176.4,
          "median": 1176.4,
          "p75": 1274.3,
          "p90": 1380.5,
          "p95": 1495.5,
          "p99": 1495.5,
          "p999": 1495.5
        },
        "vusers.session_length": {
          "min": 4906.5,
          "max": 8008.4,
          "count": 20,
          "mean": 6001.4,
          "p50": 5598.4,
          "median": 5598.4,
          "p75": 6187.2,
          "p90": 7117,
          "p95": 7117,
          "p99": 7117,
          "p999": 7117
        },
        "browser.page.LCP.https://practice.expandtesting.com/login": {
          "min": 945,
          "max": 2583.3,
          "count": 19,
          "mean": 1720.9,
          "p50": 1720.2,
          "median": 1720.2,
          "p75": 1939.5,
          "p90": 2231,
          "p95": 2276.1,
          "p99": 2276.1,
          "p999": 2276.1
        },
        "browser.page.FID.https://practice.expandtesting.com/login": {
          "min": 0.3,
          "max": 0.7,
          "count": 19,
          "mean": 0.5,
          "p50": 0.5,
          "median": 0.5,
          "p75": 0.6,
          "p90": 0.6,
          "p95": 0.7,
          "p99": 0.7,
          "p999": 0.7
        }
      }
    },
    {
      "counters": {
        "browser.page.codes.200": 464,
        "browser.http_requests": 649,
        "browser.page.codes.204": 163,
        "vusers.failed": 0,
        "vusers.completed": 14,
        "browser.page.codes.302": 23,
        "browser.page.codes.304": 61
      },
      "rates": {},
      "firstCounterAt": 1745346620037,
      "firstHistogramAt": 1745346620057,
      "lastCounterAt": 1745346625580,
      "lastHistogramAt": 1745346625580,
      "firstMetricAt": 1745346620037,
      "lastMetricAt": 1745346625580,
      "period": "1745346620000",
      "summaries": {
        "vusers.session_length": {
          "min": 5123,
          "max": 7548.6,
          "count": 14,
          "mean": 6421,
          "p50": 6569.8,
          "median": 6569.8,
          "p75": 6838,
          "p90": 6976.1,
          "p95": 7260.8,
          "p99": 7260.8,
          "p999": 7260.8
        },
        "browser.page.FCP.https://practice.expandtesting.com/login": {
          "min": 1548.5,
          "max": 3217.2,
          "count": 7,
          "mean": 2389.5,
          "p50": 2465.6,
          "median": 2465.6,
          "p75": 2465.6,
          "p90": 3197.8,
          "p95": 3197.8,
          "p99": 3197.8,
          "p999": 3197.8
        },
        "browser.page.TTFB.https://practice.expandtesting.com/login": {
          "min": 454.9,
          "max": 1333.6,
          "count": 10,
          "mean": 744.9,
          "p50": 713.5,
          "median": 713.5,
          "p75": 757.6,
          "p90": 788.5,
          "p95": 788.5,
          "p99": 788.5,
          "p999": 788.5
        },
        "browser.page.INP.https://practice.expandtesting.com/login": {
          "min": 8,
          "max": 24,
          "count": 13,
          "mean": 15.4,
          "p50": 16,
          "median": 16,
          "p75": 16,
          "p90": 16,
          "p95": 16,
          "p99": 16,
          "p999": 16
        },
        "browser.page.CLS.https://practice.expandtesting.com/login": {
          "min": 0.1,
          "max": 0.2,
          "count": 13,
          "mean": 0.1,
          "p50": 0.1,
          "median": 0.1,
          "p75": 0.1,
          "p90": 0.1,
          "p95": 0.2,
          "p99": 0.2,
          "p999": 0.2
        },
        "browser.page.LCP.https://practice.expandtesting.com/login": {
          "min": 1548.5,
          "max": 3217.2,
          "count": 11,
          "mean": 2225.6,
          "p50": 2231,
          "median": 2231,
          "p75": 2465.6,
          "p90": 3197.8,
          "p95": 3197.8,
          "p99": 3197.8,
          "p999": 3197.8
        },
        "browser.page.FID.https://practice.expandtesting.com/login": {
          "min": 0.4,
          "max": 0.7,
          "count": 11,
          "mean": 0.5,
          "p50": 0.5,
          "median": 0.5,
          "p75": 0.5,
          "p90": 0.6,
          "p95": 0.6,
          "p99": 0.6,
          "p999": 0.6
        },
        "browser.page.FCP.https://practice.expandtesting.com/secure": {
          "min": 885.9,
          "max": 1437,
          "count": 13,
          "mean": 1088.2,
          "p50": 1022.7,
          "median": 1022.7,
          "p75": 1200.1,
          "p90": 1300.1,
          "p95": 1326.4,
          "p99": 1326.4,
          "p999": 1326.4
        },
        "browser.page.TTFB.https://practice.expandtesting.com/secure": {
          "min": 606.8,
          "max": 606.8,
          "count": 1,
          "mean": 606.8,
          "p50": 608,
          "median": 608,
          "p75": 608,
          "p90": 608,
          "p95": 608,
          "p99": 608,
          "p999": 608
        }
      },
      "histograms": {
        "vusers.session_length": {
          "min": 5123,
          "max": 7548.6,
          "count": 14,
          "mean": 6421,
          "p50": 6569.8,
          "median": 6569.8,
          "p75": 6838,
          "p90": 6976.1,
          "p95": 7260.8,
          "p99": 7260.8,
          "p999": 7260.8
        },
        "browser.page.FCP.https://practice.expandtesting.com/login": {
          "min": 1548.5,
          "max": 3217.2,
          "count": 7,
          "mean": 2389.5,
          "p50": 2465.6,
          "median": 2465.6,
          "p75": 2465.6,
          "p90": 3197.8,
          "p95": 3197.8,
          "p99": 3197.8,
          "p999": 3197.8
        },
        "browser.page.TTFB.https://practice.expandtesting.com/login": {
          "min": 454.9,
          "max": 1333.6,
          "count": 10,
          "mean": 744.9,
          "p50": 713.5,
          "median": 713.5,
          "p75": 757.6,
          "p90": 788.5,
          "p95": 788.5,
          "p99": 788.5,
          "p999": 788.5
        },
        "browser.page.INP.https://practice.expandtesting.com/login": {
          "min": 8,
          "max": 24,
          "count": 13,
          "mean": 15.4,
          "p50": 16,
          "median": 16,
          "p75": 16,
          "p90": 16,
          "p95": 16,
          "p99": 16,
          "p999": 16
        },
        "browser.page.CLS.https://practice.expandtesting.com/login": {
          "min": 0.1,
          "max": 0.2,
          "count": 13,
          "mean": 0.1,
          "p50": 0.1,
          "median": 0.1,
          "p75": 0.1,
          "p90": 0.1,
          "p95": 0.2,
          "p99": 0.2,
          "p999": 0.2
        },
        "browser.page.LCP.https://practice.expandtesting.com/login": {
          "min": 1548.5,
          "max": 3217.2,
          "count": 11,
          "mean": 2225.6,
          "p50": 2231,
          "median": 2231,
          "p75": 2465.6,
          "p90": 3197.8,
          "p95": 3197.8,
          "p99": 3197.8,
          "p999": 3197.8
        },
        "browser.page.FID.https://practice.expandtesting.com/login": {
          "min": 0.4,
          "max": 0.7,
          "count": 11,
          "mean": 0.5,
          "p50": 0.5,
          "median": 0.5,
          "p75": 0.5,
          "p90": 0.6,
          "p95": 0.6,
          "p99": 0.6,
          "p999": 0.6
        },
        "browser.page.FCP.https://practice.expandtesting.com/secure": {
          "min": 885.9,
          "max": 1437,
          "count": 13,
          "mean": 1088.2,
          "p50": 1022.7,
          "median": 1022.7,
          "p75": 1200.1,
          "p90": 1300.1,
          "p95": 1326.4,
          "p99": 1326.4,
          "p999": 1326.4
        },
        "browser.page.TTFB.https://practice.expandtesting.com/secure": {
          "min": 606.8,
          "max": 606.8,
          "count": 1,
          "mean": 606.8,
          "p50": 608,
          "median": 608,
          "p75": 608,
          "p90": 608,
          "p95": 608,
          "p99": 608,
          "p999": 608
        }
      }
    }
  ]
}