{
  "aggregate": {
    "counters": {
      "vusers.created_by_name.Login Performance Test": 60,
      "vusers.created": 60,
      "browser.page.codes.200": 3203,
      "browser.http_requests": 4202,
      "browser.page.codes.204": 955,
      "browser.page.codes.302": 146,
      "browser.page.codes.304": 331,
      "vusers.failed": 0,
      "vusers.completed": 60,
      "browser.page.codes.400": 2
    },
    "rates": {},
    "firstCounterAt": 1745347205189,
    "firstHistogramAt": 1745347206201,
    "lastCounterAt": 1745347239657,
    "lastHistogramAt": 1745347239657,
    "firstMetricAt": 1745347205189,
    "lastMetricAt": 1745347239657,
    "period": 1745347230000,
    "summaries": {
      "browser.page.FCP.https://practice.expandtesting.com/login": {
        "min": 735.9,
        "max": 2774.9,
        "count": 60,
        "mean": 1480.6,
        "p50": 1436.8,
        "median": 1436.8,
        "p75": 1686.1,
        "p90": 2186.8,
        "p95": 2369,
        "p99": 2566.3,
        "p999": 2566.3
      },
      "browser.page.TTFB.https://practice.expandtesting.com/login": {
        "min": 348.9,
        "max": 787,
        "count": 60,
        "mean": 535.4,
        "p50": 518.1,
        "median": 518.1,
        "p75": 608,
        "p90": 671.9,
        "p95": 742.6,
        "p99": 772.9,
        "p999": 772.9
      },
      "browser.page.LCP.https://practice.expandtesting.com/login": {
        "min": 735.9,
        "max": 2774.9,
        "count": 60,
        "mean": 1480.6,
        "p50": 1436.8,
        "median": 1436.8,
        "p75": 1686.1,
        "p90": 2186.8,
        "p95": 2369,
        "p99": 2566.3,
        "p999": 2566.3
      },
      "browser.page.FID.https://practice.expandtesting.com/login": {
        "min": 0.3,
        "max": 1.1,
        "count": 60,
        "mean": 0.5,
        "p50": 0.5,
        "median": 0.5,
        "p75": 0.5,
        "p90": 0.6,
        "p95": 0.6,
        "p99": 0.6,
        "p999": 0.6
      },
      "browser.page.INP.https://practice.expandtesting.com/login": {
        "min": 8,
        "max": 40,
        "count": 60,
        "mean": 17.2,
        "p50": 16,
        "median": 16,
        "p75": 16,
        "p90": 23.8,
        "p95": 23.8,
        "p99": 32.1,
        "p999": 32.1
      },
      "browser.page.CLS.https://practice.expandtesting.com/login": {
        "min": 0.1,
        "max": 0.3,
        "count": 60,
        "mean": 0.1,
        "p50": 0.1,
        "median": 0.1,
        "p75": 0.1,
        "p90": 0.1,
        "p95": 0.2,
        "p99": 0.3,
        "p999": 0.3
      },
      "browser.page.FCP.https://practice.expandtesting.com/secure": {
        "min": 853.5,
        "max": 1893.5,
        "count": 60,
        "mean": 1135.6,
        "p50": 1130.2,
        "median": 1130.2,
        "p75": 1200.1,
        "p90": 1300.1,
        "p95": 1300.1,
        "p99": 1380.5,
        "p999": 1380.5
      },
      "vusers.session_length": {
        "min": 3554.1,
        "max": 7349.9,
        "count": 60,
        "mean": 5430.7,
        "p50": 5378.9,
        "median": 5378.9,
        "p75": 6064.7,
        "p90": 6439.7,
        "p95": 7117,
        "p99": 7117,
        "p999": 7117
      }
    },
    "histograms": {
      "browser.page.FCP.https://practice.expandtesting.com/login": {
        "min": 735.9,
        "max": 2774.9,
        "count": 60,
        "mean": 1480.6,
        "p50": 1436.8,
        "median": 1436.8,
        "p75": 1686.1,
        "p90": 2186.8,
        "p95": 2369,
        "p99": 2566.3,
        "p999": 2566.3
      },
      "browser.page.TTFB.https://practice.expandtesting.com/login": {
        "min": 348.9,
        "max": 787,
        "count": 60,
        "mean": 535.4,
        "p50": 518.1,
        "median": 518.1,
        "p75": 608,
        "p90": 671.9,
        "p95": 742.6,
        "p99": 772.9,
        "p999": 772.9
      },
      "browser.page.LCP.https://practice.expandtesting.com/login": {
        "min": 735.9,
        "max": 2774.9,
        "count": 60,
        "mean": 1480.6,
        "p50": 1436.8,
        "median": 1436.8,
        "p75": 1686.1,
        "p90": 2186.8,
        "p95": 2369,
        "p99": 2566.3,
        "p999": 2566.3
      },
      "browser.page.FID.https://practice.expandtesting.com/login": {
        "min": 0.3,
        "max": 1.1,
        "count": 60,
        "mean": 0.5,
        "p50": 0.5,
        "median": 0.5,
        "p75": 0.5,
        "p90": 0.6,
        "p95": 0.6,
        "p99": 0.6,
        "p999": 0.6
      },
      "browser.page.INP.https://practice.expandtesting.com/login": {
        "min": 8,
        "max": 40,
        "count": 60,
        "mean": 17.2,
        "p50": 16,
        "median": 16,
        "p75": 16,
        "p90": 23.8,
        "p95": 23.8,
        "p99": 32.1,
        "p999": 32.1
      },
      "browser.page.CLS.https://practice.expandtesting.com/login": {
        "min": 0.1,
        "max": 0.3,
        "count": 60,
        "mean": 0.1,
        "p50": 0.1,
        "median": 0.1,
        "p75": 0.1,
        "p90": 0.1,
        "p95": 0.2,
        "p99": 0.3,
        "p999": 0.3
      },
      "browser.page.FCP.https://practice.expandtesting.com/secure": {
        "min": 853.5,
        "max": 1893.5,
        "count": 60,
        "mean": 1135.6,
        "p50": 1130.2,
        "median": 1130.2,
        "p75": 1200.1,
        "p90": 1300.1,
        "p95": 1300.1,
        "p99": 1380.5,
        "p999": 1380.5
      },
      "vusers.session_length": {
        "min": 3554.1,
        "max": 7349.9,
        "count": 60,
        "mean": 5430.7,
        "p50": 5378.9,
        "median": 5378.9,
        "p75": 6064.7,
        "p90": 6439.7,
        "p95": 7117,
        "p99": 7117,
        "p999": 7117
      }
    }
  },
  "intermediate": [
    {
      "counters": {
        "vusers.created_by_name.Login Performance Test": 10,
        "vusers.created": 10,
        "browser.page.codes.200": 297,
        "browser.http_requests": 357,
        "browser.page.codes.204": 70,
        "browser.page.codes.302": 9,
        "browser.page.codes.304": 18,
        "vusers.failed": 0,
        "vusers.completed": 3
      },
      "rates": {},
      "firstCounterAt": 1745347205189,
      "firstHistogramAt": 1745347206201,
      "lastCounterAt": 1745347209999,
      "lastHistogramAt": 1745347209851,
      "firstMetricAt": 1745347205189,
      "lastMetricAt": 1745347209999,
      "period": "1745347200000",
      "summaries": {
        "browser.page.FCP.https://practice.expandtesting.com/login": {
          "min": 735.9,
          "max": 1106.4,
          "count": 8,
          "mean": 878.9,
          "p50": 788.5,
          "median": 788.5,
          "p75": 982.6,
          "p90": 1064.4,
          "p95": 1064.4,
          "p99": 1064.4,
          "p999": 1064.4
        },
        "browser.page.TTFB.https://practice.expandtesting.com/login": {
          "min": 384.4,
          "max": 515.5,
          "count": 6,
          "mean": 423.6,
          "p50": 391.6,
          "median": 391.6,
          "p75": 391.6,
          "p90": 459.5,
          "p95": 459.5,
          "p99": 459.5,
          "p999": 459.5
        },
        "browser.page.LCP.https://practice.expandtesting.com/login": {
          "min": 735.9,
          "max": 824.5,
          "count": 5,
          "mean": 777,
          "p50": 772.9,
          "median": 772.9,
          "p75": 788.5,
          "p90": 788.5,
          "p95": 788.5,
          "p99": 788.5,
          "p999": 788.5
        },
        "browser.page.FID.https://practice.expandtesting.com/login": {
          "min": 0.4,
          "max": 0.5,
          "count": 5,
          "mean": 0.5,
          "p50": 0.5,
          "median": 0.5,
          "p75": 0.5,
          "p90": 0.5,
          "p95": 0.5,
          "p99": 0.5,
          "p999": 0.5
        },
        "browser.page.INP.https://practice.expandtesting.com/login": {
          "min": 16,
          "max": 16,
          "count": 4,
          "mean": 16,
          "p50": 16,
          "median": 16,
          "p75": 16,
          "p90": 16,
          "p95": 16,
          "p99": 16,
          "p999": 16
        },
        "browser.page.CLS.https://practice.expandtesting.com/login": {
          "min": 0.1,
          "max": 0.1,
          "count": 4,
          "mean": 0.1,
          "p50": 0.1,
          "median": 0.1,
          "p75": 0.1,
          "p90": 0.1,
          "p95": 0.1,
          "p99": 0.1,
          "p999": 0.1
        },
        "browser.page.FCP.https://practice.expandtesting.com/secure": {
          "min": 900.5,
          "max": 1005.5,
          "count": 4,
          "mean": 968.7,
          "p50": 963.1,
          "median": 963.1,
          "p75": 1002.4,
          "p90": 1002.4,
          "p95": 1002.4,
          "p99": 1002.4,
          "p999": 1002.4
        },
        "vusers.session_length": {
          "min": 3554.1,
          "max": 4072.2,
          "count": 3,
          "mean": 3834.8,
          "p50": 3905.8,
          "median": 3905.8,
          "p75": 3905.8,
          "p90": 3905.8,
          "p95": 3905.8,
          "p99": 3905.8,
          "p999": 3905.8
        }
      },
      "histograms": {
        "browser.page.FCP.https://practice.expandtesting.com/login": {
          "min": 735.9,
          "max": 1106.4,
          "count": 8,
          "mean": 878.9,
          "p50": 788.5,
          "median": 788.5,
          "p75": 982.6,
          "p90": 1064.4,
          "p95": 1064.4,
          "p99": 1064.4,
          "p999": 1064.4
        },
        "browser.page.TTFB.https://practice.expandtesting.com/login": {
          "min": 384.4,
          "max": 515.5,
          "count": 6,
          "mean": 423.6,
          "p50": 391.6,
          "median": 391.6,
          "p75": 391.6,
          "p90": 459.5,
          "p95": 459.5,
          "p99": 459.5,
          "p999": 459.5
        },
        "browser.page.LCP.https://practice.expandtesting.com/login": {
          "min": 735.9,
          "max": 824.5,
          "count": 5,
          "mean": 777,
          "p50": 772.9,
          "median": 772.9,
          "p75": 788.5,
          "p90": 788.5,
          "p95": 788.5,
          "p99": 788.5,
          "p999": 788.5
        },
        "browser.page.FID.https://practice.expandtesting.com/login": {
          "min": 0.4,
          "max": 0.5,
          "count": 5,
          "mean": 0.5,
          "p50": 0.5,
          "median": 0.5,
          "p75": 0.5,
          "p90": 0.5,
          "p95": 0.5,
          "p99": 0.5,
          "p999": 0.5
        },
        "browser.page.INP.https://practice.expandtesting.com/login": {
          "min": 16,
          "max": 16,
          "count": 4,
          "mean": 16,
          "p50": 16,
          "median": 16,
          "p75": 16,
          "p90": 16,
          "p95": 16,
          "p99": 16,
          "p999": 16
        },
        "browser.page.CLS.https://practice.expandtesting.com/login": {
          "min": 0.1,
          "max": 0.1,
          "count": 4,
          "mean": 0.1,
          "p50": 0.1,
          "median": 0.1,
          "p75": 0.1,
          "p90": 0.1,
          "p95": 0.1,
          "p99": 0.1,
          "p999": 0.1
        },
        "browser.page.FCP.https://practice.expandtesting.com/secure": {
          "min": 900.5,
          "max": 1005.5,
          "count": 4,
          "mean": 968.7,
          "p50": 963.1,
          "median": 963.1,
          "p75": 1002.4,
          "p90": 1002.4,
          "p95": 1002.4,
          "p99": 1002.4,
          "p999": 1002.4
        },
        "vusers.session_length": {
          "min": 3554.1,
          "max": 4072.2,
          "count": 3,
          "mean": 3834.8,
          "p50": 3905.8,
          "median": 3905.8,
          "p75": 3905.8,
          "p90": 3905.8,
          "p95": 3905.8,
          "p99": 3905.8,
          "p999": 3905.8
        }
      }
    },
    {
      "counters": {
        "browser.page.codes.200": 980,
        "browser.http_requests": 1265,
        "browser.page.codes.204": 281,
        "vusers.created_by_name.Login Performance Test": 20,
        "vusers.created": 20,
        "browser.page.codes.302": 45,
        "browser.page.codes.304": 95,
        "vusers.failed": 0,
        "vusers.completed": 17
      },
      "rates": {},
      "firstCounterAt": 1745347210004,
      "firstHistogramAt": 1745347210120,
      "lastCounterAt": 1745347219998,
      "lastHistogramAt": 1745347219840,
      "firstMetricAt": 1745347210004,
      "lastMetricAt": 1745347219998,
      "period": "1745347210000",
      "summaries": {
        "browser.page.FCP.https://practice.expandtesting.com/login": {
          "min": 905.7,
          "max": 2774.9,
          "count": 20,
          "mean": 1387.1,
          "p50": 1224.4,
          "median": 1224.4,
          "p75": 1495.5,
          "p90": 1790.4,
          "p95": 2143.5,
          "p99": 2143.5,
          "p999": 2143.5
        },
        "browser.page.LCP.https://practice.expandtesting.com/login": {
          "min": 905.7,
          "max": 2774.9,
          "count": 18,
          "mean": 1345.8,
          "p50": 1176.4,
          "median": 1176.4,
          "p75": 1436.8,
          "p90": 1525.7,
          "p95": 2143.5,
          "p99": 2143.5,
          "p999": 2143.5
        },
        "browser.page.FID.https://practice.expandtesting.com/login": {
          "min": 0.3,
          "max": 0.6,
          "count": 18,
          "mean": 0.5,
          "p50": 0.5,
          "median": 0.5,
          "p75": 0.5,
          "p90": 0.6,
          "p95": 0.6,
          "p99": 0.6,
          "p999": 0.6
        },
        "browser.page.INP.https://practice.expandtesting.com/login": {
          "min": 16,
          "max": 40,
          "count": 17,
          "mean": 17.9,
          "p50": 16,
          "median": 16,
          "p75": 16,
          "p90": 16,
          "p95": 23.8,
          "p99": 23.8,
          "p999": 23.8
        },
        "browser.page.CLS.https://practice.expandtesting.com/login": {
          "min": 0.1,
          "max": 0.3,
          "count": 17,
          "mean": 0.1,
          "p50": 0.1,
          "median": 0.1,
          "p75": 0.1,
          "p90": 0.1,
          "p95": 0.2,
          "p99": 0.2,
          "p999": 0.2
        },
        "browser.page.TTFB.https://practice.expandtesting.com/login": {
          "min": 348.9,
          "max": 635.7,
          "count": 18,
          "mean": 491.5,
          "p50": 478.3,
          "median": 478.3,
          "p75": 539.2,
          "p90": 620.3,
          "p95": 632.8,
          "p99": 632.8,
          "p999": 632.8
        },
        "browser.page.FCP.https://practice.expandtesting.com/secure": {
          "min": 1001.2,
          "max": 1385,
          "count": 17,
          "mean": 1140.8,
          "p50": 1153.1,
          "median": 1153.1,
          "p75": 1176.4,
          "p90": 1274.3,
          "p95": 1300.1,
          "p99": 1300.1,
          "p999": 1300.1
        },
        "vusers.session_length": {
          "min": 3880.2,
          "max": 7101.4,
          "count": 17,
          "mean": 5031.3,
          "p50": 4867,
          "median": 4867,
          "p75": 5487.5,
          "p90": 5598.4,
          "p95": 6187.2,
          "p99": 6187.2,
          "p999": 6187.2
        }
      },
      "histograms": {
        "browser.page.FCP.https://practice.expandtesting.com/login": {
          "min": 905.7,
          "max": 2774.9,
          "count": 20,
          "mean": 1387.1,
          "p50": 1224.4,
          "median": 1224.4,
          "p75": 1495.5,
          "p90": 1790.4,
          "p95": 2143.5,
          "p99": 2143.5,
          "p999": 2143.5
        },
        "browser.page.LCP.https://practice.expandtesting.com/login": {
          "min": 905.7,
          "max": 2774.9,
          "count": 18,
          "mean": 1345.8,
          "p50": 1176.4,
          "median": 1176.4,
          "p75": 1436.8,
          "p90": 1525.7,
          "p95": 2143.5,
          "p99": 2143.5,
          "p999": 2143.5
        },
        "browser.page.FID.https://practice.expandtesting.com/login": {
          "min": 0.3,
          "max": 0.6,
          "count": 18,
          "mean": 0.5,
          "p50": 0.5,
          "median": 0.5,
          "p75": 0.5,
          "p90": 0.6,
          "p95": 0.6,
          "p99": 0.6,
          "p999": 0.6
        },
        "browser.page.INP.https://practice.expandtesting.com/login": {
          "min": 16,
          "max": 40,
          "count": 17,
          "mean": 17.9,
          "p50": 16,
          "median": 16,
          "p75": 16,
          "p90": 16,
          "p95": 23.8,
          "p99": 23.8,
          "p999": 23.8
        },
        "browser.page.CLS.https://practice.expandtesting.com/login": {
          "min": 0.1,
          "max": 0.3,
          "count": 17,
          "mean": 0.1,
          "p50": 0.1,
          "median": 0.1,
          "p75": 0.1,
          "p90": 0.1,
          "p95": 0.2,
          "p99": 0.2,
          "p999": 0.2
        },
        "browser.page.TTFB.https://practice.expandtesting.com/login": {
          "min": 348.9,
          "max": 635.7,
          "count": 18,
          "mean": 491.5,
          "p50": 478.3,
          "median": 478.3,
          "p75": 539.2,
          "p90": 620.3,
          "p95": 632.8,
          "p99": 632.8,
          "p999": 632.8
        },
        "browser.page.FCP.https://practice.expandtesting.com/secure": {
          "min": 1001.2,
          "max": 1385,
          "count": 17,
          "mean": 1140.8,
          "p50": 1153.1,
          "median": 1153.1,
          "p75": 1176.4,
          "p90": 1274.3,
          "p95": 1300.1,
          "p99": 1300.1,
          "p999": 1300.1
        },
        "vusers.session_length": {
          "min": 3880.2,
          "max": 7101.4,
          "count": 17,
          "mean": 5031.3,
          "p50": 4867,
          "median": 4867,
          "p75": 5487.5,
          "p90": 5598.4,
          "p95": 6187.2,
          "p99": 6187.2,
          "p999": 6187.2
        }
      }
    },
    {
      "counters": {
        "browser.page.codes.200": 1022,
        "browser.page.codes.204": 317,
        "browser.http_requests": 1349,
        "browser.page.codes.302": 48,
        "vusers.created_by_name.Login Performance Test": 20,
        "vusers.created": 20,
        "browser.page.codes.304": 100,
        "vusers.failed": 0,
        "vusers.completed": 18,
        "browser.page.codes.400": 1
      },
      "rates": {},
      "firstCounterAt": 1745347220002,
      "firstHistogramAt": 1745347220127,
      "lastCounterAt": 1745347229989,
      "lastHistogramAt": 1745347229852,
      "firstMetricAt": 1745347220002,
      "lastMetricAt": 1745347229989,
      "period": "1745347220000",
      "summaries": {
        "browser.page.INP.https://practice.expandtesting.com/login": {
          "min": 16,
          "max": 24,
          "count": 18,
          "mean": 17.3,
          "p50": 16,
          "median": 16,
          "p75": 16,
          "p90": 23.8,
          "p95": 23.8,
          "p99": 23.8,
          "p999": 23.8
        },
        "browser.page.CLS.https://practice.expandtesting.com/login": {
          "min": 0.1,
          "max": 0.2,
          "count": 18,
          "mean": 0.1,
          "p50": 0.1,
          "median": 0.1,
          "p75": 0.1,
          "p90": 0.1,
          "p95": 0.1,
          "p99": 0.1,
          "p999": 0.1
        },
        "browser.page.FCP.https://practice.expandtesting.com/login": {
          "min": 1347.9,
          "max": 2546.1,
          "count": 20,
          "mean": 1867.7,
          "p50": 1652.8,
          "median": 1652.8,
          "p75": 2186.8,
          "p90": 2369,
          "p95": 2515.5,
          "p99": 2515.5,
          "p999": 2515.5
        },
        "browser.page.FCP.https://practice.expandtesting.com/secure": {
          "min": 997.9,
          "max": 1893.5,
          "count": 18,
          "mean": 1224.1,
          "p50": 1176.4,
          "median": 1176.4,
          "p75": 1274.3,
          "p90": 1300.1,
          "p95": 1353.1,
          "p99": 1353.1,
          "p999": 1353.1
        },
        "browser.page.TTFB.https://practice.expandtesting.com/login": {
          "min": 375.9,
          "max": 787,
          "count": 20,
          "mean": 577,
          "p50": 596,
          "median": 596,
          "p75": 632.8,
          "p90": 742.6,
          "p95": 772.9,
          "p99": 772.9,
          "p999": 772.9
        },
        "vusers.session_length": {
          "min": 4773.6,
          "max": 7349.9,
          "count": 18,
          "mean": 5961.4,
          "p50": 5944.6,
          "median": 5944.6,
          "p75": 6312.2,
          "p90": 7117,
          "p95": 7117,
          "p99": 7117,
          "p999": 7117
        },
        "browser.page.LCP.https://practice.expandtesting.com/login": {
          "min": 965.7,
          "max": 2546.1,
          "count": 19,
          "mean": 1789.2,
          "p50": 1720.2,
          "median": 1720.2,
          "p75": 2186.8,
          "p90": 2369,
          "p95": 2515.5,
          "p99": 2515.5,
          "p999": 2515.5
        },
        "browser.page.FID.https://practice.expandtesting.com/login": {
          "min": 0.4,
          "max": 1.1,
          "count": 19,
          "mean": 0.5,
          "p50": 0.5,
          "median": 0.5,
          "p75": 0.6,
          "p90": 0.6,
          "p95": 0.6,
          "p99": 0.6,
          "p999": 0.6
        }
      },
      "histograms": {
        "browser.page.INP.https://practice.expandtesting.com/login": {
          "min": 16,
          "max": 24,
          "count": 18,
          "mean": 17.3,
          "p50": 16,
          "median": 16,
          "p75": 16,
          "p90": 23.8,
          "p95": 23.8,
          "p99": 23.8,
          "p999": 23.8
        },
        "browser.page.CLS.https://practice.expandtesting.com/login": {
          "min": 0.1,
          "max": 0.2,
          "count": 18,
          "mean": 0.1,
          "p50": 0.1,
          "median": 0.1,
          "p75": 0.1,
          "p90": 0.1,
          "p95": 0.1,
          "p99": 0.1,
          "p999": 0.1
        },
        "browser.page.FCP.https://practice.expandtesting.com/login": {
          "min": 1347.9,
          "max": 2546.1,
          "count": 20,
          "mean": 1867.7,
          "p50": 1652.8,
          "median": 1652.8,
          "p75": 2186.8,
          "p90": 2369,
          "p95": 2515.5,
          "p99": 2515.5,
          "p999": 2515.5
        },
        "browser.page.FCP.https://practice.expandtesting.com/secure": {
          "min": 997.9,
          "max": 1893.5,
          "count": 18,
          "mean": 1224.1,
          "p50": 1176.4,
          "median": 1176.4,
          "p75": 1274.3,
          "p90": 1300.1,
          "p95": 1353.1,
          "p99": 1353.1,
          "p999": 1353.1
        },
        "browser.page.TTFB.https://practice.expandtesting.com/login": {
          "min": 375.9,
          "max": 787,
          "count": 20,
          "mean": 577,
          "p50": 596,
          "median": 596,
          "p75": 632.8,
          "p90": 742.6,
          "p95": 772.9,
          "p99": 772.9,
          "p999": 772.9
        },
        "vusers.session_length": {
          "min": 4773.6,
          "max": 7349.9,
          "count": 18,
          "mean": 5961.4,
          "p50": 5944.6,
          "median": 5944.6,
          "p75": 6312.2,
          "p90": 7117,
          "p95": 7117,
          "p99": 7117,
          "p999": 7117
        },
        "browser.page.LCP.https://practice.expandtesting.com/login": {
          "min": 965.7,
          "max": 2546.1,
          "count": 19,
          "mean": 1789.2,
          "p50": 1720.2,
          "median": 1720.2,
          "p75": 2186.8,
          "p90": 2369,
          "p95": 2515.5,
          "p99": 2515.5,
          "p999": 2515.5
        },
        "browser.page.FID.https://practice.expandtesting.com/login": {
          "min": 0.4,
          "max": 1.1,
          "count": 19,
          "mean": 0.5,
          "p50": 0.5,
          "median": 0.5,
          "p75": 0.6,
          "p90": 0.6,
          "p95": 0.6,
          "p99": 0.6,
          "p999": 0.6
        }
      }
    },
    {
      "counters": {
        "browser.page.codes.200": 904,
        "browser.http_requests": 1231,
        "vusers.failed": 0,
        "vusers.completed": 22,
        "browser.page.codes.204": 287,
        "vusers.created_by_name.Login Performance Test": 10,
        "vusers.created": 10,
        "browser.page.codes.302": 44,
        "browser.page.codes.304": 118,
        "browser.page.codes.400": 1
      },
      "rates": {},
      "firstCounterAt": 1745347230005,
      "firstHistogramAt": 1745347230047,
      "lastCounterAt": 1745347239657,
      "lastHistogramAt": 1745347239657,
      "firstMetricAt": 1745347230005,
      "lastMetricAt": 1745347239657,
      "period": "1745347230000",
      "summaries": {
        "vusers.session_length": {
          "min": 4538.2,
          "max": 7125.6,
          "count": 22,
          "mean": 5522.8,
          "p50": 5378.9,
          "median": 5378.9,
          "p75": 5711.5,
          "p90": 6187.2,
          "p95": 6439.7,
          "p99": 6439.7,
          "p999": 6439.7
        },
        "browser.page.INP.https://practice.expandtesting.com/login": {
          "min": 8,
          "max": 32,
          "count": 21,
          "mean": 16.8,
          "p50": 16,
          "median": 16,
          "p75": 16,
          "p90": 23.8,
          "p95": 23.8,
          "p99": 23.8,
          "p999": 23.8
        },
        "browser.page.CLS.https://practice.expandtesting.com/login": {
          "min": 0.1,
          "max": 0.3,
          "count": 21,
          "mean": 0.1,
          "p50": 0.1,
          "median": 0.1,
          "p75": 0.1,
          "p90": 0.1,
          "p95": 0.2,
          "p99": 0.2,
          "p999": 0.2
        },
        "browser.page.LCP.https://practice.expandtesting.com/login": {
          "min": 911.6,
          "max": 1993.5,
          "count": 18,
          "mean": 1485,
          "p50": 1495.5,
          "median": 1495.5,
          "p75": 1587.9,
          "p90": 1686.1,
          "p95": 1978.7,
          "p99": 1978.7,
          "p999": 1978.7
        },
        "browser.page.FID.https://practice.expandtesting.com/login": {
          "min": 0.4,
          "max": 0.6,
          "count": 18,
          "mean": 0.5,
          "p50": 0.5,
          "median": 0.5,
          "p75": 0.5,
          "p90": 0.6,
          "p95": 0.6,
          "p99": 0.6,
          "p999": 0.6
        },
        "browser.page.FCP.https://practice.expandtesting.com/secure": {
          "min": 853.5,
          "max": 1294.4,
          "count": 21,
          "mean": 1087.4,
          "p50": 1085.9,
          "median": 1085.9,
          "p75": 1153.1,
          "p90": 1224.4,
          "p95": 1224.4,
          "p99": 1224.4,
          "p999": 1224.4
        },
        "browser.page.FCP.https://practice.expandtesting.com/login": {
          "min": 911.6,
          "max": 1700.1,
          "count": 12,
          "mean": 1392.3,
          "p50": 1436.8,
          "median": 1436.8,
          "p75": 1525.7,
          "p90": 1525.7,
          "p95": 1686.1,
          "p99": 1686.1,
          "p999": 1686.1
        },
        "browser.page.TTFB.https://practice.expandtesting.com/login": {
          "min": 384.6,
          "max": 752.1,
          "count": 16,
          "mean": 574.7,
          "p50": 572.6,
          "median": 572.6,
          "p75": 645.6,
          "p90": 699.4,
          "p95": 713.5,
          "p99": 713.5,
          "p999": 713.5
        }
      },
      "histograms": {
        "vusers.session_length": {
          "min": 4538.2,
          "max": 7125.6,
          "count": 22,
          "mean": 5522.8,
          "p50": 5378.9,
          "median": 5378.9,
          "p75": 5711.5,
          "p90": 6187.2,
          "p95": 6439.7,
          "p99": 6439.7,
          "p999": 6439.7
        },
        "browser.page.INP.https://practice.expandtesting.com/login": {
          "min": 8,
          "max": 32,
          "count": 21,
          "mean": 16.8,
          "p50": 16,
          "median": 16,
          "p75": 16,
          "p90": 23.8,
          "p95": 23.8,
          "p99": 23.8,
          "p999": 23.8
        },
        "browser.page.CLS.https://practice.expandtesting.com/login": {
          "min": 0.1,
          "max": 0.3,
          "count": 21,
          "mean": 0.1,
          "p50": 0.1,
          "median": 0.1,
          "p75": 0.1,
          "p90": 0.1,
          "p95": 0.2,
          "p99": 0.2,
          "p999": 0.2
        },
        "browser.page.LCP.https://practice.expandtesting.com/login": {
          "min": 911.6,
          "max": 1993.5,
          "count": 18,
          "mean": 1485,
          "p50": 1495.5,
          "median": 1495.5,
          "p75": 1587.9,
          "p90": 1686.1,
          "p95": 1978.7,
          "p99": 1978.7,
          "p999": 1978.7
        },
        "browser.page.FID.https://practice.expandtesting.com/login": {
          "min": 0.4,
          "max": 0.6,
          "count": 18,
          "mean": 0.5,
          "p50": 0.5,
          "median": 0.5,
          "p75": 0.5,
          "p90": 0.6,
          "p95": 0.6,
          "p99": 0.6,
          "p999": 0.6
        },
        "browser.page.FCP.https://practice.expandtesting.com/secure": {
          "min": 853.5,
          "max": 1294.4,
          "count": 21,
          "mean": 1087.4,
          "p50": 1085.9,
          "median": 1085.9,
          "p75": 1153.1,
          "p90": 1224.4,
          "p95": 1224.4,
          "p99": 1224.4,
          "p999": 1224.4
        },
        "browser.page.FCP.https://practice.expandtesting.com/login": {
          "min": 911.6,
          "max": 1700.1,
          "count": 12,
          "mean": 1392.3,
          "p50": 1436.8,
          "median": 1436.8,
          "p75": 1525.7,
          "p90": 1525.7,
          "p95": 1686.1,
          "p99": 1686.1,
          "p999": 1686.1
        },
        "browser.page.TTFB.https://practice.expandtesting.com/login": {
          "min": 384.6,
          "max": 752.1,
          "count": 16,
          "mean": 574.7,
          "p50": 572.6,
          "median": 572.6,
          "p75": 645.6,
          "p90": 699.4,
          "p95": 713.5,
          "p99": 713.5,
          "p999": 713.5
        }
      }
    }
  ]
}