{
  "aggregate": {
    "counters": {
      "vusers.created_by_name.Login Performance Test": 60,
      "vusers.created": 60,
      "browser.page.codes.200": 408,
      "browser.http_requests": 370,
      "browser.page.codes.204": 3,
      "errors.page.goto: Timeout 30000ms exceeded.": 60,
      "vusers.failed": 60
    },
    "rates": {},
    "firstCounterAt": 1745384228132,
    "firstHistogramAt": 1745384242828,
    "lastCounterAt": 1745384287212,
    "lastHistogramAt": 1745384286025,
    "firstMetricAt": 1745384228132,
    "lastMetricAt": 1745384287212,
    "period": 1745384280000,
    "summaries": {
      "browser.page.FCP.https://practice.expandtesting.com/login": {
        "min": 6644.4,
        "max": 29330.7,
        "count": 6,
        "mean": 20458.6,
        "p50": 22703.7,
        "median": 22703.7,
        "p75": 23630.3,
        "p90": 28862.3,
        "p95": 28862.3,
        "p99": 28862.3,
        "p999": 28862.3
      }
    },
    "histograms": {
      "browser.page.FCP.https://practice.expandtesting.com/login": {
        "min": 6644.4,
        "max": 29330.7,
        "count": 6,
        "mean": 20458.6,
        "p50": 22703.7,
        "median": 22703.7,
        "p75": 23630.3,
        "p90": 28862.3,
        "p95": 28862.3,
        "p99": 28862.3,
        "p999": 28862.3
      }
    }
  },
  "intermediate": [
    {
      "counters": {
        "vusers.created_by_name.Login Performance Test": 4,
        "vusers.created": 4
      },
      "rates": {},
      "firstCounterAt": 1745384228132,
      "lastCounterAt": 1745384229183,
      "firstMetricAt": 1745384228132,
      "lastMetricAt": 1745384229183,
      "period": "1745384220000",
      "summaries": {},
      "histograms": {}
    },
    {
      "counters": {
        "vusers.created_by_name.Login Performance Test": 20,
        "vusers.created": 20,
        "browser.page.codes.200": 51,
        "browser.http_requests": 42
      },
      "rates": {},
      "firstCounterAt": 1745384230133,
      "lastCounterAt": 1745384239880,
      "firstMetricAt": 1745384230133,
      "lastMetricAt": 1745384239880,
      "period": "1745384230000",
      "summaries": {},
      "histograms": {}
    },
    {
      "counters": {
        "vusers.created_by_name.Login Performance Test": 20,
        "vusers.created": 20,
        "browser.page.codes.200": 78,
        "browser.http_requests": 67
      },
      "rates": {},
      "firstCounterAt": 1745384240132,
      "firstHistogramAt": 1745384242828,
      "lastCounterAt": 1745384249802,
      "lastHistogramAt": 1745384247727,
      "firstMetricAt": 1745384240132,
      "lastMetricAt": 1745384249802,
      "period": "1745384240000",
      "summaries": {
        "browser.page.FCP.https://practice.expandtesting.com/login": {
          "min": 6644.4,
          "max": 11500.9,
          "count": 2,
          "mean": 9072.6,
          "p50": 6702.6,
          "median": 6702.6,
          "p75": 6702.6,
          "p90": 6702.6,
          "p95": 6702.6,
          "p99": 6702.6,
          "p999": 6702.6
        }
      },
      "histograms": {
        "browser.page.FCP.https://practice.expandtesting.com/login": {
          "min": 6644.4,
          "max": 11500.9,
          "count": 2,
          "mean": 9072.6,
          "p50": 6702.6,
          "median": 6702.6,
          "p75": 6702.6,
          "p90": 6702.6,
          "p95": 6702.6,
          "p99": 6702.6,
          "p999": 6702.6
        }
      }
    },
    {
      "counters": {
        "vusers.created_by_name.Login Performance Test": 16,
        "vusers.created": 16,
        "browser.page.codes.200": 104,
        "browser.http_requests": 89,
        "browser.page.codes.204": 2,
        "errors.page.goto: Timeout 30000ms exceeded.": 4,
        "vusers.failed": 4
      },
      "rates": {},
      "firstCounterAt": 1745384250132,
      "lastCounterAt": 1745384259736,
      "firstMetricAt": 1745384250132,
      "lastMetricAt": 1745384259736,
      "period": "1745384250000",
      "summaries": {},
      "histograms": {}
    },
    {
      "counters": {
        "browser.page.codes.200": 91,
        "browser.http_requests": 80,
        "errors.page.goto: Timeout 30000ms exceeded.": 20,
        "vusers.failed": 20
      },
      "rates": {},
      "firstCounterAt": 1745384260025,
      "lastCounterAt": 1745384269988,
      "firstMetricAt": 1745384260025,
      "lastMetricAt": 1745384269988,
      "period": "1745384260000",
      "summaries": {},
      "histograms": {}
    },
    {
      "counters": {
        "errors.page.goto: Timeout 30000ms exceeded.": 20,
        "vusers.failed": 20,
        "browser.page.codes.200": 56,
        "browser.http_requests": 58
      },
      "rates": {},
      "firstCounterAt": 1745384270076,
      "firstHistogramAt": 1745384275976,
      "lastCounterAt": 1745384279757,
      "lastHistogramAt": 1745384275976,
      "firstMetricAt": 1745384270076,
      "lastMetricAt": 1745384279757,
      "period": "1745384270000",
      "summaries": {
        "browser.page.FCP.https://practice.expandtesting.com/login": {
          "min": 22755.9,
          "max": 22755.9,
          "count": 1,
          "mean": 22755.9,
          "p50": 22703.7,
          "median": 22703.7,
          "p75": 22703.7,
          "p90": 22703.7,
          "p95": 22703.7,
          "p99": 22703.7,
          "p999": 22703.7
        }
      },
      "histograms": {
        "browser.page.FCP.https://practice.expandtesting.com/login": {
          "min": 22755.9,
          "max": 22755.9,
          "count": 1,
          "mean": 22755.9,
          "p50": 22703.7,
          "median": 22703.7,
          "p75": 22703.7,
          "p90": 22703.7,
          "p95": 22703.7,
          "p99": 22703.7,
          "p999": 22703.7
        }
      }
    },
    {
      "counters": {
        "errors.page.goto: Timeout 30000ms exceeded.": 16,
        "vusers.failed": 16,
        "browser.http_requests": 34,
        "browser.page.codes.200": 28,
        "browser.page.codes.204": 1
      },
      "rates": {},
      "firstCounterAt": 1745384280034,
      "firstHistogramAt": 1745384280909,
      "lastCounterAt": 1745384287212,
      "lastHistogramAt": 1745384286025,
      "firstMetricAt": 1745384280034,
      "lastMetricAt": 1745384287212,
      "period": "1745384280000",
      "summaries": {
        "browser.page.FCP.https://practice.expandtesting.com/login": {
          "min": 23680.7,
          "max": 29330.7,
          "count": 3,
          "mean": 27283.5,
          "p50": 28862.3,
          "median": 28862.3,
          "p75": 28862.3,
          "p90": 28862.3,
          "p95": 28862.3,
          "p99": 28862.3,
          "p999": 28862.3
        }
      },
      "histograms": {
        "browser.page.FCP.https://practice.expandtesting.com/login": {
          "min": 23680.7,
          "max": 29330.7,
          "count": 3,
          "mean": 27283.5,
          "p50": 28862.3,
          "median": 28862.3,
          "p75": 28862.3,
          "p90": 28862.3,
          "p95": 28862.3,
          "p99": 28862.3,
          "p999": 28862.3
        }
      }
    }
  ]
}