{
  "aggregate": {
    "counters": {
      "vusers.created_by_name.Login Performance Test": 60,
      "vusers.created": 60,
      "browser.page.codes.200": 3012,
      "browser.http_requests": 3895,
      "browser.page.codes.204": 895,
      "browser.page.codes.302": 158,
      "browser.page.codes.304": 275,
      "vusers.failed": 0,
      "vusers.completed": 60,
      "browser.page.codes.307": 1,
      "browser.page.codes.400": 1
    },
    "rates": {},
    "firstCounterAt": 1745344001395,
    "firstHistogramAt": 1745344002618,
    "lastCounterAt": 1745344039501,
    "lastHistogramAt": 1745344039501,
    "firstMetricAt": 1745344001395,
    "lastMetricAt": 1745344039501,
    "period": 1745344030000,
    "summaries": {
      "browser.page.FCP.https://practice.expandtesting.com/login": {
        "min": 765.2,
        "max": 5638.5,
        "count": 60,
        "mean": 2352.7,
        "p50": 2186.8,
        "median": 2186.8,
        "p75": 2893.5,
        "p90": 3605.5,
        "p95": 4316.6,
        "p99": 4770.6,
        "p999": 4770.6
      },
      "browser.page.TTFB.https://practice.expandtesting.com/login": {
        "min": 324,
        "max": 1838.9,
        "count": 60,
        "mean": 730.7,
        "p50": 713.5,
        "median": 713.5,
        "p75": 871.5,
        "p90": 1002.4,
        "p95": 1176.4,
        "p99": 1249.1,
        "p999": 1249.1
      },
      "browser.page.LCP.https://practice.expandtesting.com/login": {
        "min": 765.2,
        "max": 5638.5,
        "count": 60,
        "mean": 2352.7,
        "p50": 2186.8,
        "median": 2186.8,
        "p75": 2893.5,
        "p90": 3605.5,
        "p95": 4316.6,
        "p99": 4770.6,
        "p999": 4770.6
      },
      "browser.page.FID.https://practice.expandtesting.com/login": {
        "min": 0.4,
        "max": 1.6,
        "count": 60,
        "mean": 0.5,
        "p50": 0.5,
        "median": 0.5,
        "p75": 0.5,
        "p90": 0.6,
        "p95": 0.7,
        "p99": 0.7,
        "p999": 0.7
      },
      "browser.page.INP.https://practice.expandtesting.com/login": {
        "min": 16,
        "max": 40,
        "count": 60,
        "mean": 18.1,
        "p50": 16,
        "median": 16,
        "p75": 16,
        "p90": 23.8,
        "p95": 32.1,
        "p99": 32.1,
        "p999": 32.1
      },
      "browser.page.CLS.https://practice.expandtesting.com/login": {
        "min": 0.1,
        "max": 0.3,
        "count": 60,
        "mean": 0.1,
        "p50": 0.1,
        "median": 0.1,
        "p75": 0.1,
        "p90": 0.2,
        "p95": 0.2,
        "p99": 0.3,
        "p999": 0.3
      },
      "browser.page.FCP.https://practice.expandtesting.com/secure": {
        "min": 930.1,
        "max": 2086.7,
        "count": 60,
        "mean": 1431.4,
        "p50": 1353.1,
        "median": 1353.1,
        "p75": 1652.8,
        "p90": 1939.5,
        "p95": 2018.7,
        "p99": 2101.1,
        "p999": 2101.1
      },
      "vusers.session_length": {
        "min": 3702.7,
        "max": 12912.7,
        "count": 60,
        "mean": 7316.2,
        "p50": 7260.8,
        "median": 7260.8,
        "p75": 8520.7,
        "p90": 9047.6,
        "p95": 10201.2,
        "p99": 11050.8,
        "p999": 11050.8
      },
      "browser.page.TTFB.https://practice.expandtesting.com/secure": {
        "min": 1212.3,
        "max": 1212.3,
        "count": 1,
        "mean": 1212.3,
        "p50": 1224.4,
        "median": 1224.4,
        "p75": 1224.4,
        "p90": 1224.4,
        "p95": 1224.4,
        "p99": 1224.4,
        "p999": 1224.4
      }
    },
    "histograms": {
      "browser.page.FCP.https://practice.expandtesting.com/login": {
        "min": 765.2,
        "max": 5638.5,
        "count": 60,
        "mean": 2352.7,
        "p50": 2186.8,
        "median": 2186.8,
        "p75": 2893.5,
        "p90": 3605.5,
        "p95": 4316.6,
        "p99": 4770.6,
        "p999": 4770.6
      },
      "browser.page.TTFB.https://practice.expandtesting.com/login": {
        "min": 324,
        "max": 1838.9,
        "count": 60,
        "mean": 730.7,
        "p50": 713.5,
        "median": 713.5,
        "p75": 871.5,
        "p90": 1002.4,
        "p95": 1176.4,
        "p99": 1249.1,
        "p999": 1249.1
      },
      "browser.page.LCP.https://practice.expandtesting.com/login": {
        "min": 765.2,
        "max": 5638.5,
        "count": 60,
        "mean": 2352.7,
        "p50": 2186.8,
        "median": 2186.8,
        "p75": 2893.5,
        "p90": 3605.5,
        "p95": 4316.6,
        "p99": 4770.6,
        "p999": 4770.6
      },
      "browser.page.FID.https://practice.expandtesting.com/login": {
        "min": 0.4,
        "max": 1.6,
        "count": 60,
        "mean": 0.5,
        "p50": 0.5,
        "median": 0.5,
        "p75": 0.5,
        "p90": 0.6,
        "p95": 0.7,
        "p99": 0.7,
        "p999": 0.7
      },
      "browser.page.INP.https://practice.expandtesting.com/login": {
        "min": 16,
        "max": 40,
        "count": 60,
        "mean": 18.1,
        "p50": 16,
        "median": 16,
        "p75": 16,
        "p90": 23.8,
        "p95": 32.1,
        "p99": 32.1,
        "p999": 32.1
      },
      "browser.page.CLS.https://practice.expandtesting.com/login": {
        "min": 0.1,
        "max": 0.3,
        "count": 60,
        "mean": 0.1,
        "p50": 0.1,
        "median": 0.1,
        "p75": 0.1,
        "p90": 0.2,
        "p95": 0.2,
        "p99": 0.3,
        "p999": 0.3
      },
      "browser.page.FCP.https://practice.expandtesting.com/secure": {
        "min": 930.1,
        "max": 2086.7,
        "count": 60,
        "mean": 1431.4,
        "p50": 1353.1,
        "median": 1353.1,
        "p75": 1652.8,
        "p90": 1939.5,
        "p95": 2018.7,
        "p99": 2101.1,
        "p999": 2101.1
      },
      "vusers.session_length": {
        "min": 3702.7,
        "max": 12912.7,
        "count": 60,
        "mean": 7316.2,
        "p50": 7260.8,
        "median": 7260.8,
        "p75": 8520.7,
        "p90": 9047.6,
        "p95": 10201.2,
        "p99": 11050.8,
        "p999": 11050.8
      },
      "browser.page.TTFB.https://practice.expandtesting.com/secure": {
        "min": 1212.3,
        "max": 1212.3,
        "count": 1,
        "mean": 1212.3,
        "p50": 1224.4,
        "median": 1224.4,
        "p75": 1224.4,
        "p90": 1224.4,
        "p95": 1224.4,
        "p99": 1224.4,
        "p999": 1224.4
      }
    }
  },
  "intermediate": [
    {
      "counters": {
        "vusers.created_by_name.Login Performance Test": 18,
        "vusers.created": 18,
        "browser.page.codes.200": 609,
        "browser.http_requests": 778,
        "browser.page.codes.204": 186,
        "browser.page.codes.302": 21,
        "browser.page.codes.304": 48,
        "vusers.failed": 0,
        "vusers.completed": 8
      },
      "rates": {},
      "firstCounterAt": 1745344001395,
      "firstHistogramAt": 1745344002618,
      "lastCounterAt": 1745344009994,
      "lastHistogramAt": 1745344009817,
      "firstMetricAt": 1745344001395,
      "lastMetricAt": 1745344009994,
      "period": "1745344000000",
      "summaries": {
        "browser.page.FCP.https://practice.expandtesting.com/login": {
          "min": 765.2,
          "max": 2251.2,
          "count": 14,
          "mean": 1225,
          "p50": 1085.9,
          "median": 1085.9,
          "p75": 1249.1,
          "p90": 1300.1,
          "p95": 2186.8,
          "p99": 2186.8,
          "p999": 2186.8
        },
        "browser.page.TTFB.https://practice.expandtesting.com/login": {
          "min": 324,
          "max": 590,
          "count": 12,
          "mean": 434.4,
          "p50": 432.7,
          "median": 432.7,
          "p75": 459.5,
          "p90": 478.3,
          "p95": 572.6,
          "p99": 572.6,
          "p999": 572.6
        },
        "browser.page.LCP.https://practice.expandtesting.com/login": {
          "min": 765.2,
          "max": 1292,
          "count": 12,
          "mean": 1058.2,
          "p50": 1002.4,
          "median": 1002.4,
          "p75": 1224.4,
          "p90": 1249.1,
          "p95": 1249.1,
          "p99": 1249.1,
          "p999": 1249.1
        },
        "browser.page.FID.https://practice.expandtesting.com/login": {
          "min": 0.4,
          "max": 0.7,
          "count": 12,
          "mean": 0.5,
          "p50": 0.5,
          "median": 0.5,
          "p75": 0.5,
          "p90": 0.5,
          "p95": 0.7,
          "p99": 0.7,
          "p999": 0.7
        },
        "browser.page.INP.https://practice.expandtesting.com/login": {
          "min": 16,
          "max": 32,
          "count": 9,
          "mean": 19.6,
          "p50": 16,
          "median": 16,
          "p75": 23.8,
          "p90": 23.8,
          "p95": 23.8,
          "p99": 23.8,
          "p999": 23.8
        },
        "browser.page.CLS.https://practice.expandtesting.com/login": {
          "min": 0.1,
          "max": 0.1,
          "count": 9,
          "mean": 0.1,
          "p50": 0.1,
          "median": 0.1,
          "p75": 0.1,
          "p90": 0.1,
          "p95": 0.1,
          "p99": 0.1,
          "p999": 0.1
        },
        "browser.page.FCP.https://practice.expandtesting.com/secure": {
          "min": 930.1,
          "max": 1095.3,
          "count": 9,
          "mean": 1011.1,
          "p50": 1022.7,
          "median": 1022.7,
          "p75": 1022.7,
          "p90": 1085.9,
          "p95": 1085.9,
          "p99": 1085.9,
          "p999": 1085.9
        },
        "vusers.session_length": {
          "min": 3702.7,
          "max": 5158.5,
          "count": 8,
          "mean": 4590.9,
          "p50": 4770.6,
          "median": 4770.6,
          "p75": 4965.3,
          "p90": 5168,
          "p95": 5168,
          "p99": 5168,
          "p999": 5168
        }
      },
      "histograms": {
        "browser.page.FCP.https://practice.expandtesting.com/login": {
          "min": 765.2,
          "max": 2251.2,
          "count": 14,
          "mean": 1225,
          "p50": 1085.9,
          "median": 1085.9,
          "p75": 1249.1,
          "p90": 1300.1,
          "p95": 2186.8,
          "p99": 2186.8,
          "p999": 2186.8
        },
        "browser.page.TTFB.https://practice.expandtesting.com/login": {
          "min": 324,
          "max": 590,
          "count": 12,
          "mean": 434.4,
          "p50": 432.7,
          "median": 432.7,
          "p75": 459.5,
          "p90": 478.3,
          "p95": 572.6,
          "p99": 572.6,
          "p999": 572.6
        },
        "browser.page.LCP.https://practice.expandtesting.com/login": {
          "min": 765.2,
          "max": 1292,
          "count": 12,
          "mean": 1058.2,
          "p50": 1002.4,
          "median": 1002.4,
          "p75": 1224.4,
          "p90": 1249.1,
          "p95": 1249.1,
          "p99": 1249.1,
          "p999": 1249.1
        },
        "browser.page.FID.https://practice.expandtesting.com/login": {
          "min": 0.4,
          "max": 0.7,
          "count": 12,
          "mean": 0.5,
          "p50": 0.5,
          "median": 0.5,
          "p75": 0.5,
          "p90": 0.5,
          "p95": 0.7,
          "p99": 0.7,
          "p999": 0.7
        },
        "browser.page.INP.https://practice.expandtesting.com/login": {
          "min": 16,
          "max": 32,
          "count": 9,
          "mean": 19.6,
          "p50": 16,
          "median": 16,
          "p75": 23.8,
          "p90": 23.8,
          "p95": 23.8,
          "p99": 23.8,
          "p999": 23.8
        },
        "browser.page.CLS.https://practice.expandtesting.com/login": {
          "min": 0.1,
          "max": 0.1,
          "count": 9,
          "mean": 0.1,
          "p50": 0.1,
          "median": 0.1,
          "p75": 0.1,
          "p90": 0.1,
          "p95": 0.1,
          "p99": 0.1,
          "p999": 0.1
        },
        "browser.page.FCP.https://practice.expandtesting.com/secure": {
          "min": 930.1,
          "max": 1095.3,
          "count": 9,
          "mean": 1011.1,
          "p50": 1022.7,
          "median": 1022.7,
          "p75": 1022.7,
          "p90": 1085.9,
          "p95": 1085.9,
          "p99": 1085.9,
          "p999": 1085.9
        },
        "vusers.session_length": {
          "min": 3702.7,
          "max": 5158.5,
          "count": 8,
          "mean": 4590.9,
          "p50": 4770.6,
          "median": 4770.6,
          "p75": 4965.3,
          "p90": 5168,
          "p95": 5168,
          "p99": 5168,
          "p999": 5168
        }
      }
    },
    {
      "counters": {
        "browser.page.codes.302": 44,
        "browser.http_requests": 1118,
        "browser.page.codes.200": 872,
        "browser.page.codes.204": 249,
        "vusers.created_by_name.Login Performance Test": 20,
        "vusers.created": 20,
        "browser.page.codes.304": 71,
        "vusers.failed": 0,
        "vusers.completed": 15,
        "browser.page.codes.307": 1
      },
      "rates": {},
      "firstCounterAt": 1745344010007,
      "firstHistogramAt": 1745344010218,
      "lastCounterAt": 1745344019998,
      "lastHistogramAt": 1745344019909,
      "firstMetricAt": 1745344010007,
      "lastMetricAt": 1745344019998,
      "period": "1745344010000",
      "summaries": {
        "browser.page.FCP.https://practice.expandtesting.com/login": {
          "min": 1157,
          "max": 2912.6,
          "count": 20,
          "mean": 2058.6,
          "p50": 2059.5,
          "median": 2059.5,
          "p75": 2322.1,
          "p90": 2836.2,
          "p95": 2836.2,
          "p99": 2836.2,
          "p999": 2836.2
        },
        "browser.page.INP.https://practice.expandtesting.com/login": {
          "min": 16,
          "max": 32,
          "count": 17,
          "mean": 17.9,
          "p50": 16,
          "median": 16,
          "p75": 16,
          "p90": 16,
          "p95": 32.1,
          "p99": 32.1,
          "p999": 32.1
        },
        "browser.page.CLS.https://practice.expandtesting.com/login": {
          "min": 0.1,
          "max": 0.2,
          "count": 17,
          "mean": 0.1,
          "p50": 0.1,
          "median": 0.1,
          "p75": 0.1,
          "p90": 0.2,
          "p95": 0.2,
          "p99": 0.2,
          "p999": 0.2
        },
        "browser.page.TTFB.https://practice.expandtesting.com/login": {
          "min": 414.2,
          "max": 1077.7,
          "count": 17,
          "mean": 664,
          "p50": 608,
          "median": 608,
          "p75": 742.6,
          "p90": 837.3,
          "p95": 1022.7,
          "p99": 1022.7,
          "p999": 1022.7
        },
        "browser.page.FCP.https://practice.expandtesting.com/secure": {
          "min": 1063.6,
          "max": 2060.5,
          "count": 16,
          "mean": 1409.9,
          "p50": 1300.1,
          "median": 1300.1,
          "p75": 1620,
          "p90": 1720.2,
          "p95": 1826.6,
          "p99": 1826.6,
          "p999": 1826.6
        },
        "browser.page.LCP.https://practice.expandtesting.com/login": {
          "min": 1157,
          "max": 2849.5,
          "count": 16,
          "mean": 1970.2,
          "p50": 2059.5,
          "median": 2059.5,
          "p75": 2231,
          "p90": 2322.1,
          "p95": 2780,
          "p99": 2780,
          "p999": 2780
        },
        "browser.page.FID.https://practice.expandtesting.com/login": {
          "min": 0.4,
          "max": 1.6,
          "count": 16,
          "mean": 0.5,
          "p50": 0.4,
          "median": 0.4,
          "p75": 0.5,
          "p90": 0.5,
          "p95": 0.5,
          "p99": 0.5,
          "p999": 0.5
        },
        "vusers.session_length": {
          "min": 4772.1,
          "max": 8317.7,
          "count": 15,
          "mean": 6385.6,
          "p50": 6312.2,
          "median": 6312.2,
          "p75": 7117,
          "p90": 8024.5,
          "p95": 8186.6,
          "p99": 8186.6,
          "p999": 8186.6
        }
      },
      "histograms": {
        "browser.page.FCP.https://practice.expandtesting.com/login": {
          "min": 1157,
          "max": 2912.6,
          "count": 20,
          "mean": 2058.6,
          "p50": 2059.5,
          "median": 2059.5,
          "p75": 2322.1,
          "p90": 2836.2,
          "p95": 2836.2,
          "p99": 2836.2,
          "p999": 2836.2
        },
        "browser.page.INP.https://practice.expandtesting.com/login": {
          "min": 16,
          "max": 32,
          "count": 17,
          "mean": 17.9,
          "p50": 16,
          "median": 16,
          "p75": 16,
          "p90": 16,
          "p95": 32.1,
          "p99": 32.1,
          "p999": 32.1
        },
        "browser.page.CLS.https://practice.expandtesting.com/login": {
          "min": 0.1,
          "max": 0.2,
          "count": 17,
          "mean": 0.1,
          "p50": 0.1,
          "median": 0.1,
          "p75": 0.1,
          "p90": 0.2,
          "p95": 0.2,
          "p99": 0.2,
          "p999": 0.2
        },
        "browser.page.TTFB.https://practice.expandtesting.com/login": {
          "min": 414.2,
          "max": 1077.7,
          "count": 17,
          "mean": 664,
          "p50": 608,
          "median": 608,
          "p75": 742.6,
          "p90": 837.3,
          "p95": 1022.7,
          "p99": 1022.7,
          "p999": 1022.7
        },
        "browser.page.FCP.https://practice.expandtesting.com/secure": {
          "min": 1063.6,
          "max": 2060.5,
          "count": 16,
          "mean": 1409.9,
          "p50": 1300.1,
          "median": 1300.1,
          "p75": 1620,
          "p90": 1720.2,
          "p95": 1826.6,
          "p99": 1826.6,
          "p999": 1826.6
        },
        "browser.page.LCP.https://practice.expandtesting.com/login": {
          "min": 1157,
          "max": 2849.5,
          "count": 16,
          "mean": 1970.2,
          "p50": 2059.5,
          "median": 2059.5,
          "p75": 2231,
          "p90": 2322.1,
          "p95": 2780,
          "p99": 2780,
          "p999": 2780
        },
        "browser.page.FID.https://practice.expandtesting.com/login": {
          "min": 0.4,
          "max": 1.6,
          "count": 16,
          "mean": 0.5,
          "p50": 0.4,
          "median": 0.4,
          "p75": 0.5,
          "p90": 0.5,
          "p95": 0.5,
          "p99": 0.5,
          "p999": 0.5
        },
        "vusers.session_length": {
          "min": 4772.1,
          "max": 8317.7,
          "count": 15,
          "mean": 6385.6,
          "p50": 6312.2,
          "median": 6312.2,
          "p75": 7117,
          "p90": 8024.5,
          "p95": 8186.6,
          "p99": 8186.6,
          "p999": 8186.6
        }
      }
    },
    {
      "counters": {
        "browser.page.codes.200": 888,
        "browser.http_requests": 1096,
        "browser.page.codes.304": 80,
        "browser.page.codes.204": 221,
        "vusers.failed": 0,
        "vusers.completed": 17,
        "vusers.created_by_name.Login Performance Test": 20,
        "vusers.created": 20,
        "browser.page.codes.302": 43
      },
      "rates": {},
      "firstCounterAt": 1745344020005,
      "firstHistogramAt": 1745344020046,
      "lastCounterAt": 1745344029988,
      "lastHistogramAt": 1745344029920,
      "firstMetricAt": 1745344020005,
      "lastMetricAt": 1745344029988,
      "period": "1745344020000",
      "summaries": {
        "vusers.session_length": {
          "min": 5886.9,
          "max": 9452.9,
          "count": 17,
          "mean": 7445.1,
          "p50": 7260.8,
          "median": 7260.8,
          "p75": 8186.6,
          "p90": 8868.4,
          "p95": 9230.4,
          "p99": 9230.4,
          "p999": 9230.4
        },
        "browser.page.TTFB.https://practice.expandtesting.com/login": {
          "min": 604.4,
          "max": 1838.9,
          "count": 16,
          "mean": 950,
          "p50": 871.5,
          "median": 871.5,
          "p75": 1002.4,
          "p90": 1249.1,
          "p95": 1249.1,
          "p99": 1249.1,
          "p999": 1249.1
        },
        "browser.page.FCP.https://practice.expandtesting.com/login": {
          "min": 1678.8,
          "max": 5638.5,
          "count": 17,
          "mean": 3019.7,
          "p50": 2780,
          "median": 2780,
          "p75": 3464.1,
          "p90": 3678.4,
          "p95": 4770.6,
          "p99": 4770.6,
          "p999": 4770.6
        },
        "browser.page.LCP.https://practice.expandtesting.com/login": {
          "min": 1626.1,
          "max": 3644.4,
          "count": 15,
          "mean": 2472.4,
          "p50": 2186.8,
          "median": 2186.8,
          "p75": 2836.2,
          "p90": 3197.8,
          "p95": 3395.5,
          "p99": 3395.5,
          "p999": 3395.5
        },
        "browser.page.FID.https://practice.expandtesting.com/login": {
          "min": 0.4,
          "max": 0.6,
          "count": 15,
          "mean": 0.5,
          "p50": 0.5,
          "median": 0.5,
          "p75": 0.6,
          "p90": 0.6,
          "p95": 0.6,
          "p99": 0.6,
          "p999": 0.6
        },
        "browser.page.INP.https://practice.expandtesting.com/login": {
          "min": 16,
          "max": 40,
          "count": 16,
          "mean": 19.5,
          "p50": 16,
          "median": 16,
          "p75": 16,
          "p90": 32.1,
          "p95": 32.1,
          "p99": 32.1,
          "p999": 32.1
        },
        "browser.page.CLS.https://practice.expandtesting.com/login": {
          "min": 0.1,
          "max": 0.3,
          "count": 16,
          "mean": 0.1,
          "p50": 0.1,
          "median": 0.1,
          "p75": 0.1,
          "p90": 0.2,
          "p95": 0.2,
          "p99": 0.2,
          "p999": 0.2
        },
        "browser.page.FCP.https://practice.expandtesting.com/secure": {
          "min": 1154.2,
          "max": 2083.1,
          "count": 17,
          "mean": 1506.2,
          "p50": 1408.4,
          "median": 1408.4,
          "p75": 1686.1,
          "p90": 1790.4,
          "p95": 1901.1,
          "p99": 1901.1,
          "p999": 1901.1
        }
      },
      "histograms": {
        "vusers.session_length": {
          "min": 5886.9,
          "max": 9452.9,
          "count": 17,
          "mean": 7445.1,
          "p50": 7260.8,
          "median": 7260.8,
          "p75": 8186.6,
          "p90": 8868.4,
          "p95": 9230.4,
          "p99": 9230.4,
          "p999": 9230.4
        },
        "browser.page.TTFB.https://practice.expandtesting.com/login": {
          "min": 604.4,
          "max": 1838.9,
          "count": 16,
          "mean": 950,
          "p50": 871.5,
          "median": 871.5,
          "p75": 1002.4,
          "p90": 1249.1,
          "p95": 1249.1,
          "p99": 1249.1,
          "p999": 1249.1
        },
        "browser.page.FCP.https://practice.expandtesting.com/login": {
          "min": 1678.8,
          "max": 5638.5,
          "count": 17,
          "mean": 3019.7,
          "p50": 2780,
          "median": 2780,
          "p75": 3464.1,
          "p90": 3678.4,
          "p95": 4770.6,
          "p99": 4770.6,
          "p999": 4770.6
        },
        "browser.page.LCP.https://practice.expandtesting.com/login": {
          "min": 1626.1,
          "max": 3644.4,
          "count": 15,
          "mean": 2472.4,
          "p50": 2186.8,
          "median": 2186.8,
          "p75": 2836.2,
          "p90": 3197.8,
          "p95": 3395.5,
          "p99": 3395.5,
          "p999": 3395.5
        },
        "browser.page.FID.https://practice.expandtesting.com/login": {
          "min": 0.4,
          "max": 0.6,
          "count": 15,
          "mean": 0.5,
          "p50": 0.5,
          "median": 0.5,
          "p75": 0.6,
          "p90": 0.6,
          "p95": 0.6,
          "p99": 0.6,
          "p999": 0.6
        },
        "browser.page.INP.https://practice.expandtesting.com/login": {
          "min": 16,
          "max": 40,
          "count": 16,
          "mean": 19.5,
          "p50": 16,
          "median": 16,
          "p75": 16,
          "p90": 32.1,
          "p95": 32.1,
          "p99": 32.1,
          "p999": 32.1
        },
        "browser.page.CLS.https://practice.expandtesting.com/login": {
          "min": 0.1,
          "max": 0.3,
          "count": 16,
          "mean": 0.1,
          "p50": 0.1,
          "median": 0.1,
          "p75": 0.1,
          "p90": 0.2,
          "p95": 0.2,
          "p99": 0.2,
          "p999": 0.2
        },
        "browser.page.FCP.https://practice.expandtesting.com/secure": {
          "min": 1154.2,
          "max": 2083.1,
          "count": 17,
          "mean": 1506.2,
          "p50": 1408.4,
          "median": 1408.4,
          "p75": 1686.1,
          "p90": 1790.4,
          "p95": 1901.1,
          "p99": 1901.1,
          "p999": 1901.1
        }
      }
    },
    {
      "counters": {
        "browser.http_requests": 903,
        "browser.page.codes.200": 643,
        "vusers.failed": 0,
        "vusers.completed": 20,
        "browser.page.codes.204": 239,
        "vusers.created_by_name.Login Performance Test": 2,
        "vusers.created": 2,
        "browser.page.codes.302": 50,
        "browser.page.codes.304": 76,
        "browser.page.codes.400": 1
      },
      "rates": {},
      "firstCounterAt": 1745344030000,
      "firstHistogramAt": 1745344030000,
      "lastCounterAt": 1745344039501,
      "lastHistogramAt": 1745344039501,
      "firstMetricAt": 1745344030000,
      "lastMetricAt": 1745344039501,
      "period": "1745344030000",
      "summaries": {
        "vusers.session_length": {
          "min": 7093.7,
          "max": 12912.7,
          "count": 20,
          "mean": 8994.8,
          "p50": 8868.4,
          "median": 8868.4,
          "p75": 9047.6,
          "p90": 10407.3,
          "p95": 11050.8,
          "p99": 11050.8,
          "p999": 11050.8
        },
        "browser.page.LCP.https://practice.expandtesting.com/login": {
          "min": 2102.5,
          "max": 5638.5,
          "count": 17,
          "mean": 3520.8,
          "p50": 3464.1,
          "median": 3464.1,
          "p75": 3752.7,
          "p90": 4403.8,
          "p95": 4770.6,
          "p99": 4770.6,
          "p999": 4770.6
        },
        "browser.page.FID.https://practice.expandtesting.com/login": {
          "min": 0.4,
          "max": 0.7,
          "count": 17,
          "mean": 0.5,
          "p50": 0.5,
          "median": 0.5,
          "p75": 0.5,
          "p90": 0.6,
          "p95": 0.6,
          "p99": 0.6,
          "p999": 0.6
        },
        "browser.page.INP.https://practice.expandtesting.com/login": {
          "min": 16,
          "max": 24,
          "count": 18,
          "mean": 16.4,
          "p50": 16,
          "median": 16,
          "p75": 16,
          "p90": 16,
          "p95": 16,
          "p99": 16,
          "p999": 16
        },
        "browser.page.CLS.https://practice.expandtesting.com/login": {
          "min": 0.1,
          "max": 0.3,
          "count": 18,
          "mean": 0.1,
          "p50": 0.1,
          "median": 0.1,
          "p75": 0.1,
          "p90": 0.2,
          "p95": 0.3,
          "p99": 0.3,
          "p999": 0.3
        },
        "browser.page.FCP.https://practice.expandtesting.com/login": {
          "min": 2765.7,
          "max": 4369.6,
          "count": 9,
          "mean": 3500.5,
          "p50": 3395.5,
          "median": 3395.5,
          "p75": 3752.7,
          "p90": 4316.6,
          "p95": 4316.6,
          "p99": 4316.6,
          "p999": 4316.6
        },
        "browser.page.FCP.https://practice.expandtesting.com/secure": {
          "min": 1225.6,
          "max": 2086.7,
          "count": 18,
          "mean": 1590,
          "p50": 1525.7,
          "median": 1525.7,
          "p75": 1863.5,
          "p90": 1978.7,
          "p95": 2018.7,
          "p99": 2018.7,
          "p999": 2018.7
        },
        "browser.page.TTFB.https://practice.expandtesting.com/login": {
          "min": 523.7,
          "max": 971.5,
          "count": 15,
          "mean": 809.6,
          "p50": 837.3,
          "median": 837.3,
          "p75": 925.4,
          "p90": 944,
          "p95": 963.1,
          "p99": 963.1,
          "p999": 963.1
        },
        "browser.page.TTFB.https://practice.expandtesting.com/secure": {
          "min": 1212.3,
          "max": 1212.3,
          "count": 1,
          "mean": 1212.3,
          "p50": 1224.4,
          "median": 1224.4,
          "p75": 1224.4,
          "p90": 1224.4,
          "p95": 1224.4,
          "p99": 1224.4,
          "p999": 1224.4
        }
      },
      "histograms": {
        "vusers.session_length": {
          "min": 7093.7,
          "max": 12912.7,
          "count": 20,
          "mean": 8994.8,
          "p50": 8868.4,
          "median": 8868.4,
          "p75": 9047.6,
          "p90": 10407.3,
          "p95": 11050.8,
          "p99": 11050.8,
          "p999": 11050.8
        },
        "browser.page.LCP.https://practice.expandtesting.com/login": {
          "min": 2102.5,
          "max": 5638.5,
          "count": 17,
          "mean": 3520.8,
          "p50": 3464.1,
          "median": 3464.1,
          "p75": 3752.7,
          "p90": 4403.8,
          "p95": 4770.6,
          "p99": 4770.6,
          "p999": 4770.6
        },
        "browser.page.FID.https://practice.expandtesting.com/login": {
          "min": 0.4,
          "max": 0.7,
          "count": 17,
          "mean": 0.5,
          "p50": 0.5,
          "median": 0.5,
          "p75": 0.5,
          "p90": 0.6,
          "p95": 0.6,
          "p99": 0.6,
          "p999": 0.6
        },
        "browser.page.INP.https://practice.expandtesting.com/login": {
          "min": 16,
          "max": 24,
          "count": 18,
          "mean": 16.4,
          "p50": 16,
          "median": 16,
          "p75": 16,
          "p90": 16,
          "p95": 16,
          "p99": 16,
          "p999": 16
        },
        "browser.page.CLS.https://practice.expandtesting.com/login": {
          "min": 0.1,
          "max": 0.3,
          "count": 18,
          "mean": 0.1,
          "p50": 0.1,
          "median": 0.1,
          "p75": 0.1,
          "p90": 0.2,
          "p95": 0.3,
          "p99": 0.3,
          "p999": 0.3
        },
        "browser.page.FCP.https://practice.expandtesting.com/login": {
          "min": 2765.7,
          "max": 4369.6,
          "count": 9,
          "mean": 3500.5,
          "p50": 3395.5,
          "median": 3395.5,
          "p75": 3752.7,
          "p90": 4316.6,
          "p95": 4316.6,
          "p99": 4316.6,
          "p999": 4316.6
        },
        "browser.page.FCP.https://practice.expandtesting.com/secure": {
          "min": 1225.6,
          "max": 2086.7,
          "count": 18,
          "mean": 1590,
          "p50": 1525.7,
          "median": 1525.7,
          "p75": 1863.5,
          "p90": 1978.7,
          "p95": 2018.7,
          "p99": 2018.7,
          "p999": 2018.7
        },
        "browser.page.TTFB.https://practice.expandtesting.com/login": {
          "min": 523.7,
          "max": 971.5,
          "count": 15,
          "mean": 809.6,
          "p50": 837.3,
          "median": 837.3,
          "p75": 925.4,
          "p90": 944,
          "p95": 963.1,
          "p99": 963.1,
          "p999": 963.1
        },
        "browser.page.TTFB.https://practice.expandtesting.com/secure": {
          "min": 1212.3,
          "max": 1212.3,
          "count": 1,
          "mean": 1212.3,
          "p50": 1224.4,
          "median": 1224.4,
          "p75": 1224.4,
          "p90": 1224.4,
          "p95": 1224.4,
          "p99": 1224.4,
          "p999": 1224.4
        }
      }
    }
  ]
}