{
  "aggregate": {
    "counters": {
      "vusers.created_by_name.Login Performance Test": 120,
      "vusers.created": 120,
      "browser.page.codes.200": 612,
      "browser.http_requests": 612,
      "vusers.failed": 0,
      "vusers.completed": 120
    },
    "rates": {},
    "firstCounterAt": 1745386268037,
    "firstHistogramAt": 1745386269264,
    "lastCounterAt": 1745386327417,
    "lastHistogramAt": 1745386327417,
    "firstMetricAt": 1745386268037,
    "lastMetricAt": 1745386327417,
    "period": 1745386320000,
    "summaries": {
      "browser.page.FCP.https://www.saucedemo.com/": {
        "min": 224.2,
        "max": 980,
        "count": 120,
        "mean": 287.7,
        "p50": 267.8,
        "median": 267.8,
        "p75": 314.2,
        "p90": 327.1,
        "p95": 361.5,
        "p99": 368.8,
        "p999": 982.6
      },
      "vusers.session_length": {
        "min": 328.3,
        "max": 1252.1,
        "count": 120,
        "mean": 406.4,
        "p50": 391.6,
        "median": 391.6,
        "p75": 432.7,
        "p90": 468.8,
        "p95": 478.3,
        "p99": 497.8,
        "p999": 1200.1
      }
    },
    "histograms": {
      "browser.page.FCP.https://www.saucedemo.com/": {
        "min": 224.2,
        "max": 980,
        "count": 120,
        "mean": 287.7,
        "p50": 267.8,
        "median": 267.8,
        "p75": 314.2,
        "p90": 327.1,
        "p95": 361.5,
        "p99": 368.8,
        "p999": 982.6
      },
      "vusers.session_length": {
        "min": 328.3,
        "max": 1252.1,
        "count": 120,
        "mean": 406.4,
        "p50": 391.6,
        "median": 391.6,
        "p75": 432.7,
        "p90": 468.8,
        "p95": 478.3,
        "p99": 497.8,
        "p999": 1200.1
      }
    }
  },
  "intermediate": [
    {
      "counters": {
        "vusers.created_by_name.Login Performance Test": 4,
        "vusers.created": 4,
        "browser.page.codes.200": 20,
        "browser.http_requests": 20,
        "vusers.failed": 0,
        "vusers.completed": 4
      },
      "rates": {},
      "firstCounterAt": 1745386268037,
      "firstHistogramAt": 1745386269264,
      "lastCounterAt": 1745386269519,
      "lastHistogramAt": 1745386269519,
      "firstMetricAt": 1745386268037,
      "lastMetricAt": 1745386269519,
      "period": "1745386260000",
      "summaries": {
        "browser.page.FCP.https://www.saucedemo.com/": {
          "min": 308.4,
          "max": 980,
          "count": 4,
          "mean": 647.6,
          "p50": 320.6,
          "median": 320.6,
          "p75": 982.6,
          "p90": 982.6,
          "p95": 982.6,
          "p99": 982.6,
          "p999": 982.6
        },
        "vusers.session_length": {
          "min": 431.3,
          "max": 1252.1,
          "count": 4,
          "mean": 829.1,
          "p50": 432.7,
          "median": 432.7,
          "p75": 1200.1,
          "p90": 1200.1,
          "p95": 1200.1,
          "p99": 1200.1,
          "p999": 1200.1
        }
      },
      "histograms": {
        "browser.page.FCP.https://www.saucedemo.com/": {
          "min": 308.4,
          "max": 980,
          "count": 4,
          "mean": 647.6,
          "p50": 320.6,
          "median": 320.6,
          "p75": 982.6,
          "p90": 982.6,
          "p95": 982.6,
          "p99": 982.6,
          "p999": 982.6
        },
        "vusers.session_length": {
          "min": 431.3,
          "max": 1252.1,
          "count": 4,
          "mean": 829.1,
          "p50": 432.7,
          "median": 432.7,
          "p75": 1200.1,
          "p90": 1200.1,
          "p95": 1200.1,
          "p99": 1200.1,
          "p999": 1200.1
        }
      }
    },
    {
      "counters": {
        "vusers.created_by_name.Login Performance Test": 20,
        "vusers.created": 20,
        "browser.page.codes.200": 101,
        "browser.http_requests": 101,
        "vusers.failed": 0,
        "vusers.completed": 20
      },
      "rates": {},
      "firstCounterAt": 1745386270037,
      "firstHistogramAt": 1745386270395,
      "lastCounterAt": 1745386279537,
      "lastHistogramAt": 1745386279537,
      "firstMetricAt": 1745386270037,
      "lastMetricAt": 1745386279537,
      "period": "1745386270000",
      "summaries": {
        "browser.page.FCP.https://www.saucedemo.com/": {
          "min": 230.1,
          "max": 357.4,
          "count": 20,
          "mean": 272.2,
          "p50": 252.2,
          "median": 252.2,
          "p75": 308,
          "p90": 320.6,
          "p95": 320.6,
          "p99": 320.6,
          "p999": 320.6
        },
        "vusers.session_length": {
          "min": 330.7,
          "max": 500.8,
          "count": 20,
          "mean": 390.1,
          "p50": 368.8,
          "median": 368.8,
          "p75": 415.8,
          "p90": 450.4,
          "p95": 450.4,
          "p99": 450.4,
          "p999": 450.4
        }
      },
      "histograms": {
        "browser.page.FCP.https://www.saucedemo.com/": {
          "min": 230.1,
          "max": 357.4,
          "count": 20,
          "mean": 272.2,
          "p50": 252.2,
          "median": 252.2,
          "p75": 308,
          "p90": 320.6,
          "p95": 320.6,
          "p99": 320.6,
          "p999": 320.6
        },
        "vusers.session_length": {
          "min": 330.7,
          "max": 500.8,
          "count": 20,
          "mean": 390.1,
          "p50": 368.8,
          "median": 368.8,
          "p75": 415.8,
          "p90": 450.4,
          "p95": 450.4,
          "p99": 450.4,
          "p999": 450.4
        }
      }
    },
    {
      "counters": {
        "vusers.created_by_name.Login Performance Test": 20,
        "vusers.created": 20,
        "browser.page.codes.200": 101,
        "browser.http_requests": 101,
        "vusers.failed": 0,
        "vusers.completed": 20
      },
      "rates": {},
      "firstCounterAt": 1745386280037,
      "firstHistogramAt": 1745386280346,
      "lastCounterAt": 1745386289487,
      "lastHistogramAt": 1745386289487,
      "firstMetricAt": 1745386280037,
      "lastMetricAt": 1745386289487,
      "period": "1745386280000",
      "summaries": {
        "browser.page.FCP.https://www.saucedemo.com/": {
          "min": 232.2,
          "max": 323.6,
          "count": 20,
          "mean": 269.5,
          "p50": 247.2,
          "median": 247.2,
          "p75": 308,
          "p90": 320.6,
          "p95": 320.6,
          "p99": 320.6,
          "p999": 320.6
        },
        "vusers.session_length": {
          "min": 329.7,
          "max": 467,
          "count": 20,
          "mean": 387.3,
          "p50": 368.8,
          "median": 368.8,
          "p75": 415.8,
          "p90": 432.7,
          "p95": 450.4,
          "p99": 450.4,
          "p999": 450.4
        }
      },
      "histograms": {
        "browser.page.FCP.https://www.saucedemo.com/": {
          "min": 232.2,
          "max": 323.6,
          "count": 20,
          "mean": 269.5,
          "p50": 247.2,
          "median": 247.2,
          "p75": 308,
          "p90": 320.6,
          "p95": 320.6,
          "p99": 320.6,
          "p999": 320.6
        },
        "vusers.session_length": {
          "min": 329.7,
          "max": 467,
          "count": 20,
          "mean": 387.3,
          "p50": 368.8,
          "median": 368.8,
          "p75": 415.8,
          "p90": 432.7,
          "p95": 450.4,
          "p99": 450.4,
          "p999": 450.4
        }
      }
    },
    {
      "counters": {
        "vusers.created_by_name.Login Performance Test": 20,
        "vusers.created": 20,
        "browser.page.codes.200": 100,
        "browser.http_requests": 100,
        "vusers.failed": 0,
        "vusers.completed": 20
      },
      "rates": {},
      "firstCounterAt": 1745386290037,
      "firstHistogramAt": 1745386290393,
      "lastCounterAt": 1745386299435,
      "lastHistogramAt": 1745386299435,
      "firstMetricAt": 1745386290037,
      "lastMetricAt": 1745386299435,
      "period": "1745386290000",
      "summaries": {
        "browser.page.FCP.https://www.saucedemo.com/": {
          "min": 231.3,
          "max": 334.2,
          "count": 20,
          "mean": 271.6,
          "p50": 247.2,
          "median": 247.2,
          "p75": 308,
          "p90": 320.6,
          "p95": 327.1,
          "p99": 327.1,
          "p999": 327.1
        },
        "vusers.session_length": {
          "min": 329.1,
          "max": 481.4,
          "count": 20,
          "mean": 390.1,
          "p50": 376.2,
          "median": 376.2,
          "p75": 432.7,
          "p90": 432.7,
          "p95": 468.8,
          "p99": 468.8,
          "p999": 468.8
        }
      },
      "histograms": {
        "browser.page.FCP.https://www.saucedemo.com/": {
          "min": 231.3,
          "max": 334.2,
          "count": 20,
          "mean": 271.6,
          "p50": 247.2,
          "median": 247.2,
          "p75": 308,
          "p90": 320.6,
          "p95": 327.1,
          "p99": 327.1,
          "p999": 327.1
        },
        "vusers.session_length": {
          "min": 329.1,
          "max": 481.4,
          "count": 20,
          "mean": 390.1,
          "p50": 376.2,
          "median": 376.2,
          "p75": 432.7,
          "p90": 432.7,
          "p95": 468.8,
          "p99": 468.8,
          "p999": 468.8
        }
      }
    },
    {
      "counters": {
        "vusers.created_by_name.Login Performance Test": 20,
        "vusers.created": 20,
        "browser.page.codes.200": 108,
        "browser.http_requests": 108,
        "vusers.failed": 0,
        "vusers.completed": 20
      },
      "rates": {},
      "firstCounterAt": 1745386300037,
      "firstHistogramAt": 1745386300409,
      "lastCounterAt": 1745386309417,
      "lastHistogramAt": 1745386309417,
      "firstMetricAt": 1745386300037,
      "lastMetricAt": 1745386309417,
      "period": "1745386300000",
      "summaries": {
        "browser.page.FCP.https://www.saucedemo.com/": {
          "min": 224.2,
          "max": 362.5,
          "count": 20,
          "mean": 275,
          "p50": 242.3,
          "median": 242.3,
          "p75": 295.9,
          "p90": 333.7,
          "p95": 361.5,
          "p99": 361.5,
          "p999": 361.5
        },
        "vusers.session_length": {
          "min": 329,
          "max": 497.8,
          "count": 20,
          "mean": 391.6,
          "p50": 361.5,
          "median": 361.5,
          "p75": 432.7,
          "p90": 478.3,
          "p95": 478.3,
          "p99": 478.3,
          "p999": 478.3
        }
      },
      "histograms": {
        "browser.page.FCP.https://www.saucedemo.com/": {
          "min": 224.2,
          "max": 362.5,
          "count": 20,
          "mean": 275,
          "p50": 242.3,
          "median": 242.3,
          "p75": 295.9,
          "p90": 333.7,
          "p95": 361.5,
          "p99": 361.5,
          "p999": 361.5
        },
        "vusers.session_length": {
          "min": 329,
          "max": 497.8,
          "count": 20,
          "mean": 391.6,
          "p50": 361.5,
          "median": 361.5,
          "p75": 432.7,
          "p90": 478.3,
          "p95": 478.3,
          "p99": 478.3,
          "p999": 478.3
        }
      }
    },
    {
      "counters": {
        "vusers.created_by_name.Login Performance Test": 20,
        "vusers.created": 20,
        "browser.page.codes.200": 102,
        "browser.http_requests": 102,
        "vusers.failed": 0,
        "vusers.completed": 20
      },
      "rates": {},
      "firstCounterAt": 1745386310037,
      "firstHistogramAt": 1745386310359,
      "lastCounterAt": 1745386319433,
      "lastHistogramAt": 1745386319433,
      "firstMetricAt": 1745386310037,
      "lastMetricAt": 1745386319433,
      "period": "1745386310000",
      "summaries": {
        "browser.page.FCP.https://www.saucedemo.com/": {
          "min": 231.4,
          "max": 367.8,
          "count": 20,
          "mean": 275.7,
          "p50": 247.2,
          "median": 247.2,
          "p75": 314.2,
          "p90": 320.6,
          "p95": 327.1,
          "p99": 327.1,
          "p999": 327.1
        },
        "vusers.session_length": {
          "min": 328.3,
          "max": 498.6,
          "count": 20,
          "mean": 389.5,
          "p50": 361.5,
          "median": 361.5,
          "p75": 415.8,
          "p90": 450.4,
          "p95": 468.8,
          "p99": 468.8,
          "p999": 468.8
        }
      },
      "histograms": {
        "browser.page.FCP.https://www.saucedemo.com/": {
          "min": 231.4,
          "max": 367.8,
          "count": 20,
          "mean": 275.7,
          "p50": 247.2,
          "median": 247.2,
          "p75": 314.2,
          "p90": 320.6,
          "p95": 327.1,
          "p99": 327.1,
          "p999": 327.1
        },
        "vusers.session_length": {
          "min": 328.3,
          "max": 498.6,
          "count": 20,
          "mean": 389.5,
          "p50": 361.5,
          "median": 361.5,
          "p75": 415.8,
          "p90": 450.4,
          "p95": 468.8,
          "p99": 468.8,
          "p999": 468.8
        }
      }
    },
    {
      "counters": {
        "vusers.created_by_name.Login Performance Test": 16,
        "vusers.created": 16,
        "browser.page.codes.200": 80,
        "browser.http_requests": 80,
        "vusers.failed": 0,
        "vusers.completed": 16
      },
      "rates": {},
      "firstCounterAt": 1745386320037,
      "firstHistogramAt": 1745386320325,
      "lastCounterAt": 1745386327417,
      "lastHistogramAt": 1745386327417,
      "firstMetricAt": 1745386320037,
      "lastMetricAt": 1745386327417,
      "period": "1745386320000",
      "summaries": {
        "browser.page.FCP.https://www.saucedemo.com/": {
          "min": 233.4,
          "max": 368.6,
          "count": 16,
          "mean": 290.6,
          "p50": 295.9,
          "median": 295.9,
          "p75": 314.2,
          "p90": 333.7,
          "p95": 361.5,
          "p99": 361.5,
          "p999": 361.5
        },
        "vusers.session_length": {
          "min": 328.6,
          "max": 480.2,
          "count": 16,
          "mean": 404.7,
          "p50": 415.8,
          "median": 415.8,
          "p75": 432.7,
          "p90": 459.5,
          "p95": 468.8,
          "p99": 468.8,
          "p999": 468.8
        }
      },
      "histograms": {
        "browser.page.FCP.https://www.saucedemo.com/": {
          "min": 233.4,
          "max": 368.6,
          "count": 16,
          "mean": 290.6,
          "p50": 295.9,
          "median": 295.9,
          "p75": 314.2,
          "p90": 333.7,
          "p95": 361.5,
          "p99": 361.5,
          "p999": 361.5
        },
        "vusers.session_length": {
          "min": 328.6,
          "max": 480.2,
          "count": 16,
          "mean": 404.7,
          "p50": 415.8,
          "median": 415.8,
          "p75": 432.7,
          "p90": 459.5,
          "p95": 468.8,
          "p99": 468.8,
          "p999": 468.8
        }
      }
    }
  ]
}