{
  "aggregate": {
    "counters": {
      "vusers.created_by_name.Login Performance Test": 60,
      "vusers.created": 60,
      "browser.page.codes.200": 329,
      "browser.http_requests": 325,
      "errors.page.goto: net::ERR_NETWORK_CHANGED at https://practice.expandtesting.com/login": 8,
      "vusers.failed": 54,
      "errors.page.goto: net::ERR_INTERNET_DISCONNECTED at https://practice.expandtesting.com/login": 10,
      "browser.page.codes.302": 8,
      "browser.page.codes.304": 22,
      "vusers.completed": 6,
      "browser.page.codes.204": 10,
      "errors.page.waitForSelector: Timeout 30000ms exceeded.": 32,
      "errors.page.goto: Timeout 60000ms exceeded.": 4
    },
    "rates": {},
    "firstCounterAt": 1745384905419,
    "firstHistogramAt": 1745384928489,
    "lastCounterAt": 1745384984448,
    "lastHistogramAt": 1745384938546,
    "firstMetricAt": 1745384905419,
    "lastMetricAt": 1745384984448,
    "period": 1745384980000,
    "summaries": {
      "browser.page.FCP.https://practice.expandtesting.com/login": {
        "min": 1186.3,
        "max": 22943.9,
        "count": 38,
        "mean": 12979.6,
        "p50": 13770.3,
        "median": 13770.3,
        "p75": 18220,
        "p90": 20958.1,
        "p95": 22254.1,
        "p99": 22703.7,
        "p999": 22703.7
      },
      "browser.page.TTFB.https://practice.expandtesting.com/login": {
        "min": 1344.3,
        "max": 13982.8,
        "count": 34,
        "mean": 4382.7,
        "p50": 3395.5,
        "median": 3395.5,
        "p75": 5711.5,
        "p90": 7117,
        "p95": 7260.8,
        "p99": 8352,
        "p999": 8352
      },
      "browser.page.LCP.https://practice.expandtesting.com/login": {
        "min": 1186.3,
        "max": 23158.2,
        "count": 38,
        "mean": 13140.1,
        "p50": 14048.5,
        "median": 14048.5,
        "p75": 18963.6,
        "p90": 21813.5,
        "p95": 22254.1,
        "p99": 23162.4,
        "p999": 23162.4
      },
      "browser.page.FID.https://practice.expandtesting.com/login": {
        "min": 0.4,
        "max": 0.6,
        "count": 6,
        "mean": 0.5,
        "p50": 0.5,
        "median": 0.5,
        "p75": 0.6,
        "p90": 0.6,
        "p95": 0.6,
        "p99": 0.6,
        "p999": 0.6
      },
      "browser.page.INP.https://practice.expandtesting.com/login": {
        "min": 16,
        "max": 32,
        "count": 6,
        "mean": 21.3,
        "p50": 16,
        "median": 16,
        "p75": 16,
        "p90": 32.1,
        "p95": 32.1,
        "p99": 32.1,
        "p999": 32.1
      },
      "browser.page.CLS.https://practice.expandtesting.com/login": {
        "min": 0,
        "max": 0.1,
        "count": 6,
        "mean": 0,
        "p50": 0,
        "median": 0,
        "p75": 0,
        "p90": 0.1,
        "p95": 0.1,
        "p99": 0.1,
        "p999": 0.1
      },
      "browser.page.FCP.https://practice.expandtesting.com/secure": {
        "min": 959.3,
        "max": 2154.3,
        "count": 6,
        "mean": 1368.1,
        "p50": 1107.9,
        "median": 1107.9,
        "p75": 1107.9,
        "p90": 1790.4,
        "p95": 1790.4,
        "p99": 1790.4,
        "p999": 1790.4
      },
      "vusers.session_length": {
        "min": 3304.1,
        "max": 28616.6,
        "count": 6,
        "mean": 11541.2,
        "p50": 4065.2,
        "median": 4065.2,
        "p75": 4147.4,
        "p90": 25091.6,
        "p95": 25091.6,
        "p99": 25091.6,
        "p999": 25091.6
      }
    },
    "histograms": {
      "browser.page.FCP.https://practice.expandtesting.com/login": {
        "min": 1186.3,
        "max": 22943.9,
        "count": 38,
        "mean": 12979.6,
        "p50": 13770.3,
        "median": 13770.3,
        "p75": 18220,
        "p90": 20958.1,
        "p95": 22254.1,
        "p99": 22703.7,
        "p999": 22703.7
      },
      "browser.page.TTFB.https://practice.expandtesting.com/login": {
        "min": 1344.3,
        "max": 13982.8,
        "count": 34,
        "mean": 4382.7,
        "p50": 3395.5,
        "median": 3395.5,
        "p75": 5711.5,
        "p90": 7117,
        "p95": 7260.8,
        "p99": 8352,
        "p999": 8352
      },
      "browser.page.LCP.https://practice.expandtesting.com/login": {
        "min": 1186.3,
        "max": 23158.2,
        "count": 38,
        "mean": 13140.1,
        "p50": 14048.5,
        "median": 14048.5,
        "p75": 18963.6,
        "p90": 21813.5,
        "p95": 22254.1,
        "p99": 23162.4,
        "p999": 23162.4
      },
      "browser.page.FID.https://practice.expandtesting.com/login": {
        "min": 0.4,
        "max": 0.6,
        "count": 6,
        "mean": 0.5,
        "p50": 0.5,
        "median": 0.5,
        "p75": 0.6,
        "p90": 0.6,
        "p95": 0.6,
        "p99": 0.6,
        "p999": 0.6
      },
      "browser.page.INP.https://practice.expandtesting.com/login": {
        "min": 16,
        "max": 32,
        "count": 6,
        "mean": 21.3,
        "p50": 16,
        "median": 16,
        "p75": 16,
        "p90": 32.1,
        "p95": 32.1,
        "p99": 32.1,
        "p999": 32.1
      },
      "browser.page.CLS.https://practice.expandtesting.com/login": {
        "min": 0,
        "max": 0.1,
        "count": 6,
        "mean": 0,
        "p50": 0,
        "median": 0,
        "p75": 0,
        "p90": 0.1,
        "p95": 0.1,
        "p99": 0.1,
        "p999": 0.1
      },
      "browser.page.FCP.https://practice.expandtesting.com/secure": {
        "min": 959.3,
        "max": 2154.3,
        "count": 6,
        "mean": 1368.1,
        "p50": 1107.9,
        "median": 1107.9,
        "p75": 1107.9,
        "p90": 1790.4,
        "p95": 1790.4,
        "p99": 1790.4,
        "p999": 1790.4
      },
      "vusers.session_length": {
        "min": 3304.1,
        "max": 28616.6,
        "count": 6,
        "mean": 11541.2,
        "p50": 4065.2,
        "median": 4065.2,
        "p75": 4147.4,
        "p90": 25091.6,
        "p95": 25091.6,
        "p99": 25091.6,
        "p999": 25091.6
      }
    }
  },
  "intermediate": [
    {
      "counters": {
        "vusers.created_by_name.Login Performance Test": 10,
        "vusers.created": 10,
        "browser.page.codes.200": 15,
        "browser.http_requests": 14
      },
      "rates": {},
      "firstCounterAt": 1745384905419,
      "lastCounterAt": 1745384909469,
      "firstMetricAt": 1745384905419,
      "lastMetricAt": 1745384909469,
      "period": "1745384900000",
      "summaries": {},
      "histograms": {}
    },
    {
      "counters": {
        "browser.page.codes.200": 55,
        "browser.http_requests": 47,
        "vusers.created_by_name.Login Performance Test": 20,
        "vusers.created": 20
      },
      "rates": {},
      "firstCounterAt": 1745384910209,
      "lastCounterAt": 1745384919990,
      "firstMetricAt": 1745384910209,
      "lastMetricAt": 1745384919990,
      "period": "1745384910000",
      "summaries": {},
      "histograms": {}
    },
    {
      "counters": {
        "browser.page.codes.200": 113,
        "browser.http_requests": 90,
        "vusers.created_by_name.Login Performance Test": 20,
        "vusers.created": 20,
        "errors.page.goto: net::ERR_NETWORK_CHANGED at https://practice.expandtesting.com/login": 8,
        "vusers.failed": 12,
        "errors.page.goto: net::ERR_INTERNET_DISCONNECTED at https://practice.expandtesting.com/login": 4
      },
      "rates": {},
      "firstCounterAt": 1745384920186,
      "firstHistogramAt": 1745384928489,
      "lastCounterAt": 1745384929813,
      "lastHistogramAt": 1745384929812,
      "firstMetricAt": 1745384920186,
      "lastMetricAt": 1745384929813,
      "period": "1745384920000",
      "summaries": {
        "browser.page.FCP.https://practice.expandtesting.com/login": {
          "min": 3040.3,
          "max": 22943.9,
          "count": 34,
          "mean": 14330.3,
          "p50": 14917.2,
          "median": 14917.2,
          "p75": 18963.6,
          "p90": 20958.1,
          "p95": 22254.1,
          "p99": 22703.7,
          "p999": 22703.7
        },
        "browser.page.TTFB.https://practice.expandtesting.com/login": {
          "min": 1344.3,
          "max": 13982.8,
          "count": 32,
          "mean": 4409.1,
          "p50": 3395.5,
          "median": 3395.5,
          "p75": 5826.9,
          "p90": 7117,
          "p95": 7260.8,
          "p99": 8352,
          "p999": 8352
        },
        "browser.page.LCP.https://practice.expandtesting.com/login": {
          "min": 3040.3,
          "max": 23158.2,
          "count": 30,
          "mean": 14367.3,
          "p50": 14917.2,
          "median": 14917.2,
          "p75": 18963.6,
          "p90": 21813.5,
          "p95": 22254.1,
          "p99": 23162.4,
          "p999": 23162.4
        }
      },
      "histograms": {
        "browser.page.FCP.https://practice.expandtesting.com/login": {
          "min": 3040.3,
          "max": 22943.9,
          "count": 34,
          "mean": 14330.3,
          "p50": 14917.2,
          "median": 14917.2,
          "p75": 18963.6,
          "p90": 20958.1,
          "p95": 22254.1,
          "p99": 22703.7,
          "p999": 22703.7
        },
        "browser.page.TTFB.https://practice.expandtesting.com/login": {
          "min": 1344.3,
          "max": 13982.8,
          "count": 32,
          "mean": 4409.1,
          "p50": 3395.5,
          "median": 3395.5,
          "p75": 5826.9,
          "p90": 7117,
          "p95": 7260.8,
          "p99": 8352,
          "p999": 8352
        },
        "browser.page.LCP.https://practice.expandtesting.com/login": {
          "min": 3040.3,
          "max": 23158.2,
          "count": 30,
          "mean": 14367.3,
          "p50": 14917.2,
          "median": 14917.2,
          "p75": 18963.6,
          "p90": 21813.5,
          "p95": 22254.1,
          "p99": 23162.4,
          "p999": 23162.4
        }
      }
    },
    {
      "counters": {
        "vusers.created_by_name.Login Performance Test": 10,
        "vusers.created": 10,
        "errors.page.goto: net::ERR_INTERNET_DISCONNECTED at https://practice.expandtesting.com/login": 6,
        "vusers.failed": 6,
        "browser.page.codes.200": 146,
        "browser.page.codes.302": 8,
        "browser.http_requests": 174,
        "browser.page.codes.304": 22,
        "vusers.completed": 6,
        "browser.page.codes.204": 10
      },
      "rates": {},
      "firstCounterAt": 1745384930418,
      "firstHistogramAt": 1745384930142,
      "lastCounterAt": 1745384938546,
      "lastHistogramAt": 1745384938546,
      "firstMetricAt": 1745384930142,
      "lastMetricAt": 1745384938546,
      "period": "1745384930000",
      "summaries": {
        "browser.page.TTFB.https://practice.expandtesting.com/login": {
          "min": 2701.6,
          "max": 5218.6,
          "count": 2,
          "mean": 3960.1,
          "p50": 2725,
          "median": 2725,
          "p75": 2725,
          "p90": 2725,
          "p95": 2725,
          "p99": 2725,
          "p999": 2725
        },
        "browser.page.LCP.https://practice.expandtesting.com/login": {
          "min": 1186.3,
          "max": 22105.9,
          "count": 8,
          "mean": 8537.9,
          "p50": 1901.1,
          "median": 1901.1,
          "p75": 11050.8,
          "p90": 20958.1,
          "p95": 20958.1,
          "p99": 20958.1,
          "p999": 20958.1
        },
        "browser.page.FID.https://practice.expandtesting.com/login": {
          "min": 0.4,
          "max": 0.6,
          "count": 6,
          "mean": 0.5,
          "p50": 0.5,
          "median": 0.5,
          "p75": 0.6,
          "p90": 0.6,
          "p95": 0.6,
          "p99": 0.6,
          "p999": 0.6
        },
        "browser.page.INP.https://practice.expandtesting.com/login": {
          "min": 16,
          "max": 32,
          "count": 6,
          "mean": 21.3,
          "p50": 16,
          "median": 16,
          "p75": 16,
          "p90": 32.1,
          "p95": 32.1,
          "p99": 32.1,
          "p999": 32.1
        },
        "browser.page.CLS.https://practice.expandtesting.com/login": {
          "min": 0,
          "max": 0.1,
          "count": 6,
          "mean": 0,
          "p50": 0,
          "median": 0,
          "p75": 0,
          "p90": 0.1,
          "p95": 0.1,
          "p99": 0.1,
          "p999": 0.1
        },
        "browser.page.FCP.https://practice.expandtesting.com/secure": {
          "min": 959.3,
          "max": 2154.3,
          "count": 6,
          "mean": 1368.1,
          "p50": 1107.9,
          "median": 1107.9,
          "p75": 1107.9,
          "p90": 1790.4,
          "p95": 1790.4,
          "p99": 1790.4,
          "p999": 1790.4
        },
        "browser.page.FCP.https://practice.expandtesting.com/login": {
          "min": 1186.3,
          "max": 1887.9,
          "count": 4,
          "mean": 1498.4,
          "p50": 1224.4,
          "median": 1224.4,
          "p75": 1686.1,
          "p90": 1686.1,
          "p95": 1686.1,
          "p99": 1686.1,
          "p999": 1686.1
        },
        "vusers.session_length": {
          "min": 3304.1,
          "max": 28616.6,
          "count": 6,
          "mean": 11541.2,
          "p50": 4065.2,
          "median": 4065.2,
          "p75": 4147.4,
          "p90": 25091.6,
          "p95": 25091.6,
          "p99": 25091.6,
          "p999": 25091.6
        }
      },
      "histograms": {
        "browser.page.TTFB.https://practice.expandtesting.com/login": {
          "min": 2701.6,
          "max": 5218.6,
          "count": 2,
          "mean": 3960.1,
          "p50": 2725,
          "median": 2725,
          "p75": 2725,
          "p90": 2725,
          "p95": 2725,
          "p99": 2725,
          "p999": 2725
        },
        "browser.page.LCP.https://practice.expandtesting.com/login": {
          "min": 1186.3,
          "max": 22105.9,
          "count": 8,
          "mean": 8537.9,
          "p50": 1901.1,
          "median": 1901.1,
          "p75": 11050.8,
          "p90": 20958.1,
          "p95": 20958.1,
          "p99": 20958.1,
          "p999": 20958.1
        },
        "browser.page.FID.https://practice.expandtesting.com/login": {
          "min": 0.4,
          "max": 0.6,
          "count": 6,
          "mean": 0.5,
          "p50": 0.5,
          "median": 0.5,
          "p75": 0.6,
          "p90": 0.6,
          "p95": 0.6,
          "p99": 0.6,
          "p999": 0.6
        },
        "browser.page.INP.https://practice.expandtesting.com/login": {
          "min": 16,
          "max": 32,
          "count": 6,
          "mean": 21.3,
          "p50": 16,
          "median": 16,
          "p75": 16,
          "p90": 32.1,
          "p95": 32.1,
          "p99": 32.1,
          "p999": 32.1
        },
        "browser.page.CLS.https://practice.expandtesting.com/login": {
          "min": 0,
          "max": 0.1,
          "count": 6,
          "mean": 0,
          "p50": 0,
          "median": 0,
          "p75": 0,
          "p90": 0.1,
          "p95": 0.1,
          "p99": 0.1,
          "p999": 0.1
        },
        "browser.page.FCP.https://practice.expandtesting.com/secure": {
          "min": 959.3,
          "max": 2154.3,
          "count": 6,
          "mean": 1368.1,
          "p50": 1107.9,
          "median": 1107.9,
          "p75": 1107.9,
          "p90": 1790.4,
          "p95": 1790.4,
          "p99": 1790.4,
          "p999": 1790.4
        },
        "browser.page.FCP.https://practice.expandtesting.com/login": {
          "min": 1186.3,
          "max": 1887.9,
          "count": 4,
          "mean": 1498.4,
          "p50": 1224.4,
          "median": 1224.4,
          "p75": 1686.1,
          "p90": 1686.1,
          "p95": 1686.1,
          "p99": 1686.1,
          "p999": 1686.1
        },
        "vusers.session_length": {
          "min": 3304.1,
          "max": 28616.6,
          "count": 6,
          "mean": 11541.2,
          "p50": 4065.2,
          "median": 4065.2,
          "p75": 4147.4,
          "p90": 25091.6,
          "p95": 25091.6,
          "p99": 25091.6,
          "p999": 25091.6
        }
      }
    },
    {
      "counters": {
        "errors.page.waitForSelector: Timeout 30000ms exceeded.": 9,
        "vusers.failed": 9
      },
      "rates": {},
      "firstCounterAt": 1745384959303,
      "lastCounterAt": 1745384959943,
      "firstMetricAt": 1745384959303,
      "lastMetricAt": 1745384959943,
      "period": "1745384950000",
      "summaries": {},
      "histograms": {}
    },
    {
      "counters": {
        "errors.page.waitForSelector: Timeout 30000ms exceeded.": 23,
        "vusers.failed": 23
      },
      "rates": {},
      "firstCounterAt": 1745384960061,
      "lastCounterAt": 1745384960277,
      "firstMetricAt": 1745384960061,
      "lastMetricAt": 1745384960277,
      "period": "1745384960000",
      "summaries": {},
      "histograms": {}
    },
    {
      "counters": {
        "errors.page.goto: Timeout 60000ms exceeded.": 2,
        "vusers.failed": 2
      },
      "rates": {},
      "firstCounterAt": 1745384976500,
      "lastCounterAt": 1745384978467,
      "firstMetricAt": 1745384976500,
      "lastMetricAt": 1745384978467,
      "period": "1745384970000",
      "summaries": {},
      "histograms": {}
    },
    {
      "counters": {
        "errors.page.goto: Timeout 60000ms exceeded.": 2,
        "vusers.failed": 2
      },
      "rates": {},
      "firstCounterAt": 1745384982458,
      "lastCounterAt": 1745384984448,
      "firstMetricAt": 1745384982458,
      "lastMetricAt": 1745384984448,
      "period": "1745384980000",
      "summaries": {},
      "histograms": {}
    }
  ]
}