{
  "aggregate": {
    "counters": {
      "vusers.created_by_name.Login Performance Test": 60,
      "vusers.created": 60,
      "browser.page.codes.200": 3047,
      "browser.http_requests": 4022,
      "browser.page.codes.204": 906,
      "browser.page.codes.302": 142,
      "browser.page.codes.304": 316,
      "browser.page.codes.400": 3,
      "vusers.failed": 0,
      "vusers.completed": 60,
      "browser.page.codes.307": 1
    },
    "rates": {},
    "firstCounterAt": 1745346082524,
    "firstHistogramAt": 1745346083740,
    "lastCounterAt": 1745346117656,
    "lastHistogramAt": 1745346117656,
    "firstMetricAt": 1745346082524,
    "lastMetricAt": 1745346117656,
    "period": 1745346110000,
    "summaries": {
      "browser.page.FCP.https://practice.expandtesting.com/login": {
        "min": 717.7,
        "max": 2558.9,
        "count": 60,
        "mean": 1513.3,
        "p50": 1465.9,
        "median": 1465.9,
        "p75": 1790.4,
        "p90": 2101.1,
        "p95": 2276.1,
        "p99": 2276.1,
        "p999": 2276.1
      },
      "browser.page.TTFB.https://practice.expandtesting.com/login": {
        "min": 342.8,
        "max": 1300.8,
        "count": 60,
        "mean": 594,
        "p50": 572.6,
        "median": 572.6,
        "p75": 671.9,
        "p90": 788.5,
        "p95": 854.2,
        "p99": 1200.1,
        "p999": 1200.1
      },
      "browser.page.LCP.https://practice.expandtesting.com/login": {
        "min": 717.7,
        "max": 2558.9,
        "count": 60,
        "mean": 1513.3,
        "p50": 1465.9,
        "median": 1465.9,
        "p75": 1790.4,
        "p90": 2101.1,
        "p95": 2276.1,
        "p99": 2276.1,
        "p999": 2276.1
      },
      "browser.page.FID.https://practice.expandtesting.com/login": {
        "min": 0.3,
        "max": 2.2,
        "count": 60,
        "mean": 0.5,
        "p50": 0.5,
        "median": 0.5,
        "p75": 0.5,
        "p90": 0.6,
        "p95": 0.7,
        "p99": 0.8,
        "p999": 0.8
      },
      "browser.page.INP.https://practice.expandtesting.com/login": {
        "min": 8,
        "max": 32,
        "count": 60,
        "mean": 16.5,
        "p50": 16,
        "median": 16,
        "p75": 16,
        "p90": 16,
        "p95": 23.8,
        "p99": 23.8,
        "p999": 23.8
      },
      "browser.page.CLS.https://practice.expandtesting.com/login": {
        "min": 0.1,
        "max": 0.3,
        "count": 60,
        "mean": 0.1,
        "p50": 0.1,
        "median": 0.1,
        "p75": 0.1,
        "p90": 0.1,
        "p95": 0.2,
        "p99": 0.3,
        "p999": 0.3
      },
      "browser.page.FCP.https://practice.expandtesting.com/secure": {
        "min": 883.7,
        "max": 1578.6,
        "count": 60,
        "mean": 1158.1,
        "p50": 1176.4,
        "median": 1176.4,
        "p75": 1249.1,
        "p90": 1326.4,
        "p95": 1380.5,
        "p99": 1465.9,
        "p999": 1465.9
      },
      "vusers.session_length": {
        "min": 4148.9,
        "max": 9132.7,
        "count": 60,
        "mean": 5614.1,
        "p50": 5487.5,
        "median": 5487.5,
        "p75": 6064.7,
        "p90": 6702.6,
        "p95": 7117,
        "p99": 8692.8,
        "p999": 8692.8
      },
      "browser.page.TTFB.https://practice.expandtesting.com/secure": {
        "min": 1036.9,
        "max": 1036.9,
        "count": 1,
        "mean": 1036.9,
        "p50": 1043.3,
        "median": 1043.3,
        "p75": 1043.3,
        "p90": 1043.3,
        "p95": 1043.3,
        "p99": 1043.3,
        "p999": 1043.3
      }
    },
    "histograms": {
      "browser.page.FCP.https://practice.expandtesting.com/login": {
        "min": 717.7,
        "max": 2558.9,
        "count": 60,
        "mean": 1513.3,
        "p50": 1465.9,
        "median": 1465.9,
        "p75": 1790.4,
        "p90": 2101.1,
        "p95": 2276.1,
        "p99": 2276.1,
        "p999": 2276.1
      },
      "browser.page.TTFB.https://practice.expandtesting.com/login": {
        "min": 342.8,
        "max": 1300.8,
        "count": 60,
        "mean": 594,
        "p50": 572.6,
        "median": 572.6,
        "p75": 671.9,
        "p90": 788.5,
        "p95": 854.2,
        "p99": 1200.1,
        "p999": 1200.1
      },
      "browser.page.LCP.https://practice.expandtesting.com/login": {
        "min": 717.7,
        "max": 2558.9,
        "count": 60,
        "mean": 1513.3,
        "p50": 1465.9,
        "median": 1465.9,
        "p75": 1790.4,
        "p90": 2101.1,
        "p95": 2276.1,
        "p99": 2276.1,
        "p999": 2276.1
      },
      "browser.page.FID.https://practice.expandtesting.com/login": {
        "min": 0.3,
        "max": 2.2,
        "count": 60,
        "mean": 0.5,
        "p50": 0.5,
        "median": 0.5,
        "p75": 0.5,
        "p90": 0.6,
        "p95": 0.7,
        "p99": 0.8,
        "p999": 0.8
      },
      "browser.page.INP.https://practice.expandtesting.com/login": {
        "min": 8,
        "max": 32,
        "count": 60,
        "mean": 16.5,
        "p50": 16,
        "median": 16,
        "p75": 16,
        "p90": 16,
        "p95": 23.8,
        "p99": 23.8,
        "p999": 23.8
      },
      "browser.page.CLS.https://practice.expandtesting.com/login": {
        "min": 0.1,
        "max": 0.3,
        "count": 60,
        "mean": 0.1,
        "p50": 0.1,
        "median": 0.1,
        "p75": 0.1,
        "p90": 0.1,
        "p95": 0.2,
        "p99": 0.3,
        "p999": 0.3
      },
      "browser.page.FCP.https://practice.expandtesting.com/secure": {
        "min": 883.7,
        "max": 1578.6,
        "count": 60,
        "mean": 1158.1,
        "p50": 1176.4,
        "median": 1176.4,
        "p75": 1249.1,
        "p90": 1326.4,
        "p95": 1380.5,
        "p99": 1465.9,
        "p999": 1465.9
      },
      "vusers.session_length": {
        "min": 4148.9,
        "max": 9132.7,
        "count": 60,
        "mean": 5614.1,
        "p50": 5487.5,
        "median": 5487.5,
        "p75": 6064.7,
        "p90": 6702.6,
        "p95": 7117,
        "p99": 8692.8,
        "p999": 8692.8
      },
      "browser.page.TTFB.https://practice.expandtesting.com/secure": {
        "min": 1036.9,
        "max": 1036.9,
        "count": 1,
        "mean": 1036.9,
        "p50": 1043.3,
        "median": 1043.3,
        "p75": 1043.3,
        "p90": 1043.3,
        "p95": 1043.3,
        "p99": 1043.3,
        "p999": 1043.3
      }
    }
  },
  "intermediate": [
    {
      "counters": {
        "vusers.created_by_name.Login Performance Test": 16,
        "vusers.created": 16,
        "browser.page.codes.200": 533,
        "browser.http_requests": 676,
        "browser.page.codes.204": 144,
        "browser.page.codes.302": 21,
        "browser.page.codes.304": 42,
        "browser.page.codes.400": 2,
        "vusers.failed": 0,
        "vusers.completed": 7
      },
      "rates": {},
      "firstCounterAt": 1745346082524,
      "firstHistogramAt": 1745346083740,
      "lastCounterAt": 1745346089992,
      "lastHistogramAt": 1745346089986,
      "firstMetricAt": 1745346082524,
      "lastMetricAt": 1745346089992,
      "period": "1745346080000",
      "summaries": {
        "browser.page.FCP.https://practice.expandtesting.com/login": {
          "min": 717.7,
          "max": 1374.7,
          "count": 14,
          "mean": 1041.8,
          "p50": 944,
          "median": 944,
          "p75": 1249.1,
          "p90": 1326.4,
          "p95": 1353.1,
          "p99": 1353.1,
          "p999": 1353.1
        },
        "browser.page.TTFB.https://practice.expandtesting.com/login": {
          "min": 342.8,
          "max": 805.9,
          "count": 10,
          "mean": 463.6,
          "p50": 407.5,
          "median": 407.5,
          "p75": 450.4,
          "p90": 632.8,
          "p95": 632.8,
          "p99": 632.8,
          "p999": 632.8
        },
        "browser.page.LCP.https://practice.expandtesting.com/login": {
          "min": 717.7,
          "max": 1337.3,
          "count": 10,
          "mean": 946.1,
          "p50": 889.1,
          "median": 889.1,
          "p75": 944,
          "p90": 1300.1,
          "p95": 1300.1,
          "p99": 1300.1,
          "p999": 1300.1
        },
        "browser.page.FID.https://practice.expandtesting.com/login": {
          "min": 0.4,
          "max": 2.2,
          "count": 10,
          "mean": 0.7,
          "p50": 0.5,
          "median": 0.5,
          "p75": 0.6,
          "p90": 0.6,
          "p95": 0.6,
          "p99": 0.6,
          "p999": 0.6
        },
        "browser.page.INP.https://practice.expandtesting.com/login": {
          "min": 8,
          "max": 16,
          "count": 8,
          "mean": 15,
          "p50": 16,
          "median": 16,
          "p75": 16,
          "p90": 16,
          "p95": 16,
          "p99": 16,
          "p999": 16
        },
        "browser.page.CLS.https://practice.expandtesting.com/login": {
          "min": 0.1,
          "max": 0.1,
          "count": 8,
          "mean": 0.1,
          "p50": 0.1,
          "median": 0.1,
          "p75": 0.1,
          "p90": 0.1,
          "p95": 0.1,
          "p99": 0.1,
          "p999": 0.1
        },
        "browser.page.FCP.https://practice.expandtesting.com/secure": {
          "min": 981.1,
          "max": 1235.7,
          "count": 7,
          "mean": 1090.1,
          "p50": 1085.9,
          "median": 1085.9,
          "p75": 1107.9,
          "p90": 1176.4,
          "p95": 1176.4,
          "p99": 1176.4,
          "p999": 1176.4
        },
        "vusers.session_length": {
          "min": 4148.9,
          "max": 5412.4,
          "count": 7,
          "mean": 4638.7,
          "p50": 4492.8,
          "median": 4492.8,
          "p75": 4583.6,
          "p90": 4965.3,
          "p95": 4965.3,
          "p99": 4965.3,
          "p999": 4965.3
        }
      },
      "histograms": {
        "browser.page.FCP.https://practice.expandtesting.com/login": {
          "min": 717.7,
          "max": 1374.7,
          "count": 14,
          "mean": 1041.8,
          "p50": 944,
          "median": 944,
          "p75": 1249.1,
          "p90": 1326.4,
          "p95": 1353.1,
          "p99": 1353.1,
          "p999": 1353.1
        },
        "browser.page.TTFB.https://practice.expandtesting.com/login": {
          "min": 342.8,
          "max": 805.9,
          "count": 10,
          "mean": 463.6,
          "p50": 407.5,
          "median": 407.5,
          "p75": 450.4,
          "p90": 632.8,
          "p95": 632.8,
          "p99": 632.8,
          "p999": 632.8
        },
        "browser.page.LCP.https://practice.expandtesting.com/login": {
          "min": 717.7,
          "max": 1337.3,
          "count": 10,
          "mean": 946.1,
          "p50": 889.1,
          "median": 889.1,
          "p75": 944,
          "p90": 1300.1,
          "p95": 1300.1,
          "p99": 1300.1,
          "p999": 1300.1
        },
        "browser.page.FID.https://practice.expandtesting.com/login": {
          "min": 0.4,
          "max": 2.2,
          "count": 10,
          "mean": 0.7,
          "p50": 0.5,
          "median": 0.5,
          "p75": 0.6,
          "p90": 0.6,
          "p95": 0.6,
          "p99": 0.6,
          "p999": 0.6
        },
        "browser.page.INP.https://practice.expandtesting.com/login": {
          "min": 8,
          "max": 16,
          "count": 8,
          "mean": 15,
          "p50": 16,
          "median": 16,
          "p75": 16,
          "p90": 16,
          "p95": 16,
          "p99": 16,
          "p999": 16
        },
        "browser.page.CLS.https://practice.expandtesting.com/login": {
          "min": 0.1,
          "max": 0.1,
          "count": 8,
          "mean": 0.1,
          "p50": 0.1,
          "median": 0.1,
          "p75": 0.1,
          "p90": 0.1,
          "p95": 0.1,
          "p99": 0.1,
          "p999": 0.1
        },
        "browser.page.FCP.https://practice.expandtesting.com/secure": {
          "min": 981.1,
          "max": 1235.7,
          "count": 7,
          "mean": 1090.1,
          "p50": 1085.9,
          "median": 1085.9,
          "p75": 1107.9,
          "p90": 1176.4,
          "p95": 1176.4,
          "p99": 1176.4,
          "p999": 1176.4
        },
        "vusers.session_length": {
          "min": 4148.9,
          "max": 5412.4,
          "count": 7,
          "mean": 4638.7,
          "p50": 4492.8,
          "median": 4492.8,
          "p75": 4583.6,
          "p90": 4965.3,
          "p95": 4965.3,
          "p99": 4965.3,
          "p999": 4965.3
        }
      }
    },
    {
      "counters": {
        "browser.http_requests": 1194,
        "browser.page.codes.200": 913,
        "browser.page.codes.304": 83,
        "browser.page.codes.204": 272,
        "vusers.failed": 0,
        "vusers.completed": 17,
        "vusers.created_by_name.Login Performance Test": 20,
        "vusers.created": 20,
        "browser.page.codes.302": 41,
        "browser.page.codes.307": 1
      },
      "rates": {},
      "firstCounterAt": 1745346090007,
      "firstHistogramAt": 1745346090033,
      "lastCounterAt": 1745346099998,
      "lastHistogramAt": 1745346099857,
      "firstMetricAt": 1745346090007,
      "lastMetricAt": 1745346099998,
      "period": "1745346090000",
      "summaries": {
        "browser.page.FCP.https://practice.expandtesting.com/secure": {
          "min": 921.5,
          "max": 1368.5,
          "count": 17,
          "mean": 1142.8,
          "p50": 1176.4,
          "median": 1176.4,
          "p75": 1224.4,
          "p90": 1300.1,
          "p95": 1326.4,
          "p99": 1326.4,
          "p999": 1326.4
        },
        "browser.page.INP.https://practice.expandtesting.com/login": {
          "min": 16,
          "max": 32,
          "count": 17,
          "mean": 18.4,
          "p50": 16,
          "median": 16,
          "p75": 16,
          "p90": 23.8,
          "p95": 23.8,
          "p99": 23.8,
          "p999": 23.8
        },
        "browser.page.CLS.https://practice.expandtesting.com/login": {
          "min": 0.1,
          "max": 0.3,
          "count": 17,
          "mean": 0.1,
          "p50": 0.1,
          "median": 0.1,
          "p75": 0.1,
          "p90": 0.1,
          "p95": 0.2,
          "p99": 0.2,
          "p999": 0.2
        },
        "vusers.session_length": {
          "min": 4342.1,
          "max": 6316.2,
          "count": 17,
          "mean": 5238.8,
          "p50": 5168,
          "median": 5168,
          "p75": 5487.5,
          "p90": 5944.6,
          "p95": 6064.7,
          "p99": 6064.7,
          "p999": 6064.7
        },
        "browser.page.TTFB.https://practice.expandtesting.com/login": {
          "min": 344.8,
          "max": 852.5,
          "count": 18,
          "mean": 586.9,
          "p50": 561.2,
          "median": 561.2,
          "p75": 645.6,
          "p90": 788.5,
          "p95": 837.3,
          "p99": 837.3,
          "p999": 837.3
        },
        "browser.page.LCP.https://practice.expandtesting.com/login": {
          "min": 1114.9,
          "max": 2007.7,
          "count": 18,
          "mean": 1541.2,
          "p50": 1408.4,
          "median": 1408.4,
          "p75": 1790.4,
          "p90": 1939.5,
          "p95": 1939.5,
          "p99": 1939.5,
          "p999": 1939.5
        },
        "browser.page.FID.https://practice.expandtesting.com/login": {
          "min": 0.4,
          "max": 0.5,
          "count": 18,
          "mean": 0.5,
          "p50": 0.5,
          "median": 0.5,
          "p75": 0.5,
          "p90": 0.5,
          "p95": 0.5,
          "p99": 0.5,
          "p999": 0.5
        },
        "browser.page.FCP.https://practice.expandtesting.com/login": {
          "min": 1114.9,
          "max": 2292.5,
          "count": 19,
          "mean": 1653.2,
          "p50": 1620,
          "median": 1620,
          "p75": 1901.1,
          "p90": 2018.7,
          "p95": 2276.1,
          "p99": 2276.1,
          "p999": 2276.1
        }
      },
      "histograms": {
        "browser.page.FCP.https://practice.expandtesting.com/secure": {
          "min": 921.5,
          "max": 1368.5,
          "count": 17,
          "mean": 1142.8,
          "p50": 1176.4,
          "median": 1176.4,
          "p75": 1224.4,
          "p90": 1300.1,
          "p95": 1326.4,
          "p99": 1326.4,
          "p999": 1326.4
        },
        "browser.page.INP.https://practice.expandtesting.com/login": {
          "min": 16,
          "max": 32,
          "count": 17,
          "mean": 18.4,
          "p50": 16,
          "median": 16,
          "p75": 16,
          "p90": 23.8,
          "p95": 23.8,
          "p99": 23.8,
          "p999": 23.8
        },
        "browser.page.CLS.https://practice.expandtesting.com/login": {
          "min": 0.1,
          "max": 0.3,
          "count": 17,
          "mean": 0.1,
          "p50": 0.1,
          "median": 0.1,
          "p75": 0.1,
          "p90": 0.1,
          "p95": 0.2,
          "p99": 0.2,
          "p999": 0.2
        },
        "vusers.session_length": {
          "min": 4342.1,
          "max": 6316.2,
          "count": 17,
          "mean": 5238.8,
          "p50": 5168,
          "median": 5168,
          "p75": 5487.5,
          "p90": 5944.6,
          "p95": 6064.7,
          "p99": 6064.7,
          "p999": 6064.7
        },
        "browser.page.TTFB.https://practice.expandtesting.com/login": {
          "min": 344.8,
          "max": 852.5,
          "count": 18,
          "mean": 586.9,
          "p50": 561.2,
          "median": 561.2,
          "p75": 645.6,
          "p90": 788.5,
          "p95": 837.3,
          "p99": 837.3,
          "p999": 837.3
        },
        "browser.page.LCP.https://practice.expandtesting.com/login": {
          "min": 1114.9,
          "max": 2007.7,
          "count": 18,
          "mean": 1541.2,
          "p50": 1408.4,
          "median": 1408.4,
          "p75": 1790.4,
          "p90": 1939.5,
          "p95": 1939.5,
          "p99": 1939.5,
          "p999": 1939.5
        },
        "browser.page.FID.https://practice.expandtesting.com/login": {
          "min": 0.4,
          "max": 0.5,
          "count": 18,
          "mean": 0.5,
          "p50": 0.5,
          "median": 0.5,
          "p75": 0.5,
          "p90": 0.5,
          "p95": 0.5,
          "p99": 0.5,
          "p999": 0.5
        },
        "browser.page.FCP.https://practice.expandtesting.com/login": {
          "min": 1114.9,
          "max": 2292.5,
          "count": 19,
          "mean": 1653.2,
          "p50": 1620,
          "median": 1620,
          "p75": 1901.1,
          "p90": 2018.7,
          "p95": 2276.1,
          "p99": 2276.1,
          "p999": 2276.1
        }
      }
    },
    {
      "counters": {
        "browser.page.codes.204": 290,
        "browser.http_requests": 1308,
        "browser.page.codes.302": 43,
        "browser.page.codes.200": 1001,
        "browser.page.codes.304": 107,
        "vusers.created_by_name.Login Performance Test": 20,
        "vusers.created": 20,
        "vusers.failed": 0,
        "vusers.completed": 19
      },
      "rates": {},
      "firstCounterAt": 1745346100005,
      "firstHistogramAt": 1745346100140,
      "lastCounterAt": 1745346109998,
      "lastHistogramAt": 1745346109989,
      "firstMetricAt": 1745346100005,
      "lastMetricAt": 1745346109998,
      "period": "1745346100000",
      "summaries": {
        "browser.page.INP.https://practice.expandtesting.com/login": {
          "min": 8,
          "max": 24,
          "count": 21,
          "mean": 16,
          "p50": 16,
          "median": 16,
          "p75": 16,
          "p90": 16,
          "p95": 16,
          "p99": 16,
          "p999": 16
        },
        "browser.page.CLS.https://practice.expandtesting.com/login": {
          "min": 0.1,
          "max": 0.3,
          "count": 21,
          "mean": 0.1,
          "p50": 0.1,
          "median": 0.1,
          "p75": 0.1,
          "p90": 0.2,
          "p95": 0.2,
          "p99": 0.2,
          "p999": 0.2
        },
        "browser.page.FCP.https://practice.expandtesting.com/secure": {
          "min": 992,
          "max": 1578.6,
          "count": 21,
          "mean": 1243.7,
          "p50": 1249.1,
          "median": 1249.1,
          "p75": 1274.3,
          "p90": 1408.4,
          "p95": 1465.9,
          "p99": 1465.9,
          "p999": 1465.9
        },
        "vusers.session_length": {
          "min": 4854.9,
          "max": 8620.7,
          "count": 19,
          "mean": 6217.4,
          "p50": 6064.7,
          "median": 6064.7,
          "p75": 6439.7,
          "p90": 7117,
          "p95": 7260.8,
          "p99": 7260.8,
          "p999": 7260.8
        },
        "browser.page.FCP.https://practice.expandtesting.com/login": {
          "min": 1052.4,
          "max": 2558.9,
          "count": 19,
          "mean": 1754.7,
          "p50": 1720.2,
          "median": 1720.2,
          "p75": 2059.5,
          "p90": 2231,
          "p95": 2276.1,
          "p99": 2276.1,
          "p999": 2276.1
        },
        "browser.page.TTFB.https://practice.expandtesting.com/login": {
          "min": 429.8,
          "max": 1300.8,
          "count": 20,
          "mean": 639.8,
          "p50": 608,
          "median": 608,
          "p75": 671.9,
          "p90": 699.4,
          "p95": 1200.1,
          "p99": 1200.1,
          "p999": 1200.1
        },
        "browser.page.LCP.https://practice.expandtesting.com/login": {
          "min": 1218,
          "max": 2558.9,
          "count": 20,
          "mean": 1802.6,
          "p50": 1620,
          "median": 1620,
          "p75": 2101.1,
          "p90": 2276.1,
          "p95": 2276.1,
          "p99": 2276.1,
          "p999": 2276.1
        },
        "browser.page.FID.https://practice.expandtesting.com/login": {
          "min": 0.3,
          "max": 0.8,
          "count": 20,
          "mean": 0.5,
          "p50": 0.5,
          "median": 0.5,
          "p75": 0.6,
          "p90": 0.7,
          "p95": 0.7,
          "p99": 0.7,
          "p999": 0.7
        }
      },
      "histograms": {
        "browser.page.INP.https://practice.expandtesting.com/login": {
          "min": 8,
          "max": 24,
          "count": 21,
          "mean": 16,
          "p50": 16,
          "median": 16,
          "p75": 16,
          "p90": 16,
          "p95": 16,
          "p99": 16,
          "p999": 16
        },
        "browser.page.CLS.https://practice.expandtesting.com/login": {
          "min": 0.1,
          "max": 0.3,
          "count": 21,
          "mean": 0.1,
          "p50": 0.1,
          "median": 0.1,
          "p75": 0.1,
          "p90": 0.2,
          "p95": 0.2,
          "p99": 0.2,
          "p999": 0.2
        },
        "browser.page.FCP.https://practice.expandtesting.com/secure": {
          "min": 992,
          "max": 1578.6,
          "count": 21,
          "mean": 1243.7,
          "p50": 1249.1,
          "median": 1249.1,
          "p75": 1274.3,
          "p90": 1408.4,
          "p95": 1465.9,
          "p99": 1465.9,
          "p999": 1465.9
        },
        "vusers.session_length": {
          "min": 4854.9,
          "max": 8620.7,
          "count": 19,
          "mean": 6217.4,
          "p50": 6064.7,
          "median": 6064.7,
          "p75": 6439.7,
          "p90": 7117,
          "p95": 7260.8,
          "p99": 7260.8,
          "p999": 7260.8
        },
        "browser.page.FCP.https://practice.expandtesting.com/login": {
          "min": 1052.4,
          "max": 2558.9,
          "count": 19,
          "mean": 1754.7,
          "p50": 1720.2,
          "median": 1720.2,
          "p75": 2059.5,
          "p90": 2231,
          "p95": 2276.1,
          "p99": 2276.1,
          "p999": 2276.1
        },
        "browser.page.TTFB.https://practice.expandtesting.com/login": {
          "min": 429.8,
          "max": 1300.8,
          "count": 20,
          "mean": 639.8,
          "p50": 608,
          "median": 608,
          "p75": 671.9,
          "p90": 699.4,
          "p95": 1200.1,
          "p99": 1200.1,
          "p999": 1200.1
        },
        "browser.page.LCP.https://practice.expandtesting.com/login": {
          "min": 1218,
          "max": 2558.9,
          "count": 20,
          "mean": 1802.6,
          "p50": 1620,
          "median": 1620,
          "p75": 2101.1,
          "p90": 2276.1,
          "p95": 2276.1,
          "p99": 2276.1,
          "p999": 2276.1
        },
        "browser.page.FID.https://practice.expandtesting.com/login": {
          "min": 0.3,
          "max": 0.8,
          "count": 20,
          "mean": 0.5,
          "p50": 0.5,
          "median": 0.5,
          "p75": 0.6,
          "p90": 0.7,
          "p95": 0.7,
          "p99": 0.7,
          "p999": 0.7
        }
      }
    },
    {
      "counters": {
        "browser.page.codes.200": 600,
        "browser.http_requests": 844,
        "browser.page.codes.204": 200,
        "browser.page.codes.302": 37,
        "browser.page.codes.304": 84,
        "vusers.failed": 0,
        "vusers.completed": 17,
        "vusers.created_by_name.Login Performance Test": 4,
        "vusers.created": 4,
        "browser.page.codes.400": 1
      },
      "rates": {},
      "firstCounterAt": 1745346110000,
      "firstHistogramAt": 1745346110016,
      "lastCounterAt": 1745346117656,
      "lastHistogramAt": 1745346117656,
      "firstMetricAt": 1745346110000,
      "lastMetricAt": 1745346117656,
      "period": "1745346110000",
      "summaries": {
        "browser.page.TTFB.https://practice.expandtesting.com/login": {
          "min": 482.7,
          "max": 1091.1,
          "count": 12,
          "mean": 637.1,
          "p50": 596,
          "median": 596,
          "p75": 658.6,
          "p90": 671.9,
          "p95": 713.5,
          "p99": 713.5,
          "p999": 713.5
        },
        "vusers.session_length": {
          "min": 4514.8,
          "max": 9132.7,
          "count": 17,
          "mean": 5716.6,
          "p50": 5487.5,
          "median": 5487.5,
          "p75": 5711.5,
          "p90": 6702.6,
          "p95": 6838,
          "p99": 6838,
          "p999": 6838
        },
        "browser.page.INP.https://practice.expandtesting.com/login": {
          "min": 16,
          "max": 16,
          "count": 14,
          "mean": 16,
          "p50": 16,
          "median": 16,
          "p75": 16,
          "p90": 16,
          "p95": 16,
          "p99": 16,
          "p999": 16
        },
        "browser.page.CLS.https://practice.expandtesting.com/login": {
          "min": 0.1,
          "max": 0.2,
          "count": 14,
          "mean": 0.1,
          "p50": 0.1,
          "median": 0.1,
          "p75": 0.1,
          "p90": 0.1,
          "p95": 0.1,
          "p99": 0.1,
          "p999": 0.1
        },
        "browser.page.FCP.https://practice.expandtesting.com/login": {
          "min": 898,
          "max": 1790,
          "count": 8,
          "mean": 1433.4,
          "p50": 1587.9,
          "median": 1587.9,
          "p75": 1686.1,
          "p90": 1755,
          "p95": 1755,
          "p99": 1755,
          "p999": 1755
        },
        "browser.page.LCP.https://practice.expandtesting.com/login": {
          "min": 898,
          "max": 1790,
          "count": 12,
          "mean": 1462.3,
          "p50": 1587.9,
          "median": 1587.9,
          "p75": 1720.2,
          "p90": 1755,
          "p95": 1790.4,
          "p99": 1790.4,
          "p999": 1790.4
        },
        "browser.page.FID.https://practice.expandtesting.com/login": {
          "min": 0.4,
          "max": 0.6,
          "count": 12,
          "mean": 0.5,
          "p50": 0.5,
          "median": 0.5,
          "p75": 0.5,
          "p90": 0.5,
          "p95": 0.5,
          "p99": 0.5,
          "p999": 0.5
        },
        "browser.page.FCP.https://practice.expandtesting.com/secure": {
          "min": 883.7,
          "max": 1385.5,
          "count": 15,
          "mean": 1087.3,
          "p50": 1002.4,
          "median": 1002.4,
          "p75": 1153.1,
          "p90": 1249.1,
          "p95": 1300.1,
          "p99": 1300.1,
          "p999": 1300.1
        },
        "browser.page.TTFB.https://practice.expandtesting.com/secure": {
          "min": 1036.9,
          "max": 1036.9,
          "count": 1,
          "mean": 1036.9,
          "p50": 1043.3,
          "median": 1043.3,
          "p75": 1043.3,
          "p90": 1043.3,
          "p95": 1043.3,
          "p99": 1043.3,
          "p999": 1043.3
        }
      },
      "histograms": {
        "browser.page.TTFB.https://practice.expandtesting.com/login": {
          "min": 482.7,
          "max": 1091.1,
          "count": 12,
          "mean": 637.1,
          "p50": 596,
          "median": 596,
          "p75": 658.6,
          "p90": 671.9,
          "p95": 713.5,
          "p99": 713.5,
          "p999": 713.5
        },
        "vusers.session_length": {
          "min": 4514.8,
          "max": 9132.7,
          "count": 17,
          "mean": 5716.6,
          "p50": 5487.5,
          "median": 5487.5,
          "p75": 5711.5,
          "p90": 6702.6,
          "p95": 6838,
          "p99": 6838,
          "p999": 6838
        },
        "browser.page.INP.https://practice.expandtesting.com/login": {
          "min": 16,
          "max": 16,
          "count": 14,
          "mean": 16,
          "p50": 16,
          "median": 16,
          "p75": 16,
          "p90": 16,
          "p95": 16,
          "p99": 16,
          "p999": 16
        },
        "browser.page.CLS.https://practice.expandtesting.com/login": {
          "min": 0.1,
          "max": 0.2,
          "count": 14,
          "mean": 0.1,
          "p50": 0.1,
          "median": 0.1,
          "p75": 0.1,
          "p90": 0.1,
          "p95": 0.1,
          "p99": 0.1,
          "p999": 0.1
        },
        "browser.page.FCP.https://practice.expandtesting.com/login": {
          "min": 898,
          "max": 1790,
          "count": 8,
          "mean": 1433.4,
          "p50": 1587.9,
          "median": 1587.9,
          "p75": 1686.1,
          "p90": 1755,
          "p95": 1755,
          "p99": 1755,
          "p999": 1755
        },
        "browser.page.LCP.https://practice.expandtesting.com/login": {
          "min": 898,
          "max": 1790,
          "count": 12,
          "mean": 1462.3,
          "p50": 1587.9,
          "median": 1587.9,
          "p75": 1720.2,
          "p90": 1755,
          "p95": 1790.4,
          "p99": 1790.4,
          "p999": 1790.4
        },
        "browser.page.FID.https://practice.expandtesting.com/login": {
          "min": 0.4,
          "max": 0.6,
          "count": 12,
          "mean": 0.5,
          "p50": 0.5,
          "median": 0.5,
          "p75": 0.5,
          "p90": 0.5,
          "p95": 0.5,
          "p99": 0.5,
          "p999": 0.5
        },
        "browser.page.FCP.https://practice.expandtesting.com/secure": {
          "min": 883.7,
          "max": 1385.5,
          "count": 15,
          "mean": 1087.3,
          "p50": 1002.4,
          "median": 1002.4,
          "p75": 1153.1,
          "p90": 1249.1,
          "p95": 1300.1,
          "p99": 1300.1,
          "p999": 1300.1
        },
        "browser.page.TTFB.https://practice.expandtesting.com/secure": {
          "min": 1036.9,
          "max": 1036.9,
          "count": 1,
          "mean": 1036.9,
          "p50": 1043.3,
          "median": 1043.3,
          "p75": 1043.3,
          "p90": 1043.3,
          "p95": 1043.3,
          "p99": 1043.3,
          "p999": 1043.3
        }
      }
    }
  ]
}