{
  "aggregate": {
    "counters": {
      "vusers.created_by_name.Login Performance Test": 60,
      "vusers.created": 60,
      "browser.page.codes.200": 2953,
      "browser.http_requests": 3868,
      "browser.page.codes.204": 879,
      "browser.page.codes.302": 131,
      "browser.page.codes.304": 290,
      "vusers.failed": 0,
      "vusers.completed": 60,
      "browser.page.codes.400": 5,
      "browser.page.codes.307": 1
    },
    "rates": {},
    "firstCounterAt": 1745345028520,
    "firstHistogramAt": 1745345029821,
    "lastCounterAt": 1745345064271,
    "lastHistogramAt": 1745345064271,
    "firstMetricAt": 1745345028520,
    "lastMetricAt": 1745345064271,
    "period": 1745345060000,
    "summaries": {
      "browser.page.FCP.https://practice.expandtesting.com/login": {
        "min": 905.3,
        "max": 3986.5,
        "count": 60,
        "mean": 2271.3,
        "p50": 2276.1,
        "median": 2276.1,
        "p75": 2836.2,
        "p90": 3395.5,
        "p95": 3395.5,
        "p99": 3534.1,
        "p999": 3534.1
      },
      "browser.page.TTFB.https://practice.expandtesting.com/login": {
        "min": 364.4,
        "max": 1244.6,
        "count": 60,
        "mean": 701.7,
        "p50": 685.5,
        "median": 685.5,
        "p75": 804.5,
        "p90": 925.4,
        "p95": 1064.4,
        "p99": 1249.1,
        "p999": 1249.1
      },
      "browser.page.LCP.https://practice.expandtesting.com/login": {
        "min": 905.3,
        "max": 3986.5,
        "count": 60,
        "mean": 2271.3,
        "p50": 2276.1,
        "median": 2276.1,
        "p75": 2836.2,
        "p90": 3395.5,
        "p95": 3395.5,
        "p99": 3534.1,
        "p999": 3534.1
      },
      "browser.page.FID.https://practice.expandtesting.com/login": {
        "min": 0.3,
        "max": 2.5,
        "count": 60,
        "mean": 0.5,
        "p50": 0.5,
        "median": 0.5,
        "p75": 0.5,
        "p90": 0.6,
        "p95": 0.6,
        "p99": 0.7,
        "p999": 0.7
      },
      "browser.page.INP.https://practice.expandtesting.com/login": {
        "min": 8,
        "max": 32,
        "count": 60,
        "mean": 16.9,
        "p50": 16,
        "median": 16,
        "p75": 16,
        "p90": 16,
        "p95": 23.8,
        "p99": 32.1,
        "p999": 32.1
      },
      "browser.page.CLS.https://practice.expandtesting.com/login": {
        "min": 0.1,
        "max": 0.3,
        "count": 60,
        "mean": 0.1,
        "p50": 0.1,
        "median": 0.1,
        "p75": 0.1,
        "p90": 0.2,
        "p95": 0.2,
        "p99": 0.2,
        "p999": 0.2
      },
      "browser.page.FCP.https://practice.expandtesting.com/secure": {
        "min": 915.9,
        "max": 2262.1,
        "count": 60,
        "mean": 1335,
        "p50": 1300.1,
        "median": 1300.1,
        "p75": 1436.8,
        "p90": 1587.9,
        "p95": 1790.4,
        "p99": 2143.5,
        "p999": 2143.5
      },
      "vusers.session_length": {
        "min": 4471.3,
        "max": 9724.1,
        "count": 60,
        "mean": 7043.5,
        "p50": 7117,
        "median": 7117,
        "p75": 8024.5,
        "p90": 8692.8,
        "p95": 8868.4,
        "p99": 9047.6,
        "p999": 9047.6
      }
    },
    "histograms": {
      "browser.page.FCP.https://practice.expandtesting.com/login": {
        "min": 905.3,
        "max": 3986.5,
        "count": 60,
        "mean": 2271.3,
        "p50": 2276.1,
        "median": 2276.1,
        "p75": 2836.2,
        "p90": 3395.5,
        "p95": 3395.5,
        "p99": 3534.1,
        "p999": 3534.1
      },
      "browser.page.TTFB.https://practice.expandtesting.com/login": {
        "min": 364.4,
        "max": 1244.6,
        "count": 60,
        "mean": 701.7,
        "p50": 685.5,
        "median": 685.5,
        "p75": 804.5,
        "p90": 925.4,
        "p95": 1064.4,
        "p99": 1249.1,
        "p999": 1249.1
      },
      "browser.page.LCP.https://practice.expandtesting.com/login": {
        "min": 905.3,
        "max": 3986.5,
        "count": 60,
        "mean": 2271.3,
        "p50": 2276.1,
        "median": 2276.1,
        "p75": 2836.2,
        "p90": 3395.5,
        "p95": 3395.5,
        "p99": 3534.1,
        "p999": 3534.1
      },
      "browser.page.FID.https://practice.expandtesting.com/login": {
        "min": 0.3,
        "max": 2.5,
        "count": 60,
        "mean": 0.5,
        "p50": 0.5,
        "median": 0.5,
        "p75": 0.5,
        "p90": 0.6,
        "p95": 0.6,
        "p99": 0.7,
        "p999": 0.7
      },
      "browser.page.INP.https://practice.expandtesting.com/login": {
        "min": 8,
        "max": 32,
        "count": 60,
        "mean": 16.9,
        "p50": 16,
        "median": 16,
        "p75": 16,
        "p90": 16,
        "p95": 23.8,
        "p99": 32.1,
        "p999": 32.1
      },
      "browser.page.CLS.https://practice.expandtesting.com/login": {
        "min": 0.1,
        "max": 0.3,
        "count": 60,
        "mean": 0.1,
        "p50": 0.1,
        "median": 0.1,
        "p75": 0.1,
        "p90": 0.2,
        "p95": 0.2,
        "p99": 0.2,
        "p999": 0.2
      },
      "browser.page.FCP.https://practice.expandtesting.com/secure": {
        "min": 915.9,
        "max": 2262.1,
        "count": 60,
        "mean": 1335,
        "p50": 1300.1,
        "median": 1300.1,
        "p75": 1436.8,
        "p90": 1587.9,
        "p95": 1790.4,
        "p99": 2143.5,
        "p999": 2143.5
      },
      "vusers.session_length": {
        "min": 4471.3,
        "max": 9724.1,
        "count": 60,
        "mean": 7043.5,
        "p50": 7117,
        "median": 7117,
        "p75": 8024.5,
        "p90": 8692.8,
        "p95": 8868.4,
        "p99": 9047.6,
        "p999": 9047.6
      }
    }
  },
  "intermediate": [
    {
      "counters": {
        "vusers.created_by_name.Login Performance Test": 4,
        "vusers.created": 4,
        "browser.page.codes.200": 20,
        "browser.http_requests": 20
      },
      "rates": {},
      "firstCounterAt": 1745345028520,
      "firstHistogramAt": 1745345029821,
      "lastCounterAt": 1745345029990,
      "lastHistogramAt": 1745345029821,
      "firstMetricAt": 1745345028520,
      "lastMetricAt": 1745345029990,
      "period": "1745345020000",
      "summaries": {
        "browser.page.FCP.https://practice.expandtesting.com/login": {
          "min": 905.3,
          "max": 905.4,
          "count": 2,
          "mean": 905.4,
          "p50": 907,
          "median": 907,
          "p75": 907,
          "p90": 907,
          "p95": 907,
          "p99": 907,
          "p999": 907
        }
      },
      "histograms": {
        "browser.page.FCP.https://practice.expandtesting.com/login": {
          "min": 905.3,
          "max": 905.4,
          "count": 2,
          "mean": 905.4,
          "p50": 907,
          "median": 907,
          "p75": 907,
          "p90": 907,
          "p95": 907,
          "p99": 907,
          "p999": 907
        }
      }
    },
    {
      "counters": {
        "browser.page.codes.200": 804,
        "browser.http_requests": 1021,
        "vusers.created_by_name.Login Performance Test": 20,
        "vusers.created": 20,
        "browser.page.codes.204": 218,
        "browser.page.codes.302": 28,
        "browser.page.codes.304": 64,
        "vusers.failed": 0,
        "vusers.completed": 12
      },
      "rates": {},
      "firstCounterAt": 1745345030017,
      "firstHistogramAt": 1745345030686,
      "lastCounterAt": 1745345039999,
      "lastHistogramAt": 1745345039988,
      "firstMetricAt": 1745345030017,
      "lastMetricAt": 1745345039999,
      "period": "1745345030000",
      "summaries": {
        "browser.page.FCP.https://practice.expandtesting.com/login": {
          "min": 1122.9,
          "max": 2325.7,
          "count": 18,
          "mean": 1643,
          "p50": 1465.9,
          "median": 1465.9,
          "p75": 1978.7,
          "p90": 2276.1,
          "p95": 2276.1,
          "p99": 2276.1,
          "p999": 2276.1
        },
        "browser.page.TTFB.https://practice.expandtesting.com/login": {
          "min": 364.4,
          "max": 934,
          "count": 17,
          "mean": 526.7,
          "p50": 487.9,
          "median": 487.9,
          "p75": 620.3,
          "p90": 658.6,
          "p95": 889.1,
          "p99": 889.1,
          "p999": 889.1
        },
        "browser.page.LCP.https://practice.expandtesting.com/login": {
          "min": 905.3,
          "max": 2325.7,
          "count": 15,
          "mean": 1612.7,
          "p50": 1465.9,
          "median": 1465.9,
          "p75": 2018.7,
          "p90": 2276.1,
          "p95": 2276.1,
          "p99": 2276.1,
          "p999": 2276.1
        },
        "browser.page.FID.https://practice.expandtesting.com/login": {
          "min": 0.4,
          "max": 2.5,
          "count": 14,
          "mean": 0.7,
          "p50": 0.5,
          "median": 0.5,
          "p75": 0.6,
          "p90": 0.6,
          "p95": 0.6,
          "p99": 0.6,
          "p999": 0.6
        },
        "browser.page.INP.https://practice.expandtesting.com/login": {
          "min": 16,
          "max": 24,
          "count": 13,
          "mean": 16.6,
          "p50": 16,
          "median": 16,
          "p75": 16,
          "p90": 16,
          "p95": 16,
          "p99": 16,
          "p999": 16
        },
        "browser.page.CLS.https://practice.expandtesting.com/login": {
          "min": 0.1,
          "max": 0.2,
          "count": 13,
          "mean": 0.1,
          "p50": 0.1,
          "median": 0.1,
          "p75": 0.1,
          "p90": 0.1,
          "p95": 0.1,
          "p99": 0.1,
          "p999": 0.1
        },
        "browser.page.FCP.https://practice.expandtesting.com/secure": {
          "min": 1086.9,
          "max": 1475.7,
          "count": 12,
          "mean": 1260.9,
          "p50": 1224.4,
          "median": 1224.4,
          "p75": 1300.1,
          "p90": 1380.5,
          "p95": 1380.5,
          "p99": 1380.5,
          "p999": 1380.5
        },
        "vusers.session_length": {
          "min": 4471.3,
          "max": 6385.9,
          "count": 12,
          "mean": 5557.9,
          "p50": 5598.4,
          "median": 5598.4,
          "p75": 5944.6,
          "p90": 6187.2,
          "p95": 6312.2,
          "p99": 6312.2,
          "p999": 6312.2
        }
      },
      "histograms": {
        "browser.page.FCP.https://practice.expandtesting.com/login": {
          "min": 1122.9,
          "max": 2325.7,
          "count": 18,
          "mean": 1643,
          "p50": 1465.9,
          "median": 1465.9,
          "p75": 1978.7,
          "p90": 2276.1,
          "p95": 2276.1,
          "p99": 2276.1,
          "p999": 2276.1
        },
        "browser.page.TTFB.https://practice.expandtesting.com/login": {
          "min": 364.4,
          "max": 934,
          "count": 17,
          "mean": 526.7,
          "p50": 487.9,
          "median": 487.9,
          "p75": 620.3,
          "p90": 658.6,
          "p95": 889.1,
          "p99": 889.1,
          "p999": 889.1
        },
        "browser.page.LCP.https://practice.expandtesting.com/login": {
          "min": 905.3,
          "max": 2325.7,
          "count": 15,
          "mean": 1612.7,
          "p50": 1465.9,
          "median": 1465.9,
          "p75": 2018.7,
          "p90": 2276.1,
          "p95": 2276.1,
          "p99": 2276.1,
          "p999": 2276.1
        },
        "browser.page.FID.https://practice.expandtesting.com/login": {
          "min": 0.4,
          "max": 2.5,
          "count": 14,
          "mean": 0.7,
          "p50": 0.5,
          "median": 0.5,
          "p75": 0.6,
          "p90": 0.6,
          "p95": 0.6,
          "p99": 0.6,
          "p999": 0.6
        },
        "browser.page.INP.https://practice.expandtesting.com/login": {
          "min": 16,
          "max": 24,
          "count": 13,
          "mean": 16.6,
          "p50": 16,
          "median": 16,
          "p75": 16,
          "p90": 16,
          "p95": 16,
          "p99": 16,
          "p999": 16
        },
        "browser.page.CLS.https://practice.expandtesting.com/login": {
          "min": 0.1,
          "max": 0.2,
          "count": 13,
          "mean": 0.1,
          "p50": 0.1,
          "median": 0.1,
          "p75": 0.1,
          "p90": 0.1,
          "p95": 0.1,
          "p99": 0.1,
          "p999": 0.1
        },
        "browser.page.FCP.https://practice.expandtesting.com/secure": {
          "min": 1086.9,
          "max": 1475.7,
          "count": 12,
          "mean": 1260.9,
          "p50": 1224.4,
          "median": 1224.4,
          "p75": 1300.1,
          "p90": 1380.5,
          "p95": 1380.5,
          "p99": 1380.5,
          "p999": 1380.5
        },
        "vusers.session_length": {
          "min": 4471.3,
          "max": 6385.9,
          "count": 12,
          "mean": 5557.9,
          "p50": 5598.4,
          "median": 5598.4,
          "p75": 5944.6,
          "p90": 6187.2,
          "p95": 6312.2,
          "p99": 6312.2,
          "p999": 6312.2
        }
      }
    },
    {
      "counters": {
        "browser.page.codes.304": 80,
        "browser.http_requests": 1087,
        "browser.page.codes.200": 833,
        "browser.page.codes.204": 236,
        "browser.page.codes.302": 41,
        "vusers.failed": 0,
        "vusers.completed": 17,
        "vusers.created_by_name.Login Performance Test": 20,
        "vusers.created": 20,
        "browser.page.codes.400": 4,
        "browser.page.codes.307": 1
      },
      "rates": {},
      "firstCounterAt": 1745345040014,
      "firstHistogramAt": 1745345040004,
      "lastCounterAt": 1745345049985,
      "lastHistogramAt": 1745345049952,
      "firstMetricAt": 1745345040004,
      "lastMetricAt": 1745345049985,
      "period": "1745345040000",
      "summaries": {
        "browser.page.LCP.https://practice.expandtesting.com/login": {
          "min": 1298,
          "max": 2725.8,
          "count": 15,
          "mean": 1752.5,
          "p50": 1620,
          "median": 1620,
          "p75": 1978.7,
          "p90": 2231,
          "p95": 2231,
          "p99": 2231,
          "p999": 2231
        },
        "browser.page.FID.https://practice.expandtesting.com/login": {
          "min": 0.4,
          "max": 0.6,
          "count": 16,
          "mean": 0.5,
          "p50": 0.5,
          "median": 0.5,
          "p75": 0.5,
          "p90": 0.5,
          "p95": 0.6,
          "p99": 0.6,
          "p999": 0.6
        },
        "browser.page.FCP.https://practice.expandtesting.com/secure": {
          "min": 1046.2,
          "max": 2262.1,
          "count": 18,
          "mean": 1430.4,
          "p50": 1326.4,
          "median": 1326.4,
          "p75": 1556.5,
          "p90": 1790.4,
          "p95": 2143.5,
          "p99": 2143.5,
          "p999": 2143.5
        },
        "browser.page.FCP.https://practice.expandtesting.com/login": {
          "min": 1339.6,
          "max": 3429.8,
          "count": 18,
          "mean": 2327.2,
          "p50": 2231,
          "median": 2231,
          "p75": 2618.1,
          "p90": 3328.3,
          "p95": 3395.5,
          "p99": 3395.5,
          "p999": 3395.5
        },
        "vusers.session_length": {
          "min": 5104.4,
          "max": 8654.1,
          "count": 17,
          "mean": 6471.9,
          "p50": 6064.7,
          "median": 6064.7,
          "p75": 7117,
          "p90": 8024.5,
          "p95": 8186.6,
          "p99": 8186.6,
          "p999": 8186.6
        },
        "browser.page.INP.https://practice.expandtesting.com/login": {
          "min": 8,
          "max": 24,
          "count": 17,
          "mean": 16,
          "p50": 16,
          "median": 16,
          "p75": 16,
          "p90": 16,
          "p95": 16,
          "p99": 16,
          "p999": 16
        },
        "browser.page.CLS.https://practice.expandtesting.com/login": {
          "min": 0.1,
          "max": 0.2,
          "count": 17,
          "mean": 0.1,
          "p50": 0.1,
          "median": 0.1,
          "p75": 0.1,
          "p90": 0.2,
          "p95": 0.2,
          "p99": 0.2,
          "p999": 0.2
        },
        "browser.page.TTFB.https://practice.expandtesting.com/login": {
          "min": 502.7,
          "max": 986.8,
          "count": 15,
          "mean": 670.1,
          "p50": 608,
          "median": 608,
          "p75": 742.6,
          "p90": 804.5,
          "p95": 925.4,
          "p99": 925.4,
          "p999": 925.4
        }
      },
      "histograms": {
        "browser.page.LCP.https://practice.expandtesting.com/login": {
          "min": 1298,
          "max": 2725.8,
          "count": 15,
          "mean": 1752.5,
          "p50": 1620,
          "median": 1620,
          "p75": 1978.7,
          "p90": 2231,
          "p95": 2231,
          "p99": 2231,
          "p999": 2231
        },
        "browser.page.FID.https://practice.expandtesting.com/login": {
          "min": 0.4,
          "max": 0.6,
          "count": 16,
          "mean": 0.5,
          "p50": 0.5,
          "median": 0.5,
          "p75": 0.5,
          "p90": 0.5,
          "p95": 0.6,
          "p99": 0.6,
          "p999": 0.6
        },
        "browser.page.FCP.https://practice.expandtesting.com/secure": {
          "min": 1046.2,
          "max": 2262.1,
          "count": 18,
          "mean": 1430.4,
          "p50": 1326.4,
          "median": 1326.4,
          "p75": 1556.5,
          "p90": 1790.4,
          "p95": 2143.5,
          "p99": 2143.5,
          "p999": 2143.5
        },
        "browser.page.FCP.https://practice.expandtesting.com/login": {
          "min": 1339.6,
          "max": 3429.8,
          "count": 18,
          "mean": 2327.2,
          "p50": 2231,
          "median": 2231,
          "p75": 2618.1,
          "p90": 3328.3,
          "p95": 3395.5,
          "p99": 3395.5,
          "p999": 3395.5
        },
        "vusers.session_length": {
          "min": 5104.4,
          "max": 8654.1,
          "count": 17,
          "mean": 6471.9,
          "p50": 6064.7,
          "median": 6064.7,
          "p75": 7117,
          "p90": 8024.5,
          "p95": 8186.6,
          "p99": 8186.6,
          "p999": 8186.6
        },
        "browser.page.INP.https://practice.expandtesting.com/login": {
          "min": 8,
          "max": 24,
          "count": 17,
          "mean": 16,
          "p50": 16,
          "median": 16,
          "p75": 16,
          "p90": 16,
          "p95": 16,
          "p99": 16,
          "p999": 16
        },
        "browser.page.CLS.https://practice.expandtesting.com/login": {
          "min": 0.1,
          "max": 0.2,
          "count": 17,
          "mean": 0.1,
          "p50": 0.1,
          "median": 0.1,
          "p75": 0.1,
          "p90": 0.2,
          "p95": 0.2,
          "p99": 0.2,
          "p999": 0.2
        },
        "browser.page.TTFB.https://practice.expandtesting.com/login": {
          "min": 502.7,
          "max": 986.8,
          "count": 15,
          "mean": 670.1,
          "p50": 608,
          "median": 608,
          "p75": 742.6,
          "p90": 804.5,
          "p95": 925.4,
          "p99": 925.4,
          "p999": 925.4
        }
      }
    },
    {
      "counters": {
        "browser.page.codes.200": 909,
        "browser.http_requests": 1177,
        "browser.page.codes.204": 279,
        "vusers.failed": 0,
        "vusers.completed": 19,
        "vusers.created_by_name.Login Performance Test": 16,
        "vusers.created": 16,
        "browser.page.codes.302": 38,
        "browser.page.codes.304": 78,
        "browser.page.codes.400": 1
      },
      "rates": {},
      "firstCounterAt": 1745345050053,
      "firstHistogramAt": 1745345050264,
      "lastCounterAt": 1745345059976,
      "lastHistogramAt": 1745345059979,
      "firstMetricAt": 1745345050053,
      "lastMetricAt": 1745345059979,
      "period": "1745345050000",
      "summaries": {
        "vusers.session_length": {
          "min": 6589.2,
          "max": 9117.5,
          "count": 19,
          "mean": 7992.6,
          "p50": 7865.6,
          "median": 7865.6,
          "p75": 8520.7,
          "p90": 8868.4,
          "p95": 8868.4,
          "p99": 8868.4,
          "p999": 8868.4
        },
        "browser.page.TTFB.https://practice.expandtesting.com/login": {
          "min": 575.2,
          "max": 1244.6,
          "count": 20,
          "mean": 812,
          "p50": 804.5,
          "median": 804.5,
          "p75": 837.3,
          "p90": 1022.7,
          "p95": 1176.4,
          "p99": 1176.4,
          "p999": 1176.4
        },
        "browser.page.LCP.https://practice.expandtesting.com/login": {
          "min": 1954.8,
          "max": 3986.5,
          "count": 19,
          "mean": 2962.2,
          "p50": 3072.4,
          "median": 3072.4,
          "p75": 3395.5,
          "p90": 3464.1,
          "p95": 3534.1,
          "p99": 3534.1,
          "p999": 3534.1
        },
        "browser.page.FID.https://practice.expandtesting.com/login": {
          "min": 0.3,
          "max": 0.7,
          "count": 19,
          "mean": 0.5,
          "p50": 0.5,
          "median": 0.5,
          "p75": 0.5,
          "p90": 0.6,
          "p95": 0.6,
          "p99": 0.6,
          "p999": 0.6
        },
        "browser.page.FCP.https://practice.expandtesting.com/login": {
          "min": 1946.9,
          "max": 3986.5,
          "count": 20,
          "mean": 2878.2,
          "p50": 2893.5,
          "median": 2893.5,
          "p75": 3197.8,
          "p90": 3464.1,
          "p95": 3534.1,
          "p99": 3534.1,
          "p999": 3534.1
        },
        "browser.page.INP.https://practice.expandtesting.com/login": {
          "min": 8,
          "max": 32,
          "count": 18,
          "mean": 17.3,
          "p50": 16,
          "median": 16,
          "p75": 16,
          "p90": 16,
          "p95": 32.1,
          "p99": 32.1,
          "p999": 32.1
        },
        "browser.page.CLS.https://practice.expandtesting.com/login": {
          "min": 0.1,
          "max": 0.3,
          "count": 18,
          "mean": 0.1,
          "p50": 0.1,
          "median": 0.1,
          "p75": 0.1,
          "p90": 0.2,
          "p95": 0.2,
          "p99": 0.2,
          "p999": 0.2
        },
        "browser.page.FCP.https://practice.expandtesting.com/secure": {
          "min": 1143,
          "max": 1911.7,
          "count": 18,
          "mean": 1427.2,
          "p50": 1380.5,
          "median": 1380.5,
          "p75": 1495.5,
          "p90": 1686.1,
          "p95": 1755,
          "p99": 1755,
          "p999": 1755
        }
      },
      "histograms": {
        "vusers.session_length": {
          "min": 6589.2,
          "max": 9117.5,
          "count": 19,
          "mean": 7992.6,
          "p50": 7865.6,
          "median": 7865.6,
          "p75": 8520.7,
          "p90": 8868.4,
          "p95": 8868.4,
          "p99": 8868.4,
          "p999": 8868.4
        },
        "browser.page.TTFB.https://practice.expandtesting.com/login": {
          "min": 575.2,
          "max": 1244.6,
          "count": 20,
          "mean": 812,
          "p50": 804.5,
          "median": 804.5,
          "p75": 837.3,
          "p90": 1022.7,
          "p95": 1176.4,
          "p99": 1176.4,
          "p999": 1176.4
        },
        "browser.page.LCP.https://practice.expandtesting.com/login": {
          "min": 1954.8,
          "max": 3986.5,
          "count": 19,
          "mean": 2962.2,
          "p50": 3072.4,
          "median": 3072.4,
          "p75": 3395.5,
          "p90": 3464.1,
          "p95": 3534.1,
          "p99": 3534.1,
          "p999": 3534.1
        },
        "browser.page.FID.https://practice.expandtesting.com/login": {
          "min": 0.3,
          "max": 0.7,
          "count": 19,
          "mean": 0.5,
          "p50": 0.5,
          "median": 0.5,
          "p75": 0.5,
          "p90": 0.6,
          "p95": 0.6,
          "p99": 0.6,
          "p999": 0.6
        },
        "browser.page.FCP.https://practice.expandtesting.com/login": {
          "min": 1946.9,
          "max": 3986.5,
          "count": 20,
          "mean": 2878.2,
          "p50": 2893.5,
          "median": 2893.5,
          "p75": 3197.8,
          "p90": 3464.1,
          "p95": 3534.1,
          "p99": 3534.1,
          "p999": 3534.1
        },
        "browser.page.INP.https://practice.expandtesting.com/login": {
          "min": 8,
          "max": 32,
          "count": 18,
          "mean": 17.3,
          "p50": 16,
          "median": 16,
          "p75": 16,
          "p90": 16,
          "p95": 32.1,
          "p99": 32.1,
          "p999": 32.1
        },
        "browser.page.CLS.https://practice.expandtesting.com/login": {
          "min": 0.1,
          "max": 0.3,
          "count": 18,
          "mean": 0.1,
          "p50": 0.1,
          "median": 0.1,
          "p75": 0.1,
          "p90": 0.2,
          "p95": 0.2,
          "p99": 0.2,
          "p999": 0.2
        },
        "browser.page.FCP.https://practice.expandtesting.com/secure": {
          "min": 1143,
          "max": 1911.7,
          "count": 18,
          "mean": 1427.2,
          "p50": 1380.5,
          "median": 1380.5,
          "p75": 1495.5,
          "p90": 1686.1,
          "p95": 1755,
          "p99": 1755,
          "p999": 1755
        }
      }
    },
    {
      "counters": {
        "browser.page.codes.204": 146,
        "browser.http_requests": 563,
        "browser.page.codes.200": 387,
        "browser.page.codes.302": 24,
        "browser.page.codes.304": 68,
        "vusers.failed": 0,
        "vusers.completed": 12
      },
      "rates": {},
      "firstCounterAt": 1745345060026,
      "firstHistogramAt": 1745345060158,
      "lastCounterAt": 1745345064271,
      "lastHistogramAt": 1745345064271,
      "firstMetricAt": 1745345060026,
      "lastMetricAt": 1745345064271,
      "period": "1745345060000",
      "summaries": {
        "browser.page.LCP.https://practice.expandtesting.com/login": {
          "min": 1946.9,
          "max": 3218,
          "count": 11,
          "mean": 2683.5,
          "p50": 2836.2,
          "median": 2836.2,
          "p75": 2893.5,
          "p90": 2951.9,
          "p95": 2951.9,
          "p99": 2951.9,
          "p999": 2951.9
        },
        "browser.page.FID.https://practice.expandtesting.com/login": {
          "min": 0.3,
          "max": 0.5,
          "count": 11,
          "mean": 0.5,
          "p50": 0.5,
          "median": 0.5,
          "p75": 0.5,
          "p90": 0.5,
          "p95": 0.5,
          "p99": 0.5,
          "p999": 0.5
        },
        "browser.page.FCP.https://practice.expandtesting.com/login": {
          "min": 2624.5,
          "max": 2813.9,
          "count": 2,
          "mean": 2719.2,
          "p50": 2618.1,
          "median": 2618.1,
          "p75": 2618.1,
          "p90": 2618.1,
          "p95": 2618.1,
          "p99": 2618.1,
          "p999": 2618.1
        },
        "browser.page.INP.https://practice.expandtesting.com/login": {
          "min": 16,
          "max": 32,
          "count": 12,
          "mean": 18,
          "p50": 16,
          "median": 16,
          "p75": 16,
          "p90": 16,
          "p95": 23.8,
          "p99": 23.8,
          "p999": 23.8
        },
        "browser.page.CLS.https://practice.expandtesting.com/login": {
          "min": 0.1,
          "max": 0.2,
          "count": 12,
          "mean": 0.1,
          "p50": 0.1,
          "median": 0.1,
          "p75": 0.1,
          "p90": 0.1,
          "p95": 0.1,
          "p99": 0.1,
          "p999": 0.1
        },
        "browser.page.TTFB.https://practice.expandtesting.com/login": {
          "min": 675.8,
          "max": 1239.4,
          "count": 8,
          "mean": 856.7,
          "p50": 757.6,
          "median": 757.6,
          "p75": 854.2,
          "p90": 1064.4,
          "p95": 1064.4,
          "p99": 1064.4,
          "p999": 1064.4
        },
        "browser.page.FCP.https://practice.expandtesting.com/secure": {
          "min": 915.9,
          "max": 1364.7,
          "count": 12,
          "mean": 1127.9,
          "p50": 1130.2,
          "median": 1130.2,
          "p75": 1274.3,
          "p90": 1326.4,
          "p95": 1326.4,
          "p99": 1326.4,
          "p999": 1326.4
        },
        "vusers.session_length": {
          "min": 6301.2,
          "max": 9724.1,
          "count": 12,
          "mean": 7835.9,
          "p50": 7557.1,
          "median": 7557.1,
          "p75": 8520.7,
          "p90": 8520.7,
          "p95": 8692.8,
          "p99": 8692.8,
          "p999": 8692.8
        }
      },
      "histograms": {
        "browser.page.LCP.https://practice.expandtesting.com/login": {
          "min": 1946.9,
          "max": 3218,
          "count": 11,
          "mean": 2683.5,
          "p50": 2836.2,
          "median": 2836.2,
          "p75": 2893.5,
          "p90": 2951.9,
          "p95": 2951.9,
          "p99": 2951.9,
          "p999": 2951.9
        },
        "browser.page.FID.https://practice.expandtesting.com/login": {
          "min": 0.3,
          "max": 0.5,
          "count": 11,
          "mean": 0.5,
          "p50": 0.5,
          "median": 0.5,
          "p75": 0.5,
          "p90": 0.5,
          "p95": 0.5,
          "p99": 0.5,
          "p999": 0.5
        },
        "browser.page.FCP.https://practice.expandtesting.com/login": {
          "min": 2624.5,
          "max": 2813.9,
          "count": 2,
          "mean": 2719.2,
          "p50": 2618.1,
          "median": 2618.1,
          "p75": 2618.1,
          "p90": 2618.1,
          "p95": 2618.1,
          "p99": 2618.1,
          "p999": 2618.1
        },
        "browser.page.INP.https://practice.expandtesting.com/login": {
          "min": 16,
          "max": 32,
          "count": 12,
          "mean": 18,
          "p50": 16,
          "median": 16,
          "p75": 16,
          "p90": 16,
          "p95": 23.8,
          "p99": 23.8,
          "p999": 23.8
        },
        "browser.page.CLS.https://practice.expandtesting.com/login": {
          "min": 0.1,
          "max": 0.2,
          "count": 12,
          "mean": 0.1,
          "p50": 0.1,
          "median": 0.1,
          "p75": 0.1,
          "p90": 0.1,
          "p95": 0.1,
          "p99": 0.1,
          "p999": 0.1
        },
        "browser.page.TTFB.https://practice.expandtesting.com/login": {
          "min": 675.8,
          "max": 1239.4,
          "count": 8,
          "mean": 856.7,
          "p50": 757.6,
          "median": 757.6,
          "p75": 854.2,
          "p90": 1064.4,
          "p95": 1064.4,
          "p99": 1064.4,
          "p999": 1064.4
        },
        "browser.page.FCP.https://practice.expandtesting.com/secure": {
          "min": 915.9,
          "max": 1364.7,
          "count": 12,
          "mean": 1127.9,
          "p50": 1130.2,
          "median": 1130.2,
          "p75": 1274.3,
          "p90": 1326.4,
          "p95": 1326.4,
          "p99": 1326.4,
          "p999": 1326.4
        },
        "vusers.session_length": {
          "min": 6301.2,
          "max": 9724.1,
          "count": 12,
          "mean": 7835.9,
          "p50": 7557.1,
          "median": 7557.1,
          "p75": 8520.7,
          "p90": 8520.7,
          "p95": 8692.8,
          "p99": 8692.8,
          "p999": 8692.8
        }
      }
    }
  ]
}